timestamp,name,tag,region,queue_type,owner,mmr,rank,actual_mmr,actual_rank
2026-04-27T15:40:44,SasimySean,4174,KR,Ranked Flex,Sean,764,,,
2026-04-27T15:40:57,SasimySean,4174,KR,Ranked Flex,Sean,764,,,
2026-04-27T15:40:58,일회용라이타,KR1,KR,Ranked Flex,Sean,754,,,
2026-04-27T15:40:58,떼그라션,4174,KR,Ranked Flex,Sean,919,,,
2026-04-27T15:41:02,펑키왈숙,6117,KR,Ranked Flex,Motaju,633,,,
2026-04-27T15:42:05,SasimySean,4174,KR,Ranked Flex,Sean,764,,,
2026-04-27T15:42:05,일회용라이타,KR1,KR,Ranked Flex,Sean,754,,,
2026-04-27T15:42:06,떼그라션2,4174,KR,Ranked Flex,Sean,724,,,
2026-04-27T15:42:06,떼그라션,4174,KR,Ranked Flex,Sean,919,,,
2026-04-27T15:42:06,떼그라숀,4174,KR,Ranked Flex,Sean,1011,,,
2026-04-27T15:42:07,떼그라대,dani,KR,Ranked Flex,Dani,704,,,
2026-04-27T15:42:07,떼그라월,1234,KR,Ranked Flex,Wallace,721,,,
2026-04-27T15:42:08,떼그라호,0627,KR,Ranked Flex,함팀장님,834,,,
2026-04-27T15:42:08,qwer,a000,KR,Ranked Flex,함팀장님,1300,,,
2026-04-27T15:42:08,거북이,0627,KR,Ranked Flex,함팀장님,938,,,
2026-04-27T15:42:09,떼그라클,k91,KR,Ranked Flex,Michael,771,,,
2026-04-27T15:42:09,펑키왈숙,6117,KR,Ranked Flex,Motaju,633,,,
2026-04-27T15:42:09,떼그라쥬,RTG,KR,Ranked Flex,Motaju,2074,,,
2026-04-27T15:46:15,SasimySean,4174,KR,Ranked Flex,Sean,764,,,
2026-04-27T15:46:15,일회용라이타,KR1,KR,Ranked Flex,Sean,754,,,
2026-04-27T15:46:16,떼그라션2,4174,KR,Ranked Flex,Sean,724,,,
2026-04-27T15:46:16,떼그라션,4174,KR,Ranked Flex,Sean,919,,,
2026-04-27T15:46:16,떼그라숀,4174,KR,Ranked Flex,Sean,1011,,,
2026-04-27T15:46:17,떼그라대,dani,KR,Ranked Flex,Dani,704,,,
2026-04-27T15:46:17,떼그라월,1234,KR,Ranked Flex,Wallace,721,,,
2026-04-27T15:46:18,떼그라호,0627,KR,Ranked Flex,함팀장님,834,,,
2026-04-27T15:46:18,qwer,a000,KR,Ranked Flex,함팀장님,1300,,,
2026-04-27T15:46:18,거북이,0627,KR,Ranked Flex,함팀장님,938,,,
2026-04-27T15:46:19,떼그라클,k91,KR,Ranked Flex,Michael,771,,,
2026-04-27T15:46:19,펑키왈숙,6117,KR,Ranked Flex,Motaju,633,,,
2026-04-27T15:46:19,떼그라쥬,RTG,KR,Ranked Flex,Motaju,2074,,,
2026-04-27T15:53:28,SasimySean,4174,KR,Ranked Flex,Sean,764,,,
2026-04-27T15:53:28,일회용라이타,KR1,KR,Ranked Flex,Sean,754,,,
2026-04-27T15:53:29,떼그라션2,4174,KR,Ranked Flex,Sean,724,,,
2026-04-27T15:53:29,떼그라션,4174,KR,Ranked Flex,Sean,919,,,
2026-04-27T15:53:29,떼그라숀,4174,KR,Ranked Flex,Sean,1011,,,
2026-04-27T15:53:30,떼그라대,dani,KR,Ranked Flex,Dani,704,,,
2026-04-27T15:53:30,떼그라월,1234,KR,Ranked Flex,Wallace,721,,,
2026-04-27T15:53:31,떼그라호,0627,KR,Ranked Flex,함팀장님,834,,,
2026-04-27T15:53:31,qwer,a000,KR,Ranked Flex,함팀장님,1300,,,
2026-04-27T15:53:32,거북이,0627,KR,Ranked Flex,함팀장님,938,,,
2026-04-27T15:53:32,떼그라클,k91,KR,Ranked Flex,Michael,771,,,
2026-04-27T15:53:32,펑키왈숙,6117,KR,Ranked Flex,Motaju,633,,,
2026-04-27T15:53:33,떼그라쥬,RTG,KR,Ranked Flex,Motaju,2074,,,
2026-04-27T16:04:25,SasimySean,4174,KR,Ranked Flex,Sean,764,,,
2026-04-27T16:04:35,일회용라이타,KR1,KR,Ranked Flex,Sean,754,,,
2026-04-27T16:04:46,떼그라션2,4174,KR,Ranked Flex,Sean,724,,,
2026-04-27T16:04:59,떼그라션,4174,KR,Ranked Flex,Sean,919,,,
2026-04-27T16:05:09,떼그라숀,4174,KR,Ranked Flex,Sean,1011,,,
2026-04-27T16:05:16,떼그라대,dani,KR,Ranked Flex,Dani,704,,,
2026-04-27T16:05:23,떼그라월,1234,KR,Ranked Flex,Wallace,721,,,
2026-04-27T16:05:37,떼그라호,0627,KR,Ranked Flex,함팀장님,834,,,
2026-04-27T16:05:44,qwer,a000,KR,Ranked Flex,함팀장님,1300,,,
2026-04-27T16:05:48,거북이,0627,KR,Ranked Flex,함팀장님,938,,,
2026-04-27T16:05:58,떼그라클,k91,KR,Ranked Flex,Michael,771,,,
2026-04-27T16:06:18,펑키왈숙,6117,KR,Ranked Flex,Motaju,633,,,
2026-04-27T16:06:25,떼그라쥬,RTG,KR,Ranked Flex,Motaju,2074,,,
2026-04-27T17:34:35,SasimySean,4174,KR,Ranked Flex,Sean,764,,,
2026-04-27T17:34:52,일회용라이타,KR1,KR,Ranked Flex,Sean,754,,,
2026-04-27T17:34:59,떼그라션2,4174,KR,Ranked Flex,Sean,713,,,
2026-04-27T17:35:02,떼그라션,4174,KR,Ranked Flex,Sean,919,,,
2026-04-27T17:35:39,떼그라대,dani,KR,Ranked Flex,Dani,679,,,
2026-04-27T17:35:46,떼그라월,1234,KR,Ranked Flex,Wallace,694,,,
2026-04-27T17:36:20,qwer,a000,KR,Ranked Flex,함팀장님,1300,,,
2026-04-27T17:36:30,거북이,0627,KR,Ranked Flex,함팀장님,938,,,
2026-04-27T17:36:40,떼그라클,k91,KR,Ranked Flex,Michael,779,,,
2026-04-27T17:36:54,펑키왈숙,6117,KR,Ranked Flex,Motaju,696,,,
2026-04-27T17:37:01,떼그라쥬,RTG,KR,Ranked Flex,Motaju,2074,,,
2026-04-27T18:53:42,SasimySean,4174,KR,Ranked Flex,Sean,764,,,
2026-04-27T18:53:55,일회용라이타,KR1,KR,Ranked Flex,Sean,754,,,
2026-04-27T18:54:06,떼그라션2,4174,KR,Ranked Flex,Sean,873,,,
2026-04-27T18:54:13,떼그라션,4174,KR,Ranked Flex,Sean,919,,,
2026-04-27T18:54:23,떼그라숀,4174,KR,Ranked Flex,Sean,1011,,,
2026-04-27T18:54:30,떼그라대,dani,KR,Ranked Flex,Dani,725,,,
2026-04-27T18:54:40,떼그라월,1234,KR,Ranked Flex,Wallace,889,,,
2026-04-27T18:54:54,떼그라호,0627,KR,Ranked Flex,함팀장님,834,,,
2026-04-27T18:55:01,qwer,a000,KR,Ranked Flex,함팀장님,1300,,,
2026-04-27T18:55:08,거북이,0627,KR,Ranked Flex,함팀장님,938,,,
2026-04-27T18:55:22,떼그라클,k91,KR,Ranked Flex,Michael,725,,,
2026-04-27T18:55:39,펑키왈숙,6117,KR,Ranked Flex,Motaju,857,,,
2026-04-27T18:55:42,떼그라쥬,RTG,KR,Ranked Flex,Motaju,2074,,,
2026-04-27T19:43:46,SasimySean,4174,KR,Ranked Flex,Sean,764,,,
2026-04-27T19:43:53,일회용라이타,KR1,KR,Ranked Flex,Sean,754,,,
2026-04-27T19:44:04,떼그라션2,4174,KR,Ranked Flex,Sean,873,,,
2026-04-27T19:44:11,떼그라션,4174,KR,Ranked Flex,Sean,919,,,
2026-04-27T19:44:21,떼그라숀,4174,KR,Ranked Flex,Sean,1011,,,
2026-04-27T19:44:38,떼그라대,dani,KR,Ranked Flex,Dani,725,,,
2026-04-27T19:44:45,떼그라월,1234,KR,Ranked Flex,Wallace,889,,,
2026-04-27T19:44:55,떼그라호,0627,KR,Ranked Flex,함팀장님,834,,,
2026-04-27T19:45:02,qwer,a000,KR,Ranked Flex,함팀장님,1300,,,
2026-04-27T19:45:19,거북이,0627,KR,Ranked Flex,함팀장님,938,,,
2026-04-27T19:45:33,떼그라클,k91,KR,Ranked Flex,Michael,725,,,
2026-04-27T19:45:43,펑키왈숙,6117,KR,Ranked Flex,Motaju,857,,,
2026-04-27T19:45:50,떼그라쥬,RTG,KR,Ranked Flex,Motaju,2074,,,
2026-04-27T19:55:56,SasimySean,4174,KR,Ranked Flex,Sean,764,Bronze II (14 LP),709,Bronze III (84 LP)
2026-04-27T20:29:59,SasimySean,4174,KR,Ranked Flex,Sean,764,Bronze II (14 LP),709,Bronze III (84 LP)
2026-04-27T20:30:10,일회용라이타,KR1,KR,Ranked Flex,Sean,754,Bronze II (4 LP),583,Bronze IV (83 LP)
2026-04-27T20:30:23,떼그라션2,4174,KR,Ranked Flex,Sean,873,Bronze II (100 LP),523,Bronze IV (23 LP)
2026-04-27T20:30:30,떼그라션,4174,KR,Ranked Flex,Sean,919,Bronze I (44 LP),885,Bronze I (10 LP)
2026-04-27T20:30:37,떼그라숀,4174,KR,Ranked Flex,Sean,1011,Silver IV (11 LP),772,Bronze II (22 LP)
2026-04-27T20:30:44,떼그라대,dani,KR,Ranked Flex,Dani,725,Bronze III (100 LP),504,Bronze IV (4 LP)
2026-04-27T20:30:51,떼그라월,1234,KR,Ranked Flex,Wallace,889,Bronze I (14 LP),569,Bronze IV (69 LP)
2026-04-27T20:31:05,떼그라호,0627,KR,Ranked Flex,함팀장님,834,Bronze II (84 LP),927,Bronze I (52 LP)
2026-04-27T20:31:15,qwer,a000,KR,Ranked Flex,함팀장님,1408,Silver I (33 LP),1659,Gold III (34 LP)
2026-04-27T20:31:22,거북이,0627,KR,Ranked Flex,함팀장님,938,Bronze I (63 LP),691,Bronze III (66 LP)
2026-04-27T20:31:32,떼그라클,k91,KR,Ranked Flex,Michael,725,Bronze III (100 LP),789,Bronze II (39 LP)
2026-04-27T20:31:39,펑키왈숙,6117,KR,Ranked Flex,Motaju,857,Bronze II (100 LP),897,Bronze I (22 LP)
2026-04-27T20:31:53,떼그라쥬,RTG,KR,Ranked Flex,Motaju,2074,Platinum IV (74 LP),1319,Silver II (69 LP)
2026-04-27T20:31:53,SasimySean,4174,KR,Ranked Flex,Sean,764,Bronze II (14 LP),709,Bronze III (84 LP)
2026-04-27T20:31:54,일회용라이타,KR1,KR,Ranked Flex,Sean,754,Bronze II (4 LP),583,Bronze IV (83 LP)
2026-04-27T20:46:36,SasimySean,4174,KR,Ranked Flex,Sean,764,Bronze II (14 LP),709,Bronze III (84 LP)
2026-04-27T20:46:37,일회용라이타,KR1,KR,Ranked Flex,Sean,754,Bronze II (4 LP),583,Bronze IV (83 LP)
2026-04-27T20:46:37,떼그라션2,4174,KR,Ranked Flex,Sean,873,Bronze II (100 LP),523,Bronze IV (23 LP)
2026-04-27T20:46:37,떼그라션,4174,KR,Ranked Flex,Sean,919,Bronze I (44 LP),885,Bronze I (10 LP)
2026-04-27T20:46:38,떼그라숀,4174,KR,Ranked Flex,Sean,1011,Silver IV (11 LP),772,Bronze II (22 LP)
2026-04-27T20:46:38,떼그라대,dani,KR,Ranked Flex,Dani,725,Bronze III (100 LP),504,Bronze IV (4 LP)
2026-04-27T20:46:38,떼그라월,1234,KR,Ranked Flex,Wallace,889,Bronze I (14 LP),569,Bronze IV (69 LP)
2026-04-27T20:46:39,떼그라호,0627,KR,Ranked Flex,함팀장님,834,Bronze II (84 LP),927,Bronze I (52 LP)
2026-04-27T20:46:39,qwer,a000,KR,Ranked Flex,함팀장님,1408,Silver I (33 LP),1659,Gold III (34 LP)
2026-04-27T20:46:40,거북이,0627,KR,Ranked Flex,함팀장님,938,Bronze I (63 LP),691,Bronze III (66 LP)
2026-04-27T20:46:40,떼그라클,k91,KR,Ranked Flex,Michael,725,Bronze III (100 LP),789,Bronze II (39 LP)
2026-04-27T20:46:41,펑키왈숙,6117,KR,Ranked Flex,Motaju,857,Bronze II (100 LP),897,Bronze I (22 LP)
2026-04-27T20:46:41,떼그라쥬,RTG,KR,Ranked Flex,Motaju,2074,Platinum IV (74 LP),1319,Silver II (69 LP)
2026-04-27T20:51:50,SasimySean,4174,KR,Ranked Flex,Sean,764,Bronze II (14 LP),709,Bronze III (84 LP)
2026-04-27T20:51:53,일회용라이타,KR1,KR,Ranked Flex,Sean,758,Bronze II (8 LP),583,Bronze IV (83 LP)
2026-04-27T20:52:04,떼그라션2,4174,KR,Ranked Flex,Sean,873,Bronze II (100 LP),523,Bronze IV (23 LP)
2026-04-27T20:52:07,떼그라션,4174,KR,Ranked Flex,Sean,919,Bronze I (44 LP),885,Bronze I (10 LP)
2026-04-27T20:52:18,떼그라숀,4174,KR,Ranked Flex,Sean,1011,Silver IV (11 LP),772,Bronze II (22 LP)
2026-04-27T20:52:28,떼그라대,dani,KR,Ranked Flex,Dani,725,Bronze III (100 LP),504,Bronze IV (4 LP)
2026-04-27T20:52:32,떼그라월,1234,KR,Ranked Flex,Wallace,889,Bronze I (14 LP),569,Bronze IV (69 LP)
2026-04-27T20:52:42,떼그라호,0627,KR,Ranked Flex,함팀장님,834,Bronze II (84 LP),927,Bronze I (52 LP)
2026-04-27T20:52:53,qwer,a000,KR,Ranked Flex,함팀장님,1408,Silver I (33 LP),1659,Gold III (34 LP)
2026-04-27T20:53:00,거북이,0627,KR,Ranked Flex,함팀장님,938,Bronze I (63 LP),691,Bronze III (66 LP)
2026-04-27T20:53:10,떼그라클,k91,KR,Ranked Flex,Michael,725,Bronze III (100 LP),789,Bronze II (39 LP)
2026-04-27T20:53:43,떼그라쥬,RTG,KR,Ranked Flex,Motaju,2074,Platinum IV (74 LP),1319,Silver II (69 LP)
2026-04-27T20:55:57,SasimySean,4174,KR,Ranked Flex,Sean,764,Bronze II (14 LP),709,Bronze III (84 LP)
2026-04-27T20:56:52,SasimySean,4174,KR,Ranked Flex,Sean,764,Bronze II (14 LP),709,Bronze III (84 LP)
2026-04-27T20:56:52,일회용라이타,KR1,KR,Ranked Flex,Sean,758,Bronze II (8 LP),583,Bronze IV (83 LP)
2026-04-27T20:56:53,떼그라션2,4174,KR,Ranked Flex,Sean,873,Bronze II (100 LP),523,Bronze IV (23 LP)
2026-04-27T20:56:53,떼그라션,4174,KR,Ranked Flex,Sean,919,Bronze I (44 LP),885,Bronze I (10 LP)
2026-04-27T20:56:54,떼그라숀,4174,KR,Ranked Flex,Sean,1011,Silver IV (11 LP),772,Bronze II (22 LP)
2026-04-27T20:56:54,떼그라대,dani,KR,Ranked Flex,Dani,725,Bronze III (100 LP),504,Bronze IV (4 LP)
2026-04-27T20:56:54,떼그라월,1234,KR,Ranked Flex,Wallace,889,Bronze I (14 LP),569,Bronze IV (69 LP)
2026-04-27T20:56:55,떼그라호,0627,KR,Ranked Flex,함팀장님,834,Bronze II (84 LP),927,Bronze I (52 LP)
2026-04-27T20:56:55,qwer,a000,KR,Ranked Flex,함팀장님,1408,Silver I (33 LP),1659,Gold III (34 LP)
2026-04-27T20:56:56,거북이,0627,KR,Ranked Flex,함팀장님,938,Bronze I (63 LP),691,Bronze III (66 LP)
2026-04-27T20:56:56,떼그라클,k91,KR,Ranked Flex,Michael,725,Bronze III (100 LP),789,Bronze II (39 LP)
2026-04-27T20:56:56,펑키왈숙,6117,KR,Ranked Flex,Motaju,857,Bronze II (100 LP),897,Bronze I (22 LP)
2026-04-27T20:56:57,떼그라쥬,RTG,KR,Ranked Flex,Motaju,2074,Platinum IV (74 LP),1319,Silver II (69 LP)
2026-04-28T14:40:53,SasimySean,4174,KR,Ranked Flex,Sean,764,Bronze II (14 LP),709,Bronze III (84 LP)
2026-05-07T14:02:45,SasimySean,4174,KR,Ranked Flex,Sean,959,Bronze I (84 LP),889,Bronze I (14 LP)
2026-05-07T14:02:55,일회용라이타,KR1,KR,Ranked Flex,Sean,972,Bronze I (97 LP),636,Bronze III (11 LP)
2026-05-07T14:02:58,떼그라션2,4174,KR,Ranked Flex,Sean,881,Bronze I (6 LP),571,Bronze IV (71 LP)
2026-05-07T14:03:05,떼그라션,4174,KR,Ranked Flex,Sean,925,Bronze I (50 LP),885,Bronze I (10 LP)
2026-05-07T14:03:11,떼그라숀,4174,KR,Ranked Flex,Sean,1025,Silver IV (25 LP),772,Bronze II (22 LP)
2026-05-07T14:03:24,떼그라대,dani,KR,Ranked Flex,Dani,941,Bronze I (66 LP),560,Bronze IV (60 LP)
2026-05-07T14:03:29,떼그라월,1234,KR,Ranked Flex,Wallace,956,Bronze I (81 LP),648,Bronze III (23 LP)
2026-05-07T14:03:39,떼그라호,0627,KR,Ranked Flex,함팀장님,997,Bronze I (100 LP),1270,Silver II (20 LP)
2026-05-07T14:03:43,qwer,a000,KR,Ranked Flex,함팀장님,1682,Gold III (57 LP),1655,Gold III (30 LP)
2026-05-07T14:03:53,거북이,0627,KR,Ranked Flex,함팀장님,1118,Silver IV (100 LP),704,Bronze III (79 LP)
2026-05-07T14:04:02,떼그라클,k91,KR,Ranked Flex,Michael,800,Bronze II (50 LP),896,Bronze I (21 LP)
2026-05-07T14:04:09,펑키왈숙,6117,KR,Ranked Flex,Motaju,800,Bronze II (50 LP),941,Bronze I (66 LP)
2026-05-07T14:04:16,떼그라쥬,RTG,KR,Ranked Flex,Motaju,2110,Platinum IV (100 LP),1292,Silver II (42 LP)
2026-05-07T15:41:31,SasimySean,4174,KR,Ranked Flex,Sean,951,Bronze I (76 LP),889,Bronze I (14 LP)
2026-05-07T15:41:44,일회용라이타,KR1,KR,Ranked Flex,Sean,972,Bronze I (97 LP),636,Bronze III (11 LP)
2026-05-07T15:41:51,떼그라션2,4174,KR,Ranked Flex,Sean,881,Bronze I (6 LP),571,Bronze IV (71 LP)
2026-05-07T15:41:54,떼그라션,4174,KR,Ranked Flex,Sean,925,Bronze I (50 LP),885,Bronze I (10 LP)
2026-05-07T15:42:04,떼그라숀,4174,KR,Ranked Flex,Sean,1025,Silver IV (25 LP),772,Bronze II (22 LP)
2026-05-07T15:42:14,떼그라대,dani,KR,Ranked Flex,Dani,758,Bronze II (8 LP),556,Bronze IV (56 LP)
2026-05-07T15:42:21,떼그라월,1234,KR,Ranked Flex,Wallace,795,Bronze II (45 LP),648,Bronze III (23 LP)
2026-05-07T15:42:31,떼그라호,0627,KR,Ranked Flex,함팀장님,717,Bronze III (92 LP),1268,Silver II (18 LP)
2026-05-07T15:42:41,qwer,a000,KR,Ranked Flex,함팀장님,1682,Gold III (57 LP),1655,Gold III (30 LP)
2026-05-07T15:42:51,거북이,0627,KR,Ranked Flex,함팀장님,1118,Silver IV (100 LP),704,Bronze III (79 LP)
2026-05-07T15:43:00,떼그라클,k91,KR,Ranked Flex,Michael,758,Bronze II (8 LP),896,Bronze I (21 LP)
2026-05-07T15:43:07,펑키왈숙,6117,KR,Ranked Flex,Motaju,752,Bronze II (2 LP),941,Bronze I (66 LP)
2026-05-07T15:43:17,떼그라쥬,RTG,KR,Ranked Flex,Motaju,2110,Platinum IV (100 LP),1292,Silver II (42 LP)
2026-05-07T16:36:38,SasimySean,4174,KR,Ranked Flex,Sean,959,Bronze I (84 LP),889,Bronze I (14 LP)
2026-05-07T16:36:48,일회용라이타,KR1,KR,Ranked Flex,Sean,972,Bronze I (97 LP),636,Bronze III (11 LP)
2026-05-07T16:36:58,떼그라션2,4174,KR,Ranked Flex,Sean,881,Bronze I (6 LP),571,Bronze IV (71 LP)
2026-05-07T16:37:08,떼그라션,4174,KR,Ranked Flex,Sean,925,Bronze I (50 LP),885,Bronze I (10 LP)
2026-05-07T16:37:15,떼그라숀,4174,KR,Ranked Flex,Sean,1025,Silver IV (25 LP),772,Bronze II (22 LP)
2026-05-07T16:37:21,떼그라대,dani,KR,Ranked Flex,Dani,758,Bronze II (8 LP),556,Bronze IV (56 LP)
2026-05-07T16:37:31,떼그라월,1234,KR,Ranked Flex,Wallace,805,Bronze II (55 LP),648,Bronze III (23 LP)
2026-05-07T16:37:51,떼그라호,0627,KR,Ranked Flex,함팀장님,717,Bronze III (92 LP),1268,Silver II (18 LP)
2026-05-07T16:38:04,qwer,a000,KR,Ranked Flex,함팀장님,1682,Gold III (57 LP),1655,Gold III (30 LP)
2026-05-07T16:38:11,거북이,0627,KR,Ranked Flex,함팀장님,1118,Silver IV (100 LP),704,Bronze III (79 LP)
2026-05-07T16:38:21,떼그라클,k91,KR,Ranked Flex,Michael,758,Bronze II (8 LP),896,Bronze I (21 LP)
2026-05-07T16:38:31,펑키왈숙,6117,KR,Ranked Flex,Motaju,752,Bronze II (2 LP),941,Bronze I (66 LP)
2026-05-07T16:38:44,떼그라쥬,RTG,KR,Ranked Flex,Motaju,2110,Platinum IV (100 LP),1292,Silver II (42 LP)
2026-05-07T16:52:31,SasimySean,4174,KR,Ranked Flex,Sean,959,Bronze I (84 LP),889,Bronze I (14 LP)
2026-05-07T16:52:33,일회용라이타,KR1,KR,Ranked Flex,Sean,972,Bronze I (97 LP),636,Bronze III (11 LP)
2026-05-07T16:52:35,떼그라션2,4174,KR,Ranked Flex,Sean,881,Bronze I (6 LP),571,Bronze IV (71 LP)
2026-05-07T16:52:35,떼그라션,4174,KR,Ranked Flex,Sean,925,Bronze I (50 LP),885,Bronze I (10 LP)
2026-05-07T16:52:36,떼그라숀,4174,KR,Ranked Flex,Sean,1025,Silver IV (25 LP),772,Bronze II (22 LP)
2026-05-07T16:52:40,떼그라대,dani,KR,Ranked Flex,Dani,758,Bronze II (8 LP),556,Bronze IV (56 LP)
2026-05-07T16:52:44,떼그라월,1234,KR,Ranked Flex,Wallace,805,Bronze II (55 LP),648,Bronze III (23 LP)
2026-05-07T16:52:49,떼그라호,0627,KR,Ranked Flex,함팀장님,717,Bronze III (92 LP),1268,Silver II (18 LP)
2026-05-07T16:52:53,qwer,a000,KR,Ranked Flex,함팀장님,1682,Gold III (57 LP),1655,Gold III (30 LP)
2026-05-07T16:52:54,거북이,0627,KR,Ranked Flex,함팀장님,1118,Silver IV (100 LP),704,Bronze III (79 LP)
2026-05-07T16:52:59,떼그라클,k91,KR,Ranked Flex,Michael,758,Bronze II (8 LP),896,Bronze I (21 LP)
2026-05-07T16:53:02,펑키왈숙,6117,KR,Ranked Flex,Motaju,752,Bronze II (2 LP),941,Bronze I (66 LP)
2026-05-07T16:53:05,떼그라쥬,RTG,KR,Ranked Flex,Motaju,2110,Platinum IV (100 LP),1292,Silver II (42 LP)
2026-05-07T22:25:40,SasimySean,4174,KR,Ranked Flex,Sean,959,Bronze I (84 LP),889,Bronze I (14 LP)
2026-05-07T22:26:00,일회용라이타,KR1,KR,Ranked Flex,Sean,982,Bronze I (100 LP),636,Bronze III (11 LP)
2026-05-07T22:26:13,떼그라션2,4174,KR,Ranked Flex,Sean,875,Bronze I (0 LP),571,Bronze IV (71 LP)
2026-05-07T22:26:20,떼그라션,4174,KR,Ranked Flex,Sean,931,Bronze I (56 LP),885,Bronze I (10 LP)
2026-05-07T22:26:29,떼그라숀,4174,KR,Ranked Flex,Sean,1025,Silver IV (25 LP),772,Bronze II (22 LP)
2026-05-07T22:26:39,떼그라대,dani,KR,Ranked Flex,Dani,690,Bronze III (65 LP),534,Bronze IV (34 LP)
2026-05-07T22:26:44,떼그라월,1234,KR,Ranked Flex,Wallace,980,Bronze I (100 LP),582,Bronze IV (82 LP)
2026-05-07T22:27:23,qwer,a000,KR,Ranked Flex,함팀장님,1701,Gold III (76 LP),1655,Gold III (30 LP)
2026-05-07T22:27:30,거북이,0627,KR,Ranked Flex,함팀장님,1118,Silver IV (100 LP),704,Bronze III (79 LP)
2026-05-07T22:27:43,떼그라클,k91,KR,Ranked Flex,Michael,690,Bronze III (65 LP),876,Bronze I (1 LP)
2026-05-07T22:27:59,펑키왈숙,6117,KR,Ranked Flex,Motaju,950,Bronze I (75 LP),897,Bronze I (22 LP)
2026-05-07T22:28:09,떼그라쥬,RTG,KR,Ranked Flex,Motaju,2110,Platinum IV (100 LP),1292,Silver II (42 LP)
2026-05-08T08:14:53,SasimySean,4174,KR,Ranked Flex,Sean,968,Bronze I (93 LP),889,Bronze I (14 LP)
2026-05-08T08:15:03,일회용라이타,KR1,KR,Ranked Flex,Sean,972,Bronze I (97 LP),636,Bronze III (11 LP)
2026-05-08T08:15:13,떼그라션2,4174,KR,Ranked Flex,Sean,869,Bronze II (100 LP),571,Bronze IV (71 LP)
2026-05-08T08:15:19,떼그라션,4174,KR,Ranked Flex,Sean,936,Bronze I (61 LP),885,Bronze I (10 LP)
2026-05-08T08:15:26,떼그라숀,4174,KR,Ranked Flex,Sean,1002,Silver IV (2 LP),772,Bronze II (22 LP)
2026-05-08T08:15:33,떼그라대,dani,KR,Ranked Flex,Dani,680,Bronze III (55 LP),534,Bronze IV (34 LP)
2026-05-08T08:15:46,떼그라월,1234,KR,Ranked Flex,Wallace,980,Bronze I (100 LP),582,Bronze IV (82 LP)
2026-05-08T08:16:25,qwer,a000,KR,Ranked Flex,함팀장님,1701,Gold III (76 LP),1655,Gold III (30 LP)
2026-05-08T08:16:35,거북이,0627,KR,Ranked Flex,함팀장님,1128,Silver III (3 LP),704,Bronze III (79 LP)
2026-05-08T08:16:41,떼그라클,k91,KR,Ranked Flex,Michael,680,Bronze III (55 LP),876,Bronze I (1 LP)
2026-05-08T08:16:48,펑키왈숙,6117,KR,Ranked Flex,Motaju,950,Bronze I (75 LP),897,Bronze I (22 LP)
2026-05-08T08:16:58,떼그라쥬,RTG,KR,Ranked Flex,Motaju,2110,Platinum IV (100 LP),1292,Silver II (42 LP)
2026-05-08T10:54:36,SasimySean,4174,KR,Ranked Flex,Sean,968,Bronze I (93 LP),889,Bronze I (14 LP)
2026-05-08T10:54:46,일회용라이타,KR1,KR,Ranked Flex,Sean,972,Bronze I (97 LP),636,Bronze III (11 LP)
2026-05-08T10:54:53,떼그라션2,4174,KR,Ranked Flex,Sean,869,Bronze II (100 LP),571,Bronze IV (71 LP)
2026-05-08T10:55:03,떼그라션,4174,KR,Ranked Flex,Sean,936,Bronze I (61 LP),885,Bronze I (10 LP)
2026-05-08T10:55:13,떼그라숀,4174,KR,Ranked Flex,Sean,1002,Silver IV (2 LP),772,Bronze II (22 LP)
2026-05-08T10:55:29,떼그라대,dani,KR,Ranked Flex,Dani,680,Bronze III (55 LP),534,Bronze IV (34 LP)
2026-05-08T10:55:35,떼그라월,1234,KR,Ranked Flex,Wallace,980,Bronze I (100 LP),582,Bronze IV (82 LP)
2026-05-08T10:55:49,떼그라호,0627,KR,Ranked Flex,함팀장님,920,Bronze I (45 LP),1199,Silver III (74 LP)
2026-05-08T10:55:55,qwer,a000,KR,Ranked Flex,함팀장님,1701,Gold III (76 LP),1655,Gold III (30 LP)
2026-05-08T10:56:08,거북이,0627,KR,Ranked Flex,함팀장님,1128,Silver III (3 LP),704,Bronze III (79 LP)
2026-05-08T10:56:18,떼그라클,k91,KR,Ranked Flex,Michael,680,Bronze III (55 LP),876,Bronze I (1 LP)
2026-05-08T10:56:25,펑키왈숙,6117,KR,Ranked Flex,Motaju,950,Bronze I (75 LP),897,Bronze I (22 LP)
2026-05-08T10:56:38,떼그라쥬,RTG,KR,Ranked Flex,Motaju,2110,Platinum IV (100 LP),1292,Silver II (42 LP)
2026-05-08T12:25:26,SasimySean,4174,KR,Ranked Flex,Sean,968,Bronze I (93 LP),889,Bronze I (14 LP)
2026-05-08T12:25:36,일회용라이타,KR1,KR,Ranked Flex,Sean,972,Bronze I (97 LP),636,Bronze III (11 LP)
2026-05-08T12:25:46,떼그라션2,4174,KR,Ranked Flex,Sean,869,Bronze II (100 LP),571,Bronze IV (71 LP)
2026-05-08T12:25:56,떼그라션,4174,KR,Ranked Flex,Sean,936,Bronze I (61 LP),885,Bronze I (10 LP)
2026-05-08T12:26:06,떼그라숀,4174,KR,Ranked Flex,Sean,1002,Silver IV (2 LP),772,Bronze II (22 LP)
2026-05-08T12:26:15,떼그라대,dani,KR,Ranked Flex,Dani,680,Bronze III (55 LP),534,Bronze IV (34 LP)
2026-05-08T12:26:22,떼그라월,1234,KR,Ranked Flex,Wallace,980,Bronze I (100 LP),582,Bronze IV (82 LP)
2026-05-08T12:26:35,떼그라호,0627,KR,Ranked Flex,함팀장님,920,Bronze I (45 LP),1199,Silver III (74 LP)
2026-05-08T12:26:45,qwer,a000,KR,Ranked Flex,함팀장님,1701,Gold III (76 LP),1655,Gold III (30 LP)
2026-05-08T12:26:52,거북이,0627,KR,Ranked Flex,함팀장님,1128,Silver III (3 LP),704,Bronze III (79 LP)
2026-05-08T12:26:59,떼그라클,k91,KR,Ranked Flex,Michael,680,Bronze III (55 LP),876,Bronze I (1 LP)
2026-05-08T12:27:06,펑키왈숙,6117,KR,Ranked Flex,Motaju,950,Bronze I (75 LP),897,Bronze I (22 LP)
2026-05-08T12:27:12,떼그라쥬,RTG,KR,Ranked Flex,Motaju,2110,Platinum IV (100 LP),1292,Silver II (42 LP)
2026-05-08T12:54:01,떼그라클,k91,KR,Ranked Flex,Michael,680,Bronze III (55 LP),876,Bronze I (1 LP)
2026-05-08T12:54:16,떼그라대,dani,KR,Ranked Flex,Dani,680,Bronze III (55 LP),534,Bronze IV (34 LP)
2026-05-08T12:54:31,SasimySean,4174,KR,Ranked Flex,Sean,968,Bronze I (93 LP),889,Bronze I (14 LP)
2026-05-08T12:54:37,일회용라이타,KR1,KR,Ranked Flex,Sean,972,Bronze I (97 LP),636,Bronze III (11 LP)
2026-05-08T12:54:50,떼그라션2,4174,KR,Ranked Flex,Sean,869,Bronze II (100 LP),571,Bronze IV (71 LP)
2026-05-08T12:55:00,떼그라션,4174,KR,Ranked Flex,Sean,936,Bronze I (61 LP),885,Bronze I (10 LP)
2026-05-08T12:55:10,떼그라숀,4174,KR,Ranked Flex,Sean,1002,Silver IV (2 LP),772,Bronze II (22 LP)
2026-05-08T12:55:20,떼그라월,1234,KR,Ranked Flex,Wallace,980,Bronze I (100 LP),582,Bronze IV (82 LP)
2026-05-08T12:55:30,떼그라호,0627,KR,Ranked Flex,함팀장님,920,Bronze I (45 LP),1199,Silver III (74 LP)
2026-05-08T12:55:40,qwer,a000,KR,Ranked Flex,함팀장님,1701,Gold III (76 LP),1655,Gold III (30 LP)
2026-05-08T12:55:47,거북이,0627,KR,Ranked Flex,함팀장님,1128,Silver III (3 LP),704,Bronze III (79 LP)
2026-05-08T12:55:54,펑키왈숙,6117,KR,Ranked Flex,Motaju,950,Bronze I (75 LP),897,Bronze I (22 LP)
2026-05-08T12:56:07,떼그라쥬,RTG,KR,Ranked Flex,Motaju,2110,Platinum IV (100 LP),1292,Silver II (42 LP)
2026-05-08T13:09:47,SasimySean,4174,KR,Ranked Flex,Sean,968,Bronze I (93 LP),889,Bronze I (14 LP)
2026-05-08T13:09:48,일회용라이타,KR1,KR,Ranked Flex,Sean,972,Bronze I (97 LP),636,Bronze III (11 LP)
2026-05-08T13:09:50,떼그라션2,4174,KR,Ranked Flex,Sean,869,Bronze II (100 LP),571,Bronze IV (71 LP)
2026-05-08T13:09:50,떼그라션,4174,KR,Ranked Flex,Sean,936,Bronze I (61 LP),885,Bronze I (10 LP)
2026-05-08T13:09:51,떼그라숀,4174,KR,Ranked Flex,Sean,1002,Silver IV (2 LP),772,Bronze II (22 LP)
2026-05-08T13:09:55,떼그라대,dani,KR,Ranked Flex,Dani,680,Bronze III (55 LP),534,Bronze IV (34 LP)
2026-05-08T13:09:59,떼그라월,1234,KR,Ranked Flex,Wallace,980,Bronze I (100 LP),582,Bronze IV (82 LP)
2026-05-08T13:10:04,떼그라호,0627,KR,Ranked Flex,함팀장님,920,Bronze I (45 LP),1199,Silver III (74 LP)
2026-05-08T13:10:09,qwer,a000,KR,Ranked Flex,함팀장님,1701,Gold III (76 LP),1655,Gold III (30 LP)
2026-05-08T13:10:10,거북이,0627,KR,Ranked Flex,함팀장님,1128,Silver III (3 LP),704,Bronze III (79 LP)
2026-05-08T13:10:13,떼그라클,k91,KR,Ranked Flex,Michael,680,Bronze III (55 LP),876,Bronze I (1 LP)
2026-05-08T13:10:16,펑키왈숙,6117,KR,Ranked Flex,Motaju,950,Bronze I (75 LP),897,Bronze I (22 LP)
2026-05-08T13:10:19,떼그라쥬,RTG,KR,Ranked Flex,Motaju,2110,Platinum IV (100 LP),1292,Silver II (42 LP)
2026-05-08T13:50:35,SasimySean,4174,KR,Ranked Flex,Sean,968,Bronze I (93 LP),889,Bronze I (14 LP)
2026-05-08T13:50:42,일회용라이타,KR1,KR,Ranked Flex,Sean,972,Bronze I (97 LP),636,Bronze III (11 LP)
2026-05-08T13:50:48,떼그라션2,4174,KR,Ranked Flex,Sean,869,Bronze II (100 LP),571,Bronze IV (71 LP)
2026-05-08T13:51:01,떼그라션,4174,KR,Ranked Flex,Sean,936,Bronze I (61 LP),885,Bronze I (10 LP)
2026-05-08T13:51:08,떼그라숀,4174,KR,Ranked Flex,Sean,1002,Silver IV (2 LP),772,Bronze II (22 LP)
2026-05-08T13:51:15,떼그라대,dani,KR,Ranked Flex,Dani,810,Bronze II (60 LP),530,Bronze IV (30 LP)
2026-05-08T13:51:31,떼그라월,1234,KR,Ranked Flex,Wallace,980,Bronze I (100 LP),582,Bronze IV (82 LP)
2026-05-08T13:51:48,떼그라호,0627,KR,Ranked Flex,함팀장님,920,Bronze I (45 LP),1199,Silver III (74 LP)
2026-05-08T13:51:57,qwer,a000,KR,Ranked Flex,함팀장님,1701,Gold III (76 LP),1655,Gold III (30 LP)
2026-05-08T13:52:07,거북이,0627,KR,Ranked Flex,함팀장님,1128,Silver III (3 LP),704,Bronze III (79 LP)
2026-05-08T13:52:17,떼그라클,k91,KR,Ranked Flex,Michael,810,Bronze II (60 LP),876,Bronze I (1 LP)
2026-05-08T13:52:21,펑키왈숙,6117,KR,Ranked Flex,Motaju,950,Bronze I (75 LP),897,Bronze I (22 LP)
2026-05-08T13:52:28,떼그라쥬,RTG,KR,Ranked Flex,Motaju,2110,Platinum IV (100 LP),1292,Silver II (42 LP)
2026-05-08T14:24:23,SasimySean,4174,KR,Ranked Flex,Sean,968,Bronze I (93 LP),889,Bronze I (14 LP)
2026-05-08T14:24:33,일회용라이타,KR1,KR,Ranked Flex,Sean,972,Bronze I (97 LP),636,Bronze III (11 LP)
2026-05-08T14:24:36,떼그라션2,4174,KR,Ranked Flex,Sean,869,Bronze II (100 LP),571,Bronze IV (71 LP)
2026-05-08T14:24:49,떼그라션,4174,KR,Ranked Flex,Sean,936,Bronze I (61 LP),885,Bronze I (10 LP)
2026-05-08T14:24:56,떼그라숀,4174,KR,Ranked Flex,Sean,1002,Silver IV (2 LP),772,Bronze II (22 LP)
2026-05-08T14:25:12,떼그라대,dani,KR,Ranked Flex,Dani,888,Bronze I (13 LP),508,Bronze IV (8 LP)
2026-05-08T14:25:19,떼그라월,1234,KR,Ranked Flex,Wallace,980,Bronze I (100 LP),582,Bronze IV (82 LP)
2026-05-08T14:25:35,떼그라호,0627,KR,Ranked Flex,함팀장님,920,Bronze I (45 LP),1199,Silver III (74 LP)
2026-05-08T14:25:45,qwer,a000,KR,Ranked Flex,함팀장님,1701,Gold III (76 LP),1655,Gold III (30 LP)
2026-05-08T14:26:20,떼그라클,k91,KR,Ranked Flex,Michael,888,Bronze I (13 LP),830,Bronze II (80 LP)
2026-05-08T14:26:27,펑키왈숙,6117,KR,Ranked Flex,Motaju,950,Bronze I (75 LP),897,Bronze I (22 LP)
2026-05-08T14:26:40,떼그라쥬,RTG,KR,Ranked Flex,Motaju,2110,Platinum IV (100 LP),1292,Silver II (42 LP)
2026-05-08T14:41:16,SasimySean,4174,KR,Ranked Flex,Sean,968,Bronze I (93 LP),889,Bronze I (14 LP)
2026-05-08T14:41:18,일회용라이타,KR1,KR,Ranked Flex,Sean,972,Bronze I (97 LP),636,Bronze III (11 LP)
2026-05-08T14:41:20,떼그라션2,4174,KR,Ranked Flex,Sean,869,Bronze II (100 LP),571,Bronze IV (71 LP)
2026-05-08T14:41:21,떼그라션,4174,KR,Ranked Flex,Sean,936,Bronze I (61 LP),885,Bronze I (10 LP)
2026-05-08T14:41:22,떼그라숀,4174,KR,Ranked Flex,Sean,1002,Silver IV (2 LP),772,Bronze II (22 LP)
2026-05-08T14:41:25,떼그라대,dani,KR,Ranked Flex,Dani,888,Bronze I (13 LP),508,Bronze IV (8 LP)
2026-05-08T14:41:29,떼그라월,1234,KR,Ranked Flex,Wallace,980,Bronze I (100 LP),582,Bronze IV (82 LP)
2026-05-08T14:41:33,떼그라호,0627,KR,Ranked Flex,함팀장님,920,Bronze I (45 LP),1199,Silver III (74 LP)
2026-05-08T14:41:37,qwer,a000,KR,Ranked Flex,함팀장님,1701,Gold III (76 LP),1655,Gold III (30 LP)
2026-05-08T14:41:37,거북이,0627,KR,Ranked Flex,함팀장님,1128,Silver III (3 LP),704,Bronze III (79 LP)
2026-05-08T14:41:41,떼그라클,k91,KR,Ranked Flex,Michael,888,Bronze I (13 LP),830,Bronze II (80 LP)
2026-05-08T14:41:45,펑키왈숙,6117,KR,Ranked Flex,Motaju,950,Bronze I (75 LP),897,Bronze I (22 LP)
2026-05-08T14:41:48,떼그라쥬,RTG,KR,Ranked Flex,Motaju,2110,Platinum IV (100 LP),1292,Silver II (42 LP)
2026-05-08T16:20:02,SasimySean,4174,KR,Ranked Flex,Sean,968,Bronze I (93 LP),889,Bronze I (14 LP)
2026-05-08T16:20:15,일회용라이타,KR1,KR,Ranked Flex,Sean,972,Bronze I (97 LP),636,Bronze III (11 LP)
2026-05-08T16:20:25,떼그라션2,4174,KR,Ranked Flex,Sean,869,Bronze II (100 LP),571,Bronze IV (71 LP)
2026-05-08T16:20:35,떼그라션,4174,KR,Ranked Flex,Sean,936,Bronze I (61 LP),885,Bronze I (10 LP)
2026-05-08T16:20:41,떼그라숀,4174,KR,Ranked Flex,Sean,1002,Silver IV (2 LP),772,Bronze II (22 LP)
2026-05-08T16:20:51,떼그라대,dani,KR,Ranked Flex,Dani,800,Bronze II (50 LP),504,Bronze IV (4 LP)
2026-05-08T16:21:01,떼그라월,1234,KR,Ranked Flex,Wallace,980,Bronze I (100 LP),582,Bronze IV (82 LP)
2026-05-08T16:21:11,떼그라호,0627,KR,Ranked Flex,함팀장님,920,Bronze I (45 LP),1199,Silver III (74 LP)
2026-05-08T16:21:21,qwer,a000,KR,Ranked Flex,함팀장님,1701,Gold III (76 LP),1655,Gold III (30 LP)
2026-05-08T16:21:31,거북이,0627,KR,Ranked Flex,함팀장님,1139,Silver III (14 LP),704,Bronze III (79 LP)
2026-05-08T16:21:41,떼그라클,k91,KR,Ranked Flex,Michael,800,Bronze II (50 LP),831,Bronze II (81 LP)
2026-05-08T16:21:48,펑키왈숙,6117,KR,Ranked Flex,Motaju,950,Bronze I (75 LP),897,Bronze I (22 LP)
2026-05-08T16:21:54,떼그라쥬,RTG,KR,Ranked Flex,Motaju,2110,Platinum IV (100 LP),1292,Silver II (42 LP)
2026-05-08T16:41:09,SasimySean,4174,KR,Ranked Flex,Sean,968,Bronze I (93 LP),889,Bronze I (14 LP)
2026-05-08T16:41:16,일회용라이타,KR1,KR,Ranked Flex,Sean,972,Bronze I (97 LP),636,Bronze III (11 LP)
2026-05-08T16:41:23,떼그라션2,4174,KR,Ranked Flex,Sean,869,Bronze II (100 LP),571,Bronze IV (71 LP)
2026-05-08T16:41:29,떼그라션,4174,KR,Ranked Flex,Sean,936,Bronze I (61 LP),885,Bronze I (10 LP)
2026-05-08T16:41:36,떼그라숀,4174,KR,Ranked Flex,Sean,1002,Silver IV (2 LP),772,Bronze II (22 LP)
2026-05-08T16:41:43,떼그라대,dani,KR,Ranked Flex,Dani,800,Bronze II (50 LP),504,Bronze IV (4 LP)
2026-05-08T16:41:46,떼그라월,1234,KR,Ranked Flex,Wallace,980,Bronze I (100 LP),582,Bronze IV (82 LP)
2026-05-08T16:41:56,떼그라호,0627,KR,Ranked Flex,함팀장님,920,Bronze I (45 LP),1199,Silver III (74 LP)
2026-05-08T16:42:03,qwer,a000,KR,Ranked Flex,함팀장님,1701,Gold III (76 LP),1655,Gold III (30 LP)
2026-05-08T16:42:16,거북이,0627,KR,Ranked Flex,함팀장님,1139,Silver III (14 LP),704,Bronze III (79 LP)
2026-05-08T16:42:26,떼그라클,k91,KR,Ranked Flex,Michael,800,Bronze II (50 LP),831,Bronze II (81 LP)
2026-05-08T16:42:33,펑키왈숙,6117,KR,Ranked Flex,Motaju,950,Bronze I (75 LP),897,Bronze I (22 LP)
2026-05-08T16:42:42,떼그라쥬,RTG,KR,Ranked Flex,Motaju,2110,Platinum IV (100 LP),1292,Silver II (42 LP)
2026-05-08T17:08:07,SasimySean,4174,KR,Ranked Flex,Sean,968,Bronze I (93 LP),889,Bronze I (14 LP)
2026-05-08T17:08:17,일회용라이타,KR1,KR,Ranked Flex,Sean,972,Bronze I (97 LP),636,Bronze III (11 LP)
2026-05-08T17:08:30,떼그라션2,4174,KR,Ranked Flex,Sean,869,Bronze II (100 LP),571,Bronze IV (71 LP)
2026-05-08T17:08:37,떼그라션,4174,KR,Ranked Flex,Sean,936,Bronze I (61 LP),885,Bronze I (10 LP)
2026-05-08T17:08:46,떼그라숀,4174,KR,Ranked Flex,Sean,1002,Silver IV (2 LP),772,Bronze II (22 LP)
2026-05-08T17:08:56,떼그라대,dani,KR,Ranked Flex,Dani,705,Bronze III (80 LP),500,Bronze IV (0 LP)
2026-05-08T17:09:03,떼그라월,1234,KR,Ranked Flex,Wallace,980,Bronze I (100 LP),582,Bronze IV (82 LP)
2026-05-08T17:09:38,떼그라호,0627,KR,Ranked Flex,함팀장님,920,Bronze I (45 LP),1199,Silver III (74 LP)
2026-05-08T17:09:51,qwer,a000,KR,Ranked Flex,함팀장님,1701,Gold III (76 LP),1655,Gold III (30 LP)
2026-05-08T17:10:08,거북이,0627,KR,Ranked Flex,함팀장님,1139,Silver III (14 LP),704,Bronze III (79 LP)
2026-05-08T17:10:14,떼그라클,k91,KR,Ranked Flex,Michael,705,Bronze III (80 LP),810,Bronze II (60 LP)
2026-05-08T17:10:21,펑키왈숙,6117,KR,Ranked Flex,Motaju,950,Bronze I (75 LP),897,Bronze I (22 LP)
2026-05-08T17:10:40,떼그라쥬,RTG,KR,Ranked Flex,Motaju,2110,Platinum IV (100 LP),1292,Silver II (42 LP)
2026-05-08T17:49:16,SasimySean,4174,KR,Ranked Flex,Sean,968,Bronze I (93 LP),889,Bronze I (14 LP)
2026-05-08T17:49:26,일회용라이타,KR1,KR,Ranked Flex,Sean,972,Bronze I (97 LP),636,Bronze III (11 LP)
2026-05-08T17:49:39,떼그라션2,4174,KR,Ranked Flex,Sean,869,Bronze II (100 LP),571,Bronze IV (71 LP)
2026-05-08T17:49:46,떼그라션,4174,KR,Ranked Flex,Sean,936,Bronze I (61 LP),885,Bronze I (10 LP)
2026-05-08T17:49:56,떼그라숀,4174,KR,Ranked Flex,Sean,1002,Silver IV (2 LP),772,Bronze II (22 LP)
2026-05-08T17:50:02,떼그라대,dani,KR,Ranked Flex,Dani,590,Bronze IV (90 LP),425,Iron I (50 LP)
2026-05-08T17:50:12,떼그라월,1234,KR,Ranked Flex,Wallace,980,Bronze I (100 LP),582,Bronze IV (82 LP)
2026-05-08T17:50:23,떼그라호,0627,KR,Ranked Flex,함팀장님,920,Bronze I (45 LP),1199,Silver III (74 LP)
2026-05-08T17:50:29,qwer,a000,KR,Ranked Flex,함팀장님,1701,Gold III (76 LP),1655,Gold III (30 LP)
2026-05-08T17:50:39,거북이,0627,KR,Ranked Flex,함팀장님,1139,Silver III (14 LP),704,Bronze III (79 LP)
2026-05-08T17:50:52,떼그라클,k91,KR,Ranked Flex,Michael,590,Bronze IV (90 LP),809,Bronze II (59 LP)
2026-05-08T17:51:02,펑키왈숙,6117,KR,Ranked Flex,Motaju,950,Bronze I (75 LP),897,Bronze I (22 LP)
2026-05-08T17:51:12,떼그라쥬,RTG,KR,Ranked Flex,Motaju,2110,Platinum IV (100 LP),1292,Silver II (42 LP)
2026-05-08T18:27:32,SasimySean,4174,KR,Ranked Flex,Sean,968,Bronze I (93 LP),889,Bronze I (14 LP)
2026-05-08T18:27:45,일회용라이타,KR1,KR,Ranked Flex,Sean,972,Bronze I (97 LP),636,Bronze III (11 LP)
2026-05-08T18:27:54,떼그라션2,4174,KR,Ranked Flex,Sean,869,Bronze II (100 LP),571,Bronze IV (71 LP)
2026-05-08T18:28:01,떼그라션,4174,KR,Ranked Flex,Sean,936,Bronze I (61 LP),885,Bronze I (10 LP)
2026-05-08T18:28:33,떼그라대,dani,KR,Ranked Flex,Dani,590,Bronze IV (90 LP),444,Iron I (69 LP)
2026-05-08T18:28:40,떼그라월,1234,KR,Ranked Flex,Wallace,980,Bronze I (100 LP),582,Bronze IV (82 LP)
2026-05-08T18:28:56,떼그라호,0627,KR,Ranked Flex,함팀장님,920,Bronze I (45 LP),1199,Silver III (74 LP)
2026-05-08T18:29:06,qwer,a000,KR,Ranked Flex,함팀장님,1701,Gold III (76 LP),1655,Gold III (30 LP)
2026-05-08T18:29:19,거북이,0627,KR,Ranked Flex,함팀장님,1139,Silver III (14 LP),704,Bronze III (79 LP)
2026-05-08T18:29:30,떼그라클,k91,KR,Ranked Flex,Michael,590,Bronze IV (90 LP),809,Bronze II (59 LP)
2026-05-08T18:29:39,펑키왈숙,6117,KR,Ranked Flex,Motaju,950,Bronze I (75 LP),897,Bronze I (22 LP)
2026-05-08T18:29:49,떼그라쥬,RTG,KR,Ranked Flex,Motaju,2110,Platinum IV (100 LP),1292,Silver II (42 LP)
2026-05-08T20:33:18,SasimySean,4174,KR,Ranked Flex,Sean,964,Bronze I (89 LP),889,Bronze I (14 LP)
2026-05-08T20:33:31,일회용라이타,KR1,KR,Ranked Flex,Sean,972,Bronze I (97 LP),636,Bronze III (11 LP)
2026-05-08T20:33:41,떼그라션2,4174,KR,Ranked Flex,Sean,869,Bronze II (100 LP),571,Bronze IV (71 LP)
2026-05-08T20:33:51,떼그라션,4174,KR,Ranked Flex,Sean,936,Bronze I (61 LP),885,Bronze I (10 LP)
2026-05-08T20:34:01,떼그라숀,4174,KR,Ranked Flex,Sean,1002,Silver IV (2 LP),772,Bronze II (22 LP)
2026-05-08T20:34:07,떼그라대,dani,KR,Ranked Flex,Dani,590,Bronze IV (90 LP),444,Iron I (69 LP)
2026-05-08T20:34:17,떼그라월,1234,KR,Ranked Flex,Wallace,980,Bronze I (100 LP),582,Bronze IV (82 LP)
2026-05-08T20:34:34,떼그라호,0627,KR,Ranked Flex,함팀장님,920,Bronze I (45 LP),1199,Silver III (74 LP)
2026-05-08T20:34:40,qwer,a000,KR,Ranked Flex,함팀장님,1708,Gold III (83 LP),1655,Gold III (30 LP)
2026-05-08T20:34:50,거북이,0627,KR,Ranked Flex,함팀장님,1139,Silver III (14 LP),704,Bronze III (79 LP)
2026-05-08T20:34:57,떼그라클,k91,KR,Ranked Flex,Michael,590,Bronze IV (90 LP),809,Bronze II (59 LP)
2026-05-08T20:35:07,펑키왈숙,6117,KR,Ranked Flex,Motaju,950,Bronze I (75 LP),897,Bronze I (22 LP)
2026-05-08T20:35:13,떼그라쥬,RTG,KR,Ranked Flex,Motaju,2110,Platinum IV (100 LP),1292,Silver II (42 LP)
2026-05-09T03:03:51,SasimySean,4174,KR,Ranked Flex,Sean,955,Bronze I (80 LP),889,Bronze I (14 LP)
2026-05-09T03:04:08,일회용라이타,KR1,KR,Ranked Flex,Sean,972,Bronze I (97 LP),636,Bronze III (11 LP)
2026-05-09T03:04:14,떼그라션2,4174,KR,Ranked Flex,Sean,869,Bronze II (100 LP),571,Bronze IV (71 LP)
2026-05-09T03:04:30,떼그라션,4174,KR,Ranked Flex,Sean,936,Bronze I (61 LP),885,Bronze I (10 LP)
2026-05-09T03:04:40,떼그라숀,4174,KR,Ranked Flex,Sean,1002,Silver IV (2 LP),772,Bronze II (22 LP)
2026-05-09T03:04:50,떼그라대,dani,KR,Ranked Flex,Dani,590,Bronze IV (90 LP),444,Iron I (69 LP)
2026-05-09T03:04:57,떼그라월,1234,KR,Ranked Flex,Wallace,970,Bronze I (95 LP),582,Bronze IV (82 LP)
2026-05-09T03:05:07,떼그라호,0627,KR,Ranked Flex,함팀장님,910,Bronze I (35 LP),1199,Silver III (74 LP)
2026-05-09T03:05:20,qwer,a000,KR,Ranked Flex,함팀장님,1701,Gold III (76 LP),1655,Gold III (30 LP)
2026-05-09T03:05:30,거북이,0627,KR,Ranked Flex,함팀장님,1128,Silver III (3 LP),704,Bronze III (79 LP)
2026-05-09T03:05:37,떼그라클,k91,KR,Ranked Flex,Michael,590,Bronze IV (90 LP),809,Bronze II (59 LP)
2026-05-09T03:05:53,펑키왈숙,6117,KR,Ranked Flex,Motaju,940,Bronze I (65 LP),897,Bronze I (22 LP)
2026-05-09T03:06:06,떼그라쥬,RTG,KR,Ranked Flex,Motaju,2110,Platinum IV (100 LP),1292,Silver II (42 LP)
2026-05-09T09:45:45,qwer,a000,KR,Ranked Flex,함팀장님,1701,Gold III (76 LP),1655,Gold III (30 LP)
2026-05-09T09:46:10,SasimySean,4174,KR,Ranked Flex,Sean,964,Bronze I (89 LP),889,Bronze I (14 LP)
2026-05-09T09:46:17,일회용라이타,KR1,KR,Ranked Flex,Sean,972,Bronze I (97 LP),636,Bronze III (11 LP)
2026-05-09T09:46:27,떼그라션2,4174,KR,Ranked Flex,Sean,869,Bronze II (100 LP),571,Bronze IV (71 LP)
2026-05-09T09:46:33,떼그라션,4174,KR,Ranked Flex,Sean,936,Bronze I (61 LP),885,Bronze I (10 LP)
2026-05-09T09:46:43,떼그라숀,4174,KR,Ranked Flex,Sean,996,Bronze I (100 LP),772,Bronze II (22 LP)
2026-05-09T09:46:53,떼그라대,dani,KR,Ranked Flex,Dani,585,Bronze IV (85 LP),444,Iron I (69 LP)
2026-05-09T09:47:06,떼그라월,1234,KR,Ranked Flex,Wallace,970,Bronze I (95 LP),582,Bronze IV (82 LP)
2026-05-09T09:47:19,떼그라호,0627,KR,Ranked Flex,함팀장님,910,Bronze I (35 LP),1199,Silver III (74 LP)
2026-05-09T09:47:26,거북이,0627,KR,Ranked Flex,함팀장님,1133,Silver III (8 LP),704,Bronze III (79 LP)
2026-05-09T09:47:36,떼그라클,k91,KR,Ranked Flex,Michael,585,Bronze IV (85 LP),809,Bronze II (59 LP)
2026-05-09T09:47:43,펑키왈숙,6117,KR,Ranked Flex,Motaju,940,Bronze I (65 LP),897,Bronze I (22 LP)
2026-05-09T09:47:53,떼그라쥬,RTG,KR,Ranked Flex,Motaju,2110,Platinum IV (100 LP),1292,Silver II (42 LP)
2026-05-09T11:16:29,SasimySean,4174,KR,Ranked Flex,Sean,964,Bronze I (89 LP),889,Bronze I (14 LP)
2026-05-09T11:16:36,일회용라이타,KR1,KR,Ranked Flex,Sean,972,Bronze I (97 LP),636,Bronze III (11 LP)
2026-05-09T11:16:46,떼그라션2,4174,KR,Ranked Flex,Sean,869,Bronze II (100 LP),571,Bronze IV (71 LP)
2026-05-09T11:16:56,떼그라션,4174,KR,Ranked Flex,Sean,936,Bronze I (61 LP),885,Bronze I (10 LP)
2026-05-09T11:17:06,떼그라숀,4174,KR,Ranked Flex,Sean,996,Bronze I (100 LP),772,Bronze II (22 LP)
2026-05-09T11:17:13,떼그라대,dani,KR,Ranked Flex,Dani,585,Bronze IV (85 LP),444,Iron I (69 LP)
2026-05-09T11:17:20,떼그라월,1234,KR,Ranked Flex,Wallace,970,Bronze I (95 LP),582,Bronze IV (82 LP)
2026-05-09T11:17:37,떼그라호,0627,KR,Ranked Flex,함팀장님,1213,Silver III (88 LP),1263,Silver II (13 LP)
2026-05-09T11:17:50,qwer,a000,KR,Ranked Flex,함팀장님,1701,Gold III (76 LP),1655,Gold III (30 LP)
2026-05-09T11:17:54,거북이,0627,KR,Ranked Flex,함팀장님,1133,Silver III (8 LP),704,Bronze III (79 LP)
2026-05-09T11:18:00,떼그라클,k91,KR,Ranked Flex,Michael,585,Bronze IV (85 LP),809,Bronze II (59 LP)
2026-05-09T11:18:10,펑키왈숙,6117,KR,Ranked Flex,Motaju,940,Bronze I (65 LP),897,Bronze I (22 LP)
2026-05-09T11:18:30,떼그라쥬,RTG,KR,Ranked Flex,Motaju,2110,Platinum IV (100 LP),1292,Silver II (42 LP)
2026-05-09T11:54:01,SasimySean,4174,KR,Ranked Flex,Sean,964,Bronze I (89 LP),889,Bronze I (14 LP)
2026-05-09T11:54:05,일회용라이타,KR1,KR,Ranked Flex,Sean,972,Bronze I (97 LP),636,Bronze III (11 LP)
2026-05-09T11:54:12,떼그라션2,4174,KR,Ranked Flex,Sean,875,Bronze I (0 LP),571,Bronze IV (71 LP)
2026-05-09T11:54:16,떼그라션,4174,KR,Ranked Flex,Sean,936,Bronze I (61 LP),885,Bronze I (10 LP)
2026-05-09T11:54:22,떼그라숀,4174,KR,Ranked Flex,Sean,996,Bronze I (100 LP),772,Bronze II (22 LP)
2026-05-09T11:54:36,떼그라대,dani,KR,Ranked Flex,Dani,585,Bronze IV (85 LP),444,Iron I (69 LP)
2026-05-09T11:54:42,떼그라월,1234,KR,Ranked Flex,Wallace,970,Bronze I (95 LP),582,Bronze IV (82 LP)
2026-05-09T11:54:53,떼그라호,0627,KR,Ranked Flex,함팀장님,1537,Gold IV (37 LP),1283,Silver II (33 LP)
2026-05-09T11:55:06,qwer,a000,KR,Ranked Flex,함팀장님,1701,Gold III (76 LP),1655,Gold III (30 LP)
2026-05-09T11:55:13,거북이,0627,KR,Ranked Flex,함팀장님,1133,Silver III (8 LP),704,Bronze III (79 LP)
2026-05-09T11:55:20,떼그라클,k91,KR,Ranked Flex,Michael,585,Bronze IV (85 LP),809,Bronze II (59 LP)
2026-05-09T11:55:26,펑키왈숙,6117,KR,Ranked Flex,Motaju,940,Bronze I (65 LP),897,Bronze I (22 LP)
2026-05-09T11:55:39,떼그라쥬,RTG,KR,Ranked Flex,Motaju,2110,Platinum IV (100 LP),1292,Silver II (42 LP)
2026-05-09T12:45:50,떼그라호,0627,KR,Ranked Flex,함팀장님,1257,Silver II (7 LP),1283,Silver II (33 LP)
2026-05-09T13:29:08,떼그라호,0627,KR,Ranked Flex,함팀장님,1284,Silver II (34 LP),1283,Silver II (33 LP)
2026-05-09T22:24:36,SasimySean,4174,KR,Ranked Flex,Sean,959,Bronze I (84 LP),889,Bronze I (14 LP)
2026-05-09T22:24:37,SasimySean,4174,KR,Ranked Flex,Sean,959,Bronze I (84 LP),889,Bronze I (14 LP)
2026-05-09T22:24:50,일회용라이타,KR1,KR,Ranked Flex,Sean,972,Bronze I (97 LP),636,Bronze III (11 LP)
2026-05-09T22:24:57,떼그라션2,4174,KR,Ranked Flex,Sean,881,Bronze I (6 LP),571,Bronze IV (71 LP)
2026-05-09T22:25:04,떼그라션,4174,KR,Ranked Flex,Sean,936,Bronze I (61 LP),885,Bronze I (10 LP)
2026-05-09T22:25:27,떼그라숀,4174,KR,Ranked Flex,Sean,990,Bronze I (100 LP),772,Bronze II (22 LP)
2026-05-09T22:25:34,떼그라대,dani,KR,Ranked Flex,Dani,590,Bronze IV (90 LP),444,Iron I (69 LP)
2026-05-09T22:25:47,떼그라월,1234,KR,Ranked Flex,Wallace,970,Bronze I (95 LP),582,Bronze IV (82 LP)
2026-05-09T22:26:00,떼그라호,0627,KR,Ranked Flex,함팀장님,1363,Silver II (100 LP),1283,Silver II (33 LP)
2026-05-09T22:26:14,qwer,a000,KR,Ranked Flex,함팀장님,1701,Gold III (76 LP),1655,Gold III (30 LP)
2026-05-09T22:26:33,거북이,0627,KR,Ranked Flex,함팀장님,1128,Silver III (3 LP),704,Bronze III (79 LP)
2026-05-09T22:26:40,떼그라클,k91,KR,Ranked Flex,Michael,590,Bronze IV (90 LP),809,Bronze II (59 LP)
2026-05-09T22:26:50,펑키왈숙,6117,KR,Ranked Flex,Motaju,940,Bronze I (65 LP),897,Bronze I (22 LP)
2026-05-09T22:26:57,떼그라쥬,RTG,KR,Ranked Flex,Motaju,2119,Platinum IV (100 LP),1292,Silver II (42 LP)
2026-05-10T12:44:17,일회용라이타,KR1,KR,Ranked Flex,Sean,972,Bronze I (97 LP),636,Bronze III (11 LP)
2026-05-10T12:44:26,떼그라션2,4174,KR,Ranked Flex,Sean,881,Bronze I (6 LP),571,Bronze IV (71 LP)
2026-05-10T12:44:36,떼그라션,4174,KR,Ranked Flex,Sean,936,Bronze I (61 LP),885,Bronze I (10 LP)
2026-05-10T12:44:43,떼그라숀,4174,KR,Ranked Flex,Sean,990,Bronze I (100 LP),772,Bronze II (22 LP)
2026-05-10T12:44:50,떼그라대,dani,KR,Ranked Flex,Dani,590,Bronze IV (90 LP),444,Iron I (69 LP)
2026-05-10T12:45:00,떼그라월,1234,KR,Ranked Flex,Wallace,970,Bronze I (95 LP),582,Bronze IV (82 LP)
2026-05-10T12:45:10,떼그라호,0627,KR,Ranked Flex,함팀장님,1311,Silver II (61 LP),1216,Silver III (91 LP)
2026-05-10T12:45:46,거북이,0627,KR,Ranked Flex,함팀장님,1139,Silver III (14 LP),704,Bronze III (79 LP)
2026-05-10T12:45:52,떼그라클,k91,KR,Ranked Flex,Michael,590,Bronze IV (90 LP),809,Bronze II (59 LP)
2026-05-10T12:46:09,펑키왈숙,6117,KR,Ranked Flex,Motaju,940,Bronze I (65 LP),897,Bronze I (22 LP)
2026-05-10T12:46:15,떼그라쥬,RTG,KR,Ranked Flex,Motaju,2092,Platinum IV (92 LP),1292,Silver II (42 LP)
2026-05-10T12:59:57,qwer,a000,KR,Ranked Flex,함팀장님,1695,Gold III (70 LP),1655,Gold III (30 LP)
2026-05-10T13:12:02,SasimySean,4174,KR,Ranked Flex,Sean,968,Bronze I (93 LP),889,Bronze I (14 LP)
2026-05-10T21:19:06,SasimySean,4174,KR,Ranked Flex,Sean,964,Bronze I (89 LP),889,Bronze I (14 LP)
2026-05-10T21:19:12,일회용라이타,KR1,KR,Ranked Flex,Sean,972,Bronze I (97 LP),636,Bronze III (11 LP)
2026-05-10T21:19:19,떼그라션2,4174,KR,Ranked Flex,Sean,881,Bronze I (6 LP),571,Bronze IV (71 LP)
2026-05-10T21:19:32,떼그라션,4174,KR,Ranked Flex,Sean,936,Bronze I (61 LP),885,Bronze I (10 LP)
2026-05-10T21:19:49,떼그라숀,4174,KR,Ranked Flex,Sean,990,Bronze I (100 LP),772,Bronze II (22 LP)
2026-05-10T21:19:55,떼그라대,dani,KR,Ranked Flex,Dani,575,Bronze IV (75 LP),444,Iron I (69 LP)
2026-05-10T21:20:02,떼그라월,1234,KR,Ranked Flex,Wallace,975,Bronze I (100 LP),582,Bronze IV (82 LP)
2026-05-10T21:20:12,떼그라호,0627,KR,Ranked Flex,함팀장님,1649,Gold III (24 LP),1216,Silver III (91 LP)
2026-05-10T21:20:25,qwer,a000,KR,Ranked Flex,함팀장님,1688,Gold III (63 LP),1655,Gold III (30 LP)
2026-05-10T21:20:29,거북이,0627,KR,Ranked Flex,함팀장님,1133,Silver III (8 LP),704,Bronze III (79 LP)
2026-05-10T21:20:35,떼그라클,k91,KR,Ranked Flex,Michael,575,Bronze IV (75 LP),809,Bronze II (59 LP)
2026-05-10T21:20:42,펑키왈숙,6117,KR,Ranked Flex,Motaju,945,Bronze I (70 LP),897,Bronze I (22 LP)
2026-05-10T21:20:49,떼그라쥬,RTG,KR,Ranked Flex,Motaju,2101,Platinum IV (100 LP),1292,Silver II (42 LP)
2026-05-11T00:12:59,SasimySean,4174,KR,Ranked Flex,Sean,964,Bronze I (89 LP),889,Bronze I (14 LP)
2026-05-11T00:13:05,일회용라이타,KR1,KR,Ranked Flex,Sean,972,Bronze I (97 LP),636,Bronze III (11 LP)
2026-05-11T00:13:12,떼그라션2,4174,KR,Ranked Flex,Sean,881,Bronze I (6 LP),571,Bronze IV (71 LP)
2026-05-11T00:13:22,떼그라션,4174,KR,Ranked Flex,Sean,936,Bronze I (61 LP),885,Bronze I (10 LP)
2026-05-11T00:13:29,떼그라숀,4174,KR,Ranked Flex,Sean,990,Bronze I (100 LP),772,Bronze II (22 LP)
2026-05-11T00:13:42,떼그라대,dani,KR,Ranked Flex,Dani,575,Bronze IV (75 LP),444,Iron I (69 LP)
2026-05-11T00:13:51,떼그라월,1234,KR,Ranked Flex,Wallace,975,Bronze I (100 LP),582,Bronze IV (82 LP)
2026-05-11T00:14:11,떼그라호,0627,KR,Ranked Flex,함팀장님,1327,Silver II (77 LP),1194,Silver III (69 LP)
2026-05-11T00:14:18,qwer,a000,KR,Ranked Flex,함팀장님,1714,Gold III (89 LP),1655,Gold III (30 LP)
2026-05-11T00:14:28,거북이,0627,KR,Ranked Flex,함팀장님,1133,Silver III (8 LP),704,Bronze III (79 LP)
2026-05-11T00:14:37,떼그라클,k91,KR,Ranked Flex,Michael,575,Bronze IV (75 LP),809,Bronze II (59 LP)
2026-05-11T00:14:44,펑키왈숙,6117,KR,Ranked Flex,Motaju,945,Bronze I (70 LP),897,Bronze I (22 LP)
2026-05-11T00:14:57,떼그라쥬,RTG,KR,Ranked Flex,Motaju,2101,Platinum IV (100 LP),1292,Silver II (42 LP)
2026-05-11T00:47:03,qwer,a000,KR,Ranked Flex,함팀장님,1808,Gold II (58 LP),1692,Gold III (67 LP)
2026-05-11T08:48:19,SasimySean,4174,KR,Ranked Flex,Sean,964,Bronze I (89 LP),889,Bronze I (14 LP)
2026-05-11T08:48:25,일회용라이타,KR1,KR,Ranked Flex,Sean,972,Bronze I (97 LP),636,Bronze III (11 LP)
2026-05-11T08:48:35,떼그라션2,4174,KR,Ranked Flex,Sean,881,Bronze I (6 LP),571,Bronze IV (71 LP)
2026-05-11T08:48:42,떼그라션,4174,KR,Ranked Flex,Sean,936,Bronze I (61 LP),885,Bronze I (10 LP)
2026-05-11T08:48:49,떼그라숀,4174,KR,Ranked Flex,Sean,990,Bronze I (100 LP),772,Bronze II (22 LP)
2026-05-11T08:48:55,떼그라대,dani,KR,Ranked Flex,Dani,575,Bronze IV (75 LP),444,Iron I (69 LP)
2026-05-11T08:49:02,떼그라월,1234,KR,Ranked Flex,Wallace,975,Bronze I (100 LP),582,Bronze IV (82 LP)
2026-05-11T08:49:16,떼그라호,0627,KR,Ranked Flex,함팀장님,1327,Silver II (77 LP),1194,Silver III (69 LP)
2026-05-11T08:49:22,qwer,a000,KR,Ranked Flex,함팀장님,1808,Gold II (58 LP),1692,Gold III (67 LP)
2026-05-11T08:49:32,거북이,0627,KR,Ranked Flex,함팀장님,1133,Silver III (8 LP),704,Bronze III (79 LP)
2026-05-11T08:49:42,떼그라클,k91,KR,Ranked Flex,Michael,575,Bronze IV (75 LP),809,Bronze II (59 LP)
2026-05-11T08:49:52,펑키왈숙,6117,KR,Ranked Flex,Motaju,945,Bronze I (70 LP),897,Bronze I (22 LP)
2026-05-11T08:49:59,떼그라쥬,RTG,KR,Ranked Flex,Motaju,2101,Platinum IV (100 LP),1292,Silver II (42 LP)
2026-05-11T09:54:23,SasimySean,4174,KR,Ranked Flex,Sean,964,Bronze I (89 LP),889,Bronze I (14 LP)
2026-05-11T09:54:26,일회용라이타,KR1,KR,Ranked Flex,Sean,972,Bronze I (97 LP),636,Bronze III (11 LP)
2026-05-11T09:54:36,떼그라션2,4174,KR,Ranked Flex,Sean,881,Bronze I (6 LP),571,Bronze IV (71 LP)
2026-05-11T09:54:46,떼그라션,4174,KR,Ranked Flex,Sean,936,Bronze I (61 LP),885,Bronze I (10 LP)
2026-05-11T09:54:56,떼그라숀,4174,KR,Ranked Flex,Sean,990,Bronze I (100 LP),772,Bronze II (22 LP)
2026-05-11T09:55:06,떼그라대,dani,KR,Ranked Flex,Dani,575,Bronze IV (75 LP),444,Iron I (69 LP)
2026-05-11T09:55:13,떼그라월,1234,KR,Ranked Flex,Wallace,975,Bronze I (100 LP),582,Bronze IV (82 LP)
2026-05-11T09:55:29,떼그라호,0627,KR,Ranked Flex,함팀장님,1327,Silver II (77 LP),1194,Silver III (69 LP)
2026-05-11T09:55:33,qwer,a000,KR,Ranked Flex,함팀장님,1808,Gold II (58 LP),1692,Gold III (67 LP)
2026-05-11T09:55:46,거북이,0627,KR,Ranked Flex,함팀장님,1133,Silver III (8 LP),704,Bronze III (79 LP)
2026-05-11T09:55:53,떼그라클,k91,KR,Ranked Flex,Michael,575,Bronze IV (75 LP),809,Bronze II (59 LP)
2026-05-11T09:56:00,펑키왈숙,6117,KR,Ranked Flex,Motaju,945,Bronze I (70 LP),897,Bronze I (22 LP)
2026-05-11T09:56:06,떼그라쥬,RTG,KR,Ranked Flex,Motaju,2101,Platinum IV (100 LP),1292,Silver II (42 LP)
2026-05-12T12:46:40,SasimySean,4174,KR,Ranked Flex,Sean,964,Bronze I (89 LP),889,Bronze I (14 LP)
2026-05-12T12:46:42,일회용라이타,KR1,KR,Ranked Flex,Sean,972,Bronze I (97 LP),636,Bronze III (11 LP)
2026-05-12T12:46:44,떼그라션2,4174,KR,Ranked Flex,Sean,1121,Silver IV (100 LP),599,Bronze IV (99 LP)
2026-05-12T12:46:45,떼그라션,4174,KR,Ranked Flex,Sean,936,Bronze I (61 LP),885,Bronze I (10 LP)
2026-05-12T12:46:45,떼그라숀,4174,KR,Ranked Flex,Sean,990,Bronze I (100 LP),772,Bronze II (22 LP)
2026-05-12T12:46:50,떼그라대,dani,KR,Ranked Flex,Dani,760,Bronze II (10 LP),500,Bronze IV (0 LP)
2026-05-12T12:46:55,떼그라월,1234,KR,Ranked Flex,Wallace,975,Bronze I (100 LP),582,Bronze IV (82 LP)
2026-05-12T12:46:59,떼그라호,0627,KR,Ranked Flex,함팀장님,1072,Silver IV (72 LP),1191,Silver III (66 LP)
2026-05-12T12:47:03,qwer,a000,KR,Ranked Flex,함팀장님,1576,Gold IV (76 LP),1711,Gold III (86 LP)
2026-05-12T12:47:05,거북이,0627,KR,Ranked Flex,함팀장님,749,Bronze III (100 LP),810,Bronze II (60 LP)
2026-05-12T12:47:13,떼그라클,k91,KR,Ranked Flex,Michael,810,Bronze II (60 LP),829,Bronze II (79 LP)
2026-05-12T12:47:16,펑키왈숙,6117,KR,Ranked Flex,Motaju,1104,Silver IV (100 LP),912,Bronze I (37 LP)
2026-05-12T12:47:18,떼그라쥬,RTG,KR,Ranked Flex,Motaju,2130,Platinum III (5 LP),1342,Silver II (92 LP)
2026-05-12T12:58:17,SasimySean,4174,KR,Ranked Flex,Sean,964,Bronze I (89 LP),889,Bronze I (14 LP)
2026-05-12T12:58:30,일회용라이타,KR1,KR,Ranked Flex,Sean,972,Bronze I (97 LP),636,Bronze III (11 LP)
2026-05-12T12:58:43,떼그라션2,4174,KR,Ranked Flex,Sean,1121,Silver IV (100 LP),599,Bronze IV (99 LP)
2026-05-12T12:58:49,떼그라션,4174,KR,Ranked Flex,Sean,936,Bronze I (61 LP),885,Bronze I (10 LP)
2026-05-12T12:58:56,떼그라숀,4174,KR,Ranked Flex,Sean,990,Bronze I (100 LP),772,Bronze II (22 LP)
2026-05-12T12:59:06,떼그라대,dani,KR,Ranked Flex,Dani,760,Bronze II (10 LP),500,Bronze IV (0 LP)
2026-05-12T12:59:16,떼그라월,1234,KR,Ranked Flex,Wallace,975,Bronze I (100 LP),582,Bronze IV (82 LP)
2026-05-12T12:59:26,떼그라호,0627,KR,Ranked Flex,함팀장님,1072,Silver IV (72 LP),1191,Silver III (66 LP)
2026-05-12T12:59:49,qwer,a000,KR,Ranked Flex,함팀장님,1576,Gold IV (76 LP),1711,Gold III (86 LP)
2026-05-12T12:59:58,거북이,0627,KR,Ranked Flex,함팀장님,743,Bronze III (100 LP),810,Bronze II (60 LP)
2026-05-12T13:00:10,떼그라클,k91,KR,Ranked Flex,Michael,810,Bronze II (60 LP),829,Bronze II (79 LP)
2026-05-12T13:00:14,펑키왈숙,6117,KR,Ranked Flex,Motaju,1104,Silver IV (100 LP),912,Bronze I (37 LP)
2026-05-12T13:00:27,떼그라쥬,RTG,KR,Ranked Flex,Motaju,2130,Platinum III (5 LP),1342,Silver II (92 LP)
2026-05-12T13:21:05,SasimySean,4174,KR,Ranked Flex,Sean,964,Bronze I (89 LP),889,Bronze I (14 LP)
2026-05-12T13:21:18,일회용라이타,KR1,KR,Ranked Flex,Sean,972,Bronze I (97 LP),636,Bronze III (11 LP)
2026-05-12T13:21:28,떼그라션2,4174,KR,Ranked Flex,Sean,1121,Silver IV (100 LP),599,Bronze IV (99 LP)
2026-05-12T13:21:37,떼그라션,4174,KR,Ranked Flex,Sean,936,Bronze I (61 LP),885,Bronze I (10 LP)
2026-05-12T13:21:47,떼그라숀,4174,KR,Ranked Flex,Sean,990,Bronze I (100 LP),772,Bronze II (22 LP)
2026-05-12T13:21:54,떼그라대,dani,KR,Ranked Flex,Dani,760,Bronze II (10 LP),500,Bronze IV (0 LP)
2026-05-12T13:22:01,떼그라월,1234,KR,Ranked Flex,Wallace,975,Bronze I (100 LP),582,Bronze IV (82 LP)
2026-05-12T13:22:11,떼그라호,0627,KR,Ranked Flex,함팀장님,1072,Silver IV (72 LP),1191,Silver III (66 LP)
2026-05-12T13:22:24,qwer,a000,KR,Ranked Flex,함팀장님,1576,Gold IV (76 LP),1711,Gold III (86 LP)
2026-05-12T13:22:34,거북이,0627,KR,Ranked Flex,함팀장님,743,Bronze III (100 LP),810,Bronze II (60 LP)
2026-05-12T13:22:50,떼그라클,k91,KR,Ranked Flex,Michael,810,Bronze II (60 LP),829,Bronze II (79 LP)
2026-05-12T13:23:00,펑키왈숙,6117,KR,Ranked Flex,Motaju,1104,Silver IV (100 LP),912,Bronze I (37 LP)
2026-05-12T13:23:17,떼그라쥬,RTG,KR,Ranked Flex,Motaju,2130,Platinum III (5 LP),1342,Silver II (92 LP)
2026-05-12T15:10:26,SasimySean,4174,KR,Ranked Flex,Sean,964,Bronze I (89 LP),889,Bronze I (14 LP)
2026-05-12T15:10:33,일회용라이타,KR1,KR,Ranked Flex,Sean,972,Bronze I (97 LP),636,Bronze III (11 LP)
2026-05-12T15:10:43,떼그라션2,4174,KR,Ranked Flex,Sean,1121,Silver IV (100 LP),599,Bronze IV (99 LP)
2026-05-12T15:10:53,떼그라션,4174,KR,Ranked Flex,Sean,936,Bronze I (61 LP),885,Bronze I (10 LP)
2026-05-12T15:11:06,떼그라숀,4174,KR,Ranked Flex,Sean,990,Bronze I (100 LP),772,Bronze II (22 LP)
2026-05-12T15:11:16,떼그라대,dani,KR,Ranked Flex,Dani,769,Bronze II (19 LP),468,Iron I (93 LP)
2026-05-12T15:11:25,떼그라월,1234,KR,Ranked Flex,Wallace,785,Bronze II (35 LP),580,Bronze IV (80 LP)
2026-05-12T15:11:39,떼그라호,0627,KR,Ranked Flex,함팀장님,1072,Silver IV (72 LP),1191,Silver III (66 LP)
2026-05-12T15:11:52,qwer,a000,KR,Ranked Flex,함팀장님,1732,Gold III (100 LP),1690,Gold III (65 LP)
2026-05-12T15:12:02,거북이,0627,KR,Ranked Flex,함팀장님,767,Bronze II (17 LP),826,Bronze II (76 LP)
2026-05-12T15:12:12,떼그라클,k91,KR,Ranked Flex,Michael,731,Bronze III (100 LP),829,Bronze II (79 LP)
2026-05-12T15:12:22,펑키왈숙,6117,KR,Ranked Flex,Motaju,1060,Silver IV (60 LP),886,Bronze I (11 LP)
2026-05-12T15:12:32,떼그라쥬,RTG,KR,Ranked Flex,Motaju,2130,Platinum III (5 LP),1342,Silver II (92 LP)
2026-05-12T16:47:20,떼그라클,k91,KR,Ranked Flex,Michael,731,Bronze III (100 LP),829,Bronze II (79 LP)
2026-05-12T17:02:41,SasimySean,4174,KR,Ranked Flex,Sean,964,Bronze I (89 LP),889,Bronze I (14 LP)
2026-05-12T17:02:47,일회용라이타,KR1,KR,Ranked Flex,Sean,972,Bronze I (97 LP),636,Bronze III (11 LP)
2026-05-12T17:02:54,떼그라션2,4174,KR,Ranked Flex,Sean,1121,Silver IV (100 LP),599,Bronze IV (99 LP)
2026-05-12T17:02:58,떼그라션,4174,KR,Ranked Flex,Sean,936,Bronze I (61 LP),885,Bronze I (10 LP)
2026-05-12T17:03:07,떼그라숀,4174,KR,Ranked Flex,Sean,990,Bronze I (100 LP),772,Bronze II (22 LP)
2026-05-12T17:03:24,떼그라대,dani,KR,Ranked Flex,Dani,769,Bronze II (19 LP),468,Iron I (93 LP)
2026-05-12T17:03:33,떼그라월,1234,KR,Ranked Flex,Wallace,785,Bronze II (35 LP),580,Bronze IV (80 LP)
2026-05-12T17:04:19,qwer,a000,KR,Ranked Flex,함팀장님,1743,Gold III (100 LP),1709,Gold III (84 LP)
2026-05-12T17:04:29,거북이,0627,KR,Ranked Flex,함팀장님,767,Bronze II (17 LP),826,Bronze II (76 LP)
2026-05-12T17:04:35,떼그라클,k91,KR,Ranked Flex,Michael,731,Bronze III (100 LP),829,Bronze II (79 LP)
2026-05-12T17:04:42,펑키왈숙,6117,KR,Ranked Flex,Motaju,1060,Silver IV (60 LP),886,Bronze I (11 LP)
2026-05-12T17:04:52,떼그라쥬,RTG,KR,Ranked Flex,Motaju,2130,Platinum III (5 LP),1342,Silver II (92 LP)
2026-05-12T17:39:37,SasimySean,4174,KR,Ranked Flex,Sean,964,Bronze I (89 LP),889,Bronze I (14 LP)
2026-05-12T17:40:16,떼그라션2,4174,KR,Ranked Flex,Sean,1121,Silver IV (100 LP),599,Bronze IV (99 LP)
2026-05-12T17:40:23,떼그라션,4174,KR,Ranked Flex,Sean,936,Bronze I (61 LP),885,Bronze I (10 LP)
2026-05-12T17:40:29,떼그라숀,4174,KR,Ranked Flex,Sean,990,Bronze I (100 LP),772,Bronze II (22 LP)
2026-05-12T17:40:36,떼그라대,dani,KR,Ranked Flex,Dani,769,Bronze II (19 LP),468,Iron I (93 LP)
2026-05-12T17:40:46,떼그라월,1234,KR,Ranked Flex,Wallace,785,Bronze II (35 LP),580,Bronze IV (80 LP)
2026-05-12T17:41:05,떼그라호,0627,KR,Ranked Flex,함팀장님,1072,Silver IV (72 LP),1191,Silver III (66 LP)
2026-05-12T17:41:15,qwer,a000,KR,Ranked Flex,함팀장님,1743,Gold III (100 LP),1709,Gold III (84 LP)
2026-05-12T17:41:22,거북이,0627,KR,Ranked Flex,함팀장님,835,Bronze II (85 LP),880,Bronze I (5 LP)
2026-05-12T17:41:35,떼그라클,k91,KR,Ranked Flex,Michael,791,Bronze II (41 LP),849,Bronze II (99 LP)
2026-05-12T17:41:45,펑키왈숙,6117,KR,Ranked Flex,Motaju,1012,Silver IV (12 LP),926,Bronze I (51 LP)
2026-05-12T17:41:55,떼그라쥬,RTG,KR,Ranked Flex,Motaju,2130,Platinum III (5 LP),1342,Silver II (92 LP)
2026-05-12T17:50:46,SasimySean,4174,KR,Ranked Flex,Sean,964,Bronze I (89 LP),889,Bronze I (14 LP)
2026-05-12T17:50:48,일회용라이타,KR1,KR,Ranked Flex,Sean,972,Bronze I (97 LP),636,Bronze III (11 LP)
2026-05-12T17:50:51,떼그라션2,4174,KR,Ranked Flex,Sean,1121,Silver IV (100 LP),599,Bronze IV (99 LP)
2026-05-12T17:50:51,떼그라션,4174,KR,Ranked Flex,Sean,936,Bronze I (61 LP),885,Bronze I (10 LP)
2026-05-12T17:50:53,떼그라숀,4174,KR,Ranked Flex,Sean,990,Bronze I (100 LP),772,Bronze II (22 LP)
2026-05-12T17:50:57,떼그라대,dani,KR,Ranked Flex,Dani,769,Bronze II (19 LP),468,Iron I (93 LP)
2026-05-12T17:51:47,거북이,0627,KR,Ranked Flex,함팀장님,835,Bronze II (85 LP),880,Bronze I (5 LP)
2026-05-12T17:51:56,펑키왈숙,6117,KR,Ranked Flex,Motaju,1012,Silver IV (12 LP),926,Bronze I (51 LP)
2026-05-12T17:52:05,떼그라클,k91,KR,Ranked Flex,Michael,791,Bronze II (41 LP),849,Bronze II (99 LP)
2026-05-12T17:52:13,떼그라쥬,RTG,KR,Ranked Flex,Motaju,2130,Platinum III (5 LP),1342,Silver II (92 LP)
2026-05-12T17:52:21,떼그라월,1234,KR,Ranked Flex,Wallace,785,Bronze II (35 LP),580,Bronze IV (80 LP)
2026-05-12T17:52:34,떼그라호,0627,KR,Ranked Flex,함팀장님,1072,Silver IV (72 LP),1191,Silver III (66 LP)
2026-05-12T17:52:41,qwer,a000,KR,Ranked Flex,함팀장님,1743,Gold III (100 LP),1709,Gold III (84 LP)
2026-05-12T18:21:50,거북이,0627,KR,Ranked Flex,함팀장님,904,Bronze I (29 LP),844,Bronze II (94 LP)
2026-05-12T18:22:10,펑키왈숙,6117,KR,Ranked Flex,Motaju,906,Bronze I (31 LP),905,Bronze I (30 LP)
2026-05-12T18:22:28,떼그라클,k91,KR,Ranked Flex,Michael,851,Bronze II (100 LP),829,Bronze II (79 LP)
2026-05-12T18:39:45,거북이,0627,KR,Ranked Flex,함팀장님,904,Bronze I (29 LP),844,Bronze II (94 LP)
2026-05-12T18:39:56,펑키왈숙,6117,KR,Ranked Flex,Motaju,906,Bronze I (31 LP),905,Bronze I (30 LP)
2026-05-12T18:40:07,떼그라클,k91,KR,Ranked Flex,Michael,851,Bronze II (100 LP),829,Bronze II (79 LP)
2026-05-12T19:01:20,SasimySean,4174,KR,Ranked Flex,Sean,964,Bronze I (89 LP),889,Bronze I (14 LP)
2026-05-12T19:01:29,일회용라이타,KR1,KR,Ranked Flex,Sean,972,Bronze I (97 LP),636,Bronze III (11 LP)
2026-05-12T19:01:43,떼그라션2,4174,KR,Ranked Flex,Sean,1121,Silver IV (100 LP),599,Bronze IV (99 LP)
2026-05-12T19:01:56,떼그라션,4174,KR,Ranked Flex,Sean,936,Bronze I (61 LP),885,Bronze I (10 LP)
2026-05-12T19:02:12,떼그라숀,4174,KR,Ranked Flex,Sean,990,Bronze I (100 LP),772,Bronze II (22 LP)
2026-05-12T19:02:35,떼그라대,dani,KR,Ranked Flex,Dani,769,Bronze II (19 LP),468,Iron I (93 LP)
2026-05-12T19:02:45,떼그라월,1234,KR,Ranked Flex,Wallace,785,Bronze II (35 LP),580,Bronze IV (80 LP)
2026-05-12T19:02:58,떼그라호,0627,KR,Ranked Flex,함팀장님,1072,Silver IV (72 LP),1191,Silver III (66 LP)
2026-05-12T19:03:05,qwer,a000,KR,Ranked Flex,함팀장님,1743,Gold III (100 LP),1709,Gold III (84 LP)
2026-05-12T19:03:12,거북이,0627,KR,Ranked Flex,함팀장님,1085,Silver IV (85 LP),887,Bronze I (12 LP)
2026-05-12T19:03:25,떼그라클,k91,KR,Ranked Flex,Michael,1014,Silver IV (14 LP),829,Bronze II (79 LP)
2026-05-12T19:03:35,펑키왈숙,6117,KR,Ranked Flex,Motaju,1040,Silver IV (40 LP),924,Bronze I (49 LP)
2026-05-12T19:03:43,떼그라쥬,RTG,KR,Ranked Flex,Motaju,2130,Platinum III (5 LP),1342,Silver II (92 LP)
2026-05-12T19:27:27,거북이,0627,KR,Ranked Flex,함팀장님,1085,Silver IV (85 LP),887,Bronze I (12 LP)
2026-05-12T19:33:38,SasimySean,4174,KR,Ranked Flex,Sean,964,Bronze I (89 LP),889,Bronze I (14 LP)
2026-05-12T19:33:45,일회용라이타,KR1,KR,Ranked Flex,Sean,972,Bronze I (97 LP),636,Bronze III (11 LP)
2026-05-12T19:33:55,떼그라션2,4174,KR,Ranked Flex,Sean,1121,Silver IV (100 LP),599,Bronze IV (99 LP)
2026-05-12T19:34:08,떼그라션,4174,KR,Ranked Flex,Sean,860,Bronze II (100 LP),839,Bronze II (89 LP)
2026-05-12T19:34:11,떼그라숀,4174,KR,Ranked Flex,Sean,990,Bronze I (100 LP),772,Bronze II (22 LP)
2026-05-12T19:34:18,떼그라대,dani,KR,Ranked Flex,Dani,769,Bronze II (19 LP),468,Iron I (93 LP)
2026-05-12T19:34:22,떼그라월,1234,KR,Ranked Flex,Wallace,785,Bronze II (35 LP),580,Bronze IV (80 LP)
2026-05-12T19:34:32,떼그라호,0627,KR,Ranked Flex,함팀장님,1072,Silver IV (72 LP),1191,Silver III (66 LP)
2026-05-12T19:34:39,qwer,a000,KR,Ranked Flex,함팀장님,1743,Gold III (100 LP),1709,Gold III (84 LP)
2026-05-12T19:34:49,떼그라클,k91,KR,Ranked Flex,Michael,1014,Silver IV (14 LP),829,Bronze II (79 LP)
2026-05-12T19:34:55,펑키왈숙,6117,KR,Ranked Flex,Motaju,1000,Silver IV (0 LP),902,Bronze I (27 LP)
2026-05-12T19:35:05,떼그라쥬,RTG,KR,Ranked Flex,Motaju,2130,Platinum III (5 LP),1342,Silver II (92 LP)
2026-05-12T19:59:57,거북이,0627,KR,Ranked Flex,함팀장님,1045,Silver IV (45 LP),876,Bronze I (1 LP)
2026-05-12T20:00:07,떼그라션,4174,KR,Ranked Flex,Sean,860,Bronze II (100 LP),839,Bronze II (89 LP)
2026-05-12T20:02:53,SasimySean,4174,KR,Ranked Flex,Sean,964,Bronze I (89 LP),889,Bronze I (14 LP)
2026-05-12T20:03:00,일회용라이타,KR1,KR,Ranked Flex,Sean,972,Bronze I (97 LP),636,Bronze III (11 LP)
2026-05-12T20:03:10,떼그라션2,4174,KR,Ranked Flex,Sean,1121,Silver IV (100 LP),599,Bronze IV (99 LP)
2026-05-12T20:03:10,떼그라션,4174,KR,Ranked Flex,Sean,860,Bronze II (100 LP),839,Bronze II (89 LP)
2026-05-12T20:03:17,떼그라숀,4174,KR,Ranked Flex,Sean,990,Bronze I (100 LP),772,Bronze II (22 LP)
2026-05-12T20:03:24,떼그라대,dani,KR,Ranked Flex,Dani,769,Bronze II (19 LP),468,Iron I (93 LP)
2026-05-12T20:03:37,떼그라월,1234,KR,Ranked Flex,Wallace,785,Bronze II (35 LP),580,Bronze IV (80 LP)
2026-05-12T20:03:47,떼그라호,0627,KR,Ranked Flex,함팀장님,1072,Silver IV (72 LP),1191,Silver III (66 LP)
2026-05-12T20:03:57,qwer,a000,KR,Ranked Flex,함팀장님,1743,Gold III (100 LP),1709,Gold III (84 LP)
2026-05-12T20:03:58,거북이,0627,KR,Ranked Flex,함팀장님,1045,Silver IV (45 LP),876,Bronze I (1 LP)
2026-05-12T20:04:12,떼그라클,k91,KR,Ranked Flex,Michael,1014,Silver IV (14 LP),829,Bronze II (79 LP)
2026-05-12T20:04:18,펑키왈숙,6117,KR,Ranked Flex,Motaju,1000,Silver IV (0 LP),887,Bronze I (12 LP)
2026-05-12T20:04:28,떼그라쥬,RTG,KR,Ranked Flex,Motaju,2130,Platinum III (5 LP),1342,Silver II (92 LP)
2026-05-12T20:04:35,떼그라떼그라떼그라떼그라떼그라떼,kr12,KR,Ranked Flex,Motaju,770,Bronze II (20 LP),782,Bronze II (32 LP)
2026-05-12T20:48:52,떼그라션,4174,KR,Ranked Flex,Sean,920,Bronze I (45 LP),883,Bronze I (8 LP)
2026-05-12T20:49:04,거북이,0627,KR,Ranked Flex,함팀장님,990,Bronze I (100 LP),905,Bronze I (30 LP)
2026-05-12T20:49:20,떼그라떼그라떼그라떼그라떼그라떼,kr12,KR,Ranked Flex,Motaju,770,Bronze II (20 LP),810,Bronze II (60 LP)
2026-05-12T20:56:17,SasimySean,4174,KR,Ranked Flex,Sean,964,Bronze I (89 LP),889,Bronze I (14 LP)
2026-05-12T20:56:24,일회용라이타,KR1,KR,Ranked Flex,Sean,972,Bronze I (97 LP),636,Bronze III (11 LP)
2026-05-12T20:56:34,떼그라션2,4174,KR,Ranked Flex,Sean,1121,Silver IV (100 LP),599,Bronze IV (99 LP)
2026-05-12T20:56:43,떼그라숀,4174,KR,Ranked Flex,Sean,990,Bronze I (100 LP),772,Bronze II (22 LP)
2026-05-12T20:56:56,떼그라대,dani,KR,Ranked Flex,Dani,769,Bronze II (19 LP),468,Iron I (93 LP)
2026-05-12T20:57:03,떼그라월,1234,KR,Ranked Flex,Wallace,785,Bronze II (35 LP),580,Bronze IV (80 LP)
2026-05-12T20:57:16,떼그라호,0627,KR,Ranked Flex,함팀장님,1072,Silver IV (72 LP),1191,Silver III (66 LP)
2026-05-12T20:57:23,qwer,a000,KR,Ranked Flex,함팀장님,1743,Gold III (100 LP),1709,Gold III (84 LP)
2026-05-12T20:57:40,떼그라클,k91,KR,Ranked Flex,Michael,1014,Silver IV (14 LP),829,Bronze II (79 LP)
2026-05-12T20:57:46,펑키왈숙,6117,KR,Ranked Flex,Motaju,1000,Silver IV (0 LP),887,Bronze I (12 LP)
2026-05-12T20:57:53,떼그라쥬,RTG,KR,Ranked Flex,Motaju,2130,Platinum III (5 LP),1342,Silver II (92 LP)
2026-05-12T21:06:06,떼그라떼그라떼그라떼그라떼그라떼,kr12,KR,Ranked Flex,Motaju,770,Bronze II (20 LP),810,Bronze II (60 LP)
2026-05-12T21:09:52,떼그라떼그라떼그라떼그라떼그라떼,kr12,KR,Ranked Flex,Motaju,763,Bronze II (13 LP),799,Bronze II (49 LP)
2026-05-12T21:26:46,SasimySean,4174,KR,Ranked Flex,Sean,964,Bronze I (89 LP),889,Bronze I (14 LP)
2026-05-12T21:26:56,일회용라이타,KR1,KR,Ranked Flex,Sean,972,Bronze I (97 LP),636,Bronze III (11 LP)
2026-05-12T21:27:09,떼그라션2,4174,KR,Ranked Flex,Sean,1121,Silver IV (100 LP),599,Bronze IV (99 LP)
2026-05-12T21:27:19,떼그라션,4174,KR,Ranked Flex,Sean,876,Bronze I (1 LP),837,Bronze II (87 LP)
2026-05-12T21:27:25,떼그라숀,4174,KR,Ranked Flex,Sean,990,Bronze I (100 LP),772,Bronze II (22 LP)
2026-05-12T21:27:41,떼그라대,dani,KR,Ranked Flex,Dani,769,Bronze II (19 LP),468,Iron I (93 LP)
2026-05-12T21:27:51,떼그라월,1234,KR,Ranked Flex,Wallace,785,Bronze II (35 LP),580,Bronze IV (80 LP)
2026-05-12T21:28:01,떼그라호,0627,KR,Ranked Flex,함팀장님,1072,Silver IV (72 LP),1191,Silver III (66 LP)
2026-05-12T21:28:11,qwer,a000,KR,Ranked Flex,함팀장님,1743,Gold III (100 LP),1709,Gold III (84 LP)
2026-05-12T21:28:21,거북이,0627,KR,Ranked Flex,함팀장님,967,Bronze I (92 LP),894,Bronze I (19 LP)
2026-05-12T21:28:35,떼그라클,k91,KR,Ranked Flex,Michael,1014,Silver IV (14 LP),829,Bronze II (79 LP)
2026-05-12T21:28:41,펑키왈숙,6117,KR,Ranked Flex,Motaju,1000,Silver IV (0 LP),887,Bronze I (12 LP)
2026-05-12T21:28:48,떼그라쥬,RTG,KR,Ranked Flex,Motaju,2130,Platinum III (5 LP),1342,Silver II (92 LP)
2026-05-12T21:28:49,떼그라떼그라떼그라떼그라떼그라떼,kr12,KR,Ranked Flex,Motaju,763,Bronze II (13 LP),799,Bronze II (49 LP)
2026-05-12T22:44:44,SasimySean,4174,KR,Ranked Flex,Sean,964,Bronze I (89 LP),889,Bronze I (14 LP)
2026-05-12T22:44:57,일회용라이타,KR1,KR,Ranked Flex,Sean,972,Bronze I (97 LP),636,Bronze III (11 LP)
2026-05-12T22:45:03,떼그라션2,4174,KR,Ranked Flex,Sean,1121,Silver IV (100 LP),599,Bronze IV (99 LP)
2026-05-12T22:45:13,떼그라션,4174,KR,Ranked Flex,Sean,876,Bronze I (1 LP),837,Bronze II (87 LP)
2026-05-12T22:45:20,떼그라숀,4174,KR,Ranked Flex,Sean,990,Bronze I (100 LP),772,Bronze II (22 LP)
2026-05-12T22:45:27,떼그라대,dani,KR,Ranked Flex,Dani,769,Bronze II (19 LP),468,Iron I (93 LP)
2026-05-12T22:45:33,떼그라월,1234,KR,Ranked Flex,Wallace,785,Bronze II (35 LP),580,Bronze IV (80 LP)
2026-05-12T22:45:47,떼그라호,0627,KR,Ranked Flex,함팀장님,1072,Silver IV (72 LP),1191,Silver III (66 LP)
2026-05-12T22:45:57,qwer,a000,KR,Ranked Flex,함팀장님,1743,Gold III (100 LP),1709,Gold III (84 LP)
2026-05-12T22:46:03,거북이,0627,KR,Ranked Flex,함팀장님,967,Bronze I (92 LP),894,Bronze I (19 LP)
2026-05-12T22:46:17,떼그라클,k91,KR,Ranked Flex,Michael,1014,Silver IV (14 LP),829,Bronze II (79 LP)
2026-05-12T22:46:27,펑키왈숙,6117,KR,Ranked Flex,Motaju,1000,Silver IV (0 LP),887,Bronze I (12 LP)
2026-05-12T22:46:36,떼그라쥬,RTG,KR,Ranked Flex,Motaju,2130,Platinum III (5 LP),1342,Silver II (92 LP)
2026-05-12T22:46:46,떼그라떼그라떼그라떼그라떼그라떼,kr12,KR,Ranked Flex,Motaju,763,Bronze II (13 LP),799,Bronze II (49 LP)
2026-05-13T08:41:12,SasimySean,4174,KR,Ranked Flex,Sean,959,Bronze I (84 LP),889,Bronze I (14 LP)
2026-05-13T08:41:22,일회용라이타,KR1,KR,Ranked Flex,Sean,967,Bronze I (92 LP),636,Bronze III (11 LP)
2026-05-13T08:41:32,떼그라션2,4174,KR,Ranked Flex,Sean,1110,Silver IV (100 LP),599,Bronze IV (99 LP)
2026-05-13T08:41:45,떼그라션,4174,KR,Ranked Flex,Sean,869,Bronze II (100 LP),837,Bronze II (87 LP)
2026-05-13T08:41:55,떼그라숀,4174,KR,Ranked Flex,Sean,979,Bronze I (100 LP),772,Bronze II (22 LP)
2026-05-13T08:42:05,떼그라대,dani,KR,Ranked Flex,Dani,758,Bronze II (8 LP),468,Iron I (93 LP)
2026-05-13T08:42:18,떼그라월,1234,KR,Ranked Flex,Wallace,775,Bronze II (25 LP),580,Bronze IV (80 LP)
2026-05-13T08:42:31,떼그라호,0627,KR,Ranked Flex,함팀장님,1061,Silver IV (61 LP),1191,Silver III (66 LP)
2026-05-13T08:42:38,qwer,a000,KR,Ranked Flex,함팀장님,1743,Gold III (100 LP),1709,Gold III (84 LP)
2026-05-13T08:42:48,거북이,0627,KR,Ranked Flex,함팀장님,958,Bronze I (83 LP),894,Bronze I (19 LP)
2026-05-13T08:43:05,떼그라클,k91,KR,Ranked Flex,Michael,1001,Silver IV (1 LP),829,Bronze II (79 LP)
2026-05-13T08:43:11,펑키왈숙,6117,KR,Ranked Flex,Motaju,1000,Silver IV (0 LP),887,Bronze I (12 LP)
2026-05-13T08:43:18,떼그라쥬,RTG,KR,Ranked Flex,Motaju,2130,Platinum III (5 LP),1342,Silver II (92 LP)
2026-05-13T08:43:25,떼그라떼그라떼그라떼그라떼그라떼,kr12,KR,Ranked Flex,Motaju,763,Bronze II (13 LP),799,Bronze II (49 LP)
2026-05-13T11:49:30,SasimySean,4174,KR,Ranked Flex,Sean,959,Bronze I (84 LP),889,Bronze I (14 LP)
2026-05-13T11:49:40,일회용라이타,KR1,KR,Ranked Flex,Sean,967,Bronze I (92 LP),636,Bronze III (11 LP)
2026-05-13T11:49:47,떼그라션2,4174,KR,Ranked Flex,Sean,1110,Silver IV (100 LP),599,Bronze IV (99 LP)
2026-05-13T11:50:00,떼그라션,4174,KR,Ranked Flex,Sean,869,Bronze II (100 LP),837,Bronze II (87 LP)
2026-05-13T11:50:10,떼그라숀,4174,KR,Ranked Flex,Sean,979,Bronze I (100 LP),772,Bronze II (22 LP)
2026-05-13T11:50:42,떼그라월,1234,KR,Ranked Flex,Wallace,775,Bronze II (25 LP),580,Bronze IV (80 LP)
2026-05-13T11:50:50,떼그라호,0627,KR,Ranked Flex,함팀장님,1061,Silver IV (61 LP),1191,Silver III (66 LP)
2026-05-13T11:50:56,qwer,a000,KR,Ranked Flex,함팀장님,1743,Gold III (100 LP),1709,Gold III (84 LP)
2026-05-13T11:51:06,거북이,0627,KR,Ranked Flex,함팀장님,958,Bronze I (83 LP),894,Bronze I (19 LP)
2026-05-13T11:51:16,떼그라클,k91,KR,Ranked Flex,Michael,1001,Silver IV (1 LP),829,Bronze II (79 LP)
2026-05-13T11:51:23,펑키왈숙,6117,KR,Ranked Flex,Motaju,1000,Silver IV (0 LP),887,Bronze I (12 LP)
2026-05-13T11:51:30,떼그라쥬,RTG,KR,Ranked Flex,Motaju,2130,Platinum III (5 LP),1342,Silver II (92 LP)
2026-05-13T11:52:24,떼그라대,dani,KR,Ranked Flex,Dani,758,Bronze II (8 LP),468,Iron I (93 LP)
2026-05-13T11:52:33,떼그라떼그라떼그라떼그라떼그라떼,kr12,KR,Ranked Flex,Motaju,763,Bronze II (13 LP),799,Bronze II (49 LP)
2026-05-13T12:36:24,SasimySean,4174,KR,Ranked Flex,Sean,959,Bronze I (84 LP),889,Bronze I (14 LP)
2026-05-13T12:36:30,일회용라이타,KR1,KR,Ranked Flex,Sean,967,Bronze I (92 LP),636,Bronze III (11 LP)
2026-05-13T12:36:43,떼그라션2,4174,KR,Ranked Flex,Sean,1110,Silver IV (100 LP),599,Bronze IV (99 LP)
2026-05-13T12:36:53,떼그라션,4174,KR,Ranked Flex,Sean,869,Bronze II (100 LP),837,Bronze II (87 LP)
2026-05-13T12:37:06,떼그라숀,4174,KR,Ranked Flex,Sean,979,Bronze I (100 LP),772,Bronze II (22 LP)
2026-05-13T12:37:16,떼그라대,dani,KR,Ranked Flex,Dani,758,Bronze II (8 LP),468,Iron I (93 LP)
2026-05-13T12:37:26,떼그라월,1234,KR,Ranked Flex,Wallace,775,Bronze II (25 LP),580,Bronze IV (80 LP)
2026-05-13T12:37:36,떼그라호,0627,KR,Ranked Flex,함팀장님,1061,Silver IV (61 LP),1191,Silver III (66 LP)
2026-05-13T12:37:46,qwer,a000,KR,Ranked Flex,함팀장님,1743,Gold III (100 LP),1709,Gold III (84 LP)
2026-05-13T12:37:53,거북이,0627,KR,Ranked Flex,함팀장님,958,Bronze I (83 LP),894,Bronze I (19 LP)
2026-05-13T12:38:10,떼그라클,k91,KR,Ranked Flex,Michael,1001,Silver IV (1 LP),829,Bronze II (79 LP)
2026-05-13T12:38:16,펑키왈숙,6117,KR,Ranked Flex,Motaju,1000,Silver IV (0 LP),887,Bronze I (12 LP)
2026-05-13T12:38:26,떼그라쥬,RTG,KR,Ranked Flex,Motaju,2130,Platinum III (5 LP),1342,Silver II (92 LP)
2026-05-13T12:38:30,떼그라떼그라떼그라떼그라떼그라떼,kr12,KR,Ranked Flex,Motaju,763,Bronze II (13 LP),799,Bronze II (49 LP)
2026-05-13T13:21:01,SasimySean,4174,KR,Ranked Flex,Sean,959,Bronze I (84 LP),889,Bronze I (14 LP)
2026-05-13T13:21:07,일회용라이타,KR1,KR,Ranked Flex,Sean,967,Bronze I (92 LP),636,Bronze III (11 LP)
2026-05-13T13:21:24,떼그라션2,4174,KR,Ranked Flex,Sean,1110,Silver IV (100 LP),599,Bronze IV (99 LP)
2026-05-13T13:21:30,떼그라션,4174,KR,Ranked Flex,Sean,869,Bronze II (100 LP),837,Bronze II (87 LP)
2026-05-13T13:21:37,떼그라숀,4174,KR,Ranked Flex,Sean,979,Bronze I (100 LP),772,Bronze II (22 LP)
2026-05-13T13:21:47,떼그라대,dani,KR,Ranked Flex,Dani,758,Bronze II (8 LP),468,Iron I (93 LP)
2026-05-13T13:21:57,떼그라월,1234,KR,Ranked Flex,Wallace,775,Bronze II (25 LP),626,Bronze III (1 LP)
2026-05-13T13:22:13,떼그라호,0627,KR,Ranked Flex,함팀장님,1061,Silver IV (61 LP),1191,Silver III (66 LP)
2026-05-13T13:22:20,qwer,a000,KR,Ranked Flex,함팀장님,1743,Gold III (100 LP),1709,Gold III (84 LP)
2026-05-13T13:22:27,거북이,0627,KR,Ranked Flex,함팀장님,958,Bronze I (83 LP),894,Bronze I (19 LP)
2026-05-13T13:22:37,떼그라클,k91,KR,Ranked Flex,Michael,915,Bronze I (40 LP),849,Bronze II (99 LP)
2026-05-13T13:22:44,펑키왈숙,6117,KR,Ranked Flex,Motaju,828,Bronze II (78 LP),887,Bronze I (12 LP)
2026-05-13T13:22:54,떼그라쥬,RTG,KR,Ranked Flex,Motaju,2130,Platinum III (5 LP),1342,Silver II (92 LP)
2026-05-13T13:23:03,떼그라떼그라떼그라떼그라떼그라떼,kr12,KR,Ranked Flex,Motaju,763,Bronze II (13 LP),799,Bronze II (49 LP)
2026-05-13T14:04:59,SasimySean,4174,KR,Ranked Flex,Sean,959,Bronze I (84 LP),889,Bronze I (14 LP)
2026-05-13T14:05:12,일회용라이타,KR1,KR,Ranked Flex,Sean,967,Bronze I (92 LP),636,Bronze III (11 LP)
2026-05-13T14:05:21,떼그라션2,4174,KR,Ranked Flex,Sean,1110,Silver IV (100 LP),599,Bronze IV (99 LP)
2026-05-13T14:05:25,떼그라션,4174,KR,Ranked Flex,Sean,777,Bronze II (27 LP),882,Bronze I (7 LP)
2026-05-13T14:05:35,떼그라숀,4174,KR,Ranked Flex,Sean,979,Bronze I (100 LP),772,Bronze II (22 LP)
2026-05-13T14:05:45,떼그라대,dani,KR,Ranked Flex,Dani,698,Bronze III (73 LP),511,Bronze IV (11 LP)
2026-05-13T14:05:52,떼그라월,1234,KR,Ranked Flex,Wallace,681,Bronze III (56 LP),626,Bronze III (1 LP)
2026-05-13T14:06:00,떼그라호,0627,KR,Ranked Flex,함팀장님,1061,Silver IV (61 LP),1191,Silver III (66 LP)
2026-05-13T14:06:07,qwer,a000,KR,Ranked Flex,함팀장님,1743,Gold III (100 LP),1709,Gold III (84 LP)
2026-05-13T14:06:17,거북이,0627,KR,Ranked Flex,함팀장님,958,Bronze I (83 LP),894,Bronze I (19 LP)
2026-05-13T14:07:25,떼그라클,k91,KR,Ranked Flex,Michael,915,Bronze I (40 LP),894,Bronze I (19 LP)
2026-05-13T14:07:32,펑키왈숙,6117,KR,Ranked Flex,Motaju,828,Bronze II (78 LP),925,Bronze I (50 LP)
2026-05-13T14:07:42,떼그라쥬,RTG,KR,Ranked Flex,Motaju,2130,Platinum III (5 LP),1342,Silver II (92 LP)
2026-05-13T14:07:49,떼그라떼그라떼그라떼그라떼그라떼,kr12,KR,Ranked Flex,Motaju,763,Bronze II (13 LP),799,Bronze II (49 LP)
2026-05-13T15:13:27,SasimySean,4174,KR,Ranked Flex,Sean,959,Bronze I (84 LP),889,Bronze I (14 LP)
2026-05-13T15:13:37,일회용라이타,KR1,KR,Ranked Flex,Sean,967,Bronze I (92 LP),636,Bronze III (11 LP)
2026-05-13T15:13:47,떼그라션2,4174,KR,Ranked Flex,Sean,1110,Silver IV (100 LP),599,Bronze IV (99 LP)
2026-05-13T15:13:53,떼그라션,4174,KR,Ranked Flex,Sean,609,Bronze IV (100 LP),902,Bronze I (27 LP)
2026-05-13T15:14:00,떼그라숀,4174,KR,Ranked Flex,Sean,979,Bronze I (100 LP),772,Bronze II (22 LP)
2026-05-13T15:14:10,떼그라대,dani,KR,Ranked Flex,Dani,604,Bronze IV (100 LP),530,Bronze IV (30 LP)
2026-05-13T15:14:20,떼그라월,1234,KR,Ranked Flex,Wallace,586,Bronze IV (86 LP),646,Bronze III (21 LP)
2026-05-13T15:14:30,떼그라호,0627,KR,Ranked Flex,함팀장님,1061,Silver IV (61 LP),1191,Silver III (66 LP)
2026-05-13T15:14:37,qwer,a000,KR,Ranked Flex,함팀장님,1743,Gold III (100 LP),1709,Gold III (84 LP)
2026-05-13T15:14:46,거북이,0627,KR,Ranked Flex,함팀장님,958,Bronze I (83 LP),894,Bronze I (19 LP)
2026-05-13T15:14:57,떼그라클,k91,KR,Ranked Flex,Michael,710,Bronze III (85 LP),894,Bronze I (19 LP)
2026-05-13T15:15:06,펑키왈숙,6117,KR,Ranked Flex,Motaju,664,Bronze III (39 LP),925,Bronze I (50 LP)
2026-05-13T15:15:10,떼그라쥬,RTG,KR,Ranked Flex,Motaju,2130,Platinum III (5 LP),1342,Silver II (92 LP)
2026-05-13T15:15:17,떼그라떼그라떼그라떼그라떼그라떼,kr12,KR,Ranked Flex,Motaju,763,Bronze II (13 LP),799,Bronze II (49 LP)
2026-05-13T15:41:20,SasimySean,4174,KR,Ranked Flex,Sean,959,Bronze I (84 LP),889,Bronze I (14 LP)
2026-05-13T15:41:30,일회용라이타,KR1,KR,Ranked Flex,Sean,967,Bronze I (92 LP),636,Bronze III (11 LP)
2026-05-13T15:41:34,떼그라션2,4174,KR,Ranked Flex,Sean,1110,Silver IV (100 LP),599,Bronze IV (99 LP)
2026-05-13T15:42:09,떼그라숀,4174,KR,Ranked Flex,Sean,979,Bronze I (100 LP),772,Bronze II (22 LP)
2026-05-13T15:42:13,떼그라대,dani,KR,Ranked Flex,Dani,604,Bronze IV (100 LP),549,Bronze IV (49 LP)
2026-05-13T15:42:36,떼그라월,1234,KR,Ranked Flex,Wallace,586,Bronze IV (86 LP),646,Bronze III (21 LP)
2026-05-13T15:42:44,떼그라호,0627,KR,Ranked Flex,함팀장님,1061,Silver IV (61 LP),1191,Silver III (66 LP)
2026-05-13T15:42:50,qwer,a000,KR,Ranked Flex,함팀장님,1743,Gold III (100 LP),1709,Gold III (84 LP)
2026-05-13T15:42:57,거북이,0627,KR,Ranked Flex,함팀장님,836,Bronze II (86 LP),894,Bronze I (19 LP)
2026-05-13T15:43:07,떼그라클,k91,KR,Ranked Flex,Michael,581,Bronze IV (81 LP),894,Bronze I (19 LP)
2026-05-13T15:43:14,펑키왈숙,6117,KR,Ranked Flex,Motaju,664,Bronze III (39 LP),925,Bronze I (50 LP)
2026-05-13T15:43:20,떼그라쥬,RTG,KR,Ranked Flex,Motaju,2130,Platinum III (5 LP),1342,Silver II (92 LP)
2026-05-13T15:43:30,떼그라떼그라떼그라떼그라떼그라떼,kr12,KR,Ranked Flex,Motaju,763,Bronze II (13 LP),799,Bronze II (49 LP)
2026-05-13T15:46:32,떼그라션,4174,KR,Ranked Flex,Sean,609,Bronze IV (100 LP),902,Bronze I (27 LP)
2026-05-13T16:20:52,SasimySean,4174,KR,Ranked Flex,Sean,955,Bronze I (80 LP),889,Bronze I (14 LP)
2026-05-13T16:21:05,일회용라이타,KR1,KR,Ranked Flex,Sean,961,Bronze I (86 LP),636,Bronze III (11 LP)
2026-05-13T16:21:15,떼그라션2,4174,KR,Ranked Flex,Sean,1110,Silver IV (100 LP),599,Bronze IV (99 LP)
2026-05-13T16:21:25,떼그라션,4174,KR,Ranked Flex,Sean,581,Bronze IV (81 LP),922,Bronze I (47 LP)
2026-05-13T16:21:35,떼그라숀,4174,KR,Ranked Flex,Sean,979,Bronze I (100 LP),772,Bronze II (22 LP)
2026-05-13T16:21:42,떼그라대,dani,KR,Ranked Flex,Dani,604,Bronze IV (100 LP),549,Bronze IV (49 LP)
2026-05-13T16:21:49,떼그라월,1234,KR,Ranked Flex,Wallace,586,Bronze IV (86 LP),666,Bronze III (41 LP)
2026-05-13T16:22:06,떼그라호,0627,KR,Ranked Flex,함팀장님,1061,Silver IV (61 LP),1191,Silver III (66 LP)
2026-05-13T16:22:10,qwer,a000,KR,Ranked Flex,함팀장님,1743,Gold III (100 LP),1709,Gold III (84 LP)
2026-05-13T16:22:17,거북이,0627,KR,Ranked Flex,함팀장님,836,Bronze II (86 LP),923,Bronze I (48 LP)
2026-05-13T16:22:30,떼그라클,k91,KR,Ranked Flex,Michael,581,Bronze IV (81 LP),914,Bronze I (39 LP)
2026-05-13T16:22:37,펑키왈숙,6117,KR,Ranked Flex,Motaju,664,Bronze III (39 LP),925,Bronze I (50 LP)
2026-05-13T16:22:41,떼그라쥬,RTG,KR,Ranked Flex,Motaju,2130,Platinum III (5 LP),1342,Silver II (92 LP)
2026-05-13T16:22:48,떼그라떼그라떼그라떼그라떼그라떼,kr12,KR,Ranked Flex,Motaju,763,Bronze II (13 LP),799,Bronze II (49 LP)
2026-05-13T17:06:10,SasimySean,4174,KR,Ranked Flex,Sean,955,Bronze I (80 LP),889,Bronze I (14 LP)
2026-05-13T17:06:16,일회용라이타,KR1,KR,Ranked Flex,Sean,961,Bronze I (86 LP),636,Bronze III (11 LP)
2026-05-13T17:06:27,떼그라션2,4174,KR,Ranked Flex,Sean,1110,Silver IV (100 LP),599,Bronze IV (99 LP)
2026-05-13T17:10:41,떼그라션,4174,KR,Ranked Flex,Sean,647,Bronze III (22 LP),882,Bronze I (7 LP)
2026-05-13T17:10:49,떼그라숀,4174,KR,Ranked Flex,Sean,979,Bronze I (100 LP),772,Bronze II (22 LP)
2026-05-13T17:10:55,떼그라대,dani,KR,Ranked Flex,Dani,682,Bronze III (57 LP),507,Bronze IV (7 LP)
2026-05-13T17:11:02,떼그라월,1234,KR,Ranked Flex,Wallace,662,Bronze III (37 LP),626,Bronze III (1 LP)
2026-05-13T17:11:16,떼그라호,0627,KR,Ranked Flex,함팀장님,1061,Silver IV (61 LP),1191,Silver III (66 LP)
2026-05-13T17:11:22,qwer,a000,KR,Ranked Flex,함팀장님,1743,Gold III (100 LP),1709,Gold III (84 LP)
2026-05-13T17:11:25,거북이,0627,KR,Ranked Flex,함팀장님,682,Bronze III (57 LP),912,Bronze I (37 LP)
2026-05-13T17:11:38,떼그라클,k91,KR,Ranked Flex,Michael,647,Bronze III (22 LP),849,Bronze II (99 LP)
2026-05-13T17:11:54,펑키왈숙,6117,KR,Ranked Flex,Motaju,664,Bronze III (39 LP),925,Bronze I (50 LP)
2026-05-13T17:12:04,떼그라쥬,RTG,KR,Ranked Flex,Motaju,2130,Platinum III (5 LP),1342,Silver II (92 LP)
2026-05-13T17:12:11,떼그라떼그라떼그라떼그라떼그라떼,kr12,KR,Ranked Flex,Motaju,763,Bronze II (13 LP),799,Bronze II (49 LP)
2026-05-13T17:56:54,SasimySean,4174,KR,Ranked Flex,Sean,959,Bronze I (84 LP),889,Bronze I (14 LP)
2026-05-13T17:57:04,일회용라이타,KR1,KR,Ranked Flex,Sean,961,Bronze I (86 LP),636,Bronze III (11 LP)
2026-05-13T17:57:10,떼그라션2,4174,KR,Ranked Flex,Sean,1110,Silver IV (100 LP),599,Bronze IV (99 LP)
2026-05-13T17:57:17,떼그라션,4174,KR,Ranked Flex,Sean,647,Bronze III (22 LP),882,Bronze I (7 LP)
2026-05-13T17:57:27,떼그라숀,4174,KR,Ranked Flex,Sean,979,Bronze I (100 LP),772,Bronze II (22 LP)
2026-05-13T17:57:37,떼그라대,dani,KR,Ranked Flex,Dani,682,Bronze III (57 LP),507,Bronze IV (7 LP)
2026-05-13T17:57:50,떼그라월,1234,KR,Ranked Flex,Wallace,662,Bronze III (37 LP),626,Bronze III (1 LP)
2026-05-13T17:58:01,떼그라호,0627,KR,Ranked Flex,함팀장님,1061,Silver IV (61 LP),1191,Silver III (66 LP)
2026-05-13T17:58:11,qwer,a000,KR,Ranked Flex,함팀장님,1743,Gold III (100 LP),1709,Gold III (84 LP)
2026-05-13T17:58:18,거북이,0627,KR,Ranked Flex,함팀장님,682,Bronze III (57 LP),901,Bronze I (26 LP)
2026-05-13T17:58:28,떼그라클,k91,KR,Ranked Flex,Michael,647,Bronze III (22 LP),849,Bronze II (99 LP)
2026-05-13T17:58:35,펑키왈숙,6117,KR,Ranked Flex,Motaju,664,Bronze III (39 LP),925,Bronze I (50 LP)
2026-05-13T17:58:45,떼그라쥬,RTG,KR,Ranked Flex,Motaju,2130,Platinum III (5 LP),1342,Silver II (92 LP)
2026-05-13T17:58:48,떼그라떼그라떼그라떼그라떼그라떼,kr12,KR,Ranked Flex,Motaju,763,Bronze II (13 LP),799,Bronze II (49 LP)
2026-05-13T18:51:54,qwer,a000,KR,Ranked Flex,함팀장님,1743,Gold III (100 LP),1709,Gold III (84 LP)
2026-05-13T20:00:04,qwer,a000,KR,Ranked Flex,함팀장님,1812,Gold II (62 LP),1754,Gold II (4 LP)
2026-05-13T21:06:19,SasimySean,4174,KR,Ranked Flex,Sean,955,Bronze I (80 LP),889,Bronze I (14 LP)
2026-05-13T21:06:29,일회용라이타,KR1,KR,Ranked Flex,Sean,961,Bronze I (86 LP),636,Bronze III (11 LP)
2026-05-13T21:06:39,떼그라션2,4174,KR,Ranked Flex,Sean,1110,Silver IV (100 LP),599,Bronze IV (99 LP)
2026-05-13T21:06:46,떼그라션,4174,KR,Ranked Flex,Sean,720,Bronze III (95 LP),902,Bronze I (27 LP)
2026-05-13T21:06:53,떼그라숀,4174,KR,Ranked Flex,Sean,973,Bronze I (98 LP),772,Bronze II (22 LP)
2026-05-13T21:07:06,떼그라대,dani,KR,Ranked Flex,Dani,767,Bronze II (17 LP),526,Bronze IV (26 LP)
2026-05-13T21:07:12,떼그라월,1234,KR,Ranked Flex,Wallace,747,Bronze III (100 LP),646,Bronze III (21 LP)
2026-05-13T21:07:26,떼그라호,0627,KR,Ranked Flex,함팀장님,1061,Silver IV (61 LP),1191,Silver III (66 LP)
2026-05-13T21:07:36,qwer,a000,KR,Ranked Flex,함팀장님,1812,Gold II (62 LP),1754,Gold II (4 LP)
2026-05-13T21:07:49,거북이,0627,KR,Ranked Flex,함팀장님,767,Bronze II (17 LP),930,Bronze I (55 LP)
2026-05-13T21:08:05,떼그라클,k91,KR,Ranked Flex,Michael,720,Bronze III (95 LP),894,Bronze I (19 LP)
2026-05-13T21:08:15,펑키왈숙,6117,KR,Ranked Flex,Motaju,664,Bronze III (39 LP),925,Bronze I (50 LP)
2026-05-13T21:08:28,떼그라쥬,RTG,KR,Ranked Flex,Motaju,2130,Platinum III (5 LP),1342,Silver II (92 LP)
2026-05-13T21:08:35,떼그라떼그라떼그라떼그라떼그라떼,kr12,KR,Ranked Flex,Motaju,763,Bronze II (13 LP),799,Bronze II (49 LP)
2026-05-14T08:29:51,SasimySean,4174,KR,Ranked Flex,Sean,955,Bronze I (80 LP),889,Bronze I (14 LP)
2026-05-14T08:30:01,일회용라이타,KR1,KR,Ranked Flex,Sean,967,Bronze I (92 LP),636,Bronze III (11 LP)
2026-05-14T08:30:14,떼그라션2,4174,KR,Ranked Flex,Sean,1097,Silver IV (97 LP),599,Bronze IV (99 LP)
2026-05-14T08:30:20,떼그라션,4174,KR,Ranked Flex,Sean,720,Bronze III (95 LP),902,Bronze I (27 LP)
2026-05-14T08:30:27,떼그라숀,4174,KR,Ranked Flex,Sean,979,Bronze I (100 LP),772,Bronze II (22 LP)
2026-05-14T08:30:37,떼그라대,dani,KR,Ranked Flex,Dani,767,Bronze II (17 LP),526,Bronze IV (26 LP)
2026-05-14T08:30:41,떼그라월,1234,KR,Ranked Flex,Wallace,747,Bronze III (100 LP),646,Bronze III (21 LP)
2026-05-14T08:30:58,떼그라호,0627,KR,Ranked Flex,함팀장님,1050,Silver IV (50 LP),1191,Silver III (66 LP)
2026-05-14T08:31:08,qwer,a000,KR,Ranked Flex,함팀장님,1812,Gold II (62 LP),1754,Gold II (4 LP)
2026-05-14T08:31:15,거북이,0627,KR,Ranked Flex,함팀장님,767,Bronze II (17 LP),930,Bronze I (55 LP)
2026-05-14T08:31:25,떼그라클,k91,KR,Ranked Flex,Michael,720,Bronze III (95 LP),894,Bronze I (19 LP)
2026-05-14T08:31:31,펑키왈숙,6117,KR,Ranked Flex,Motaju,664,Bronze III (39 LP),925,Bronze I (50 LP)
2026-05-14T08:31:44,떼그라쥬,RTG,KR,Ranked Flex,Motaju,2117,Platinum IV (100 LP),1342,Silver II (92 LP)
2026-05-14T08:31:51,떼그라떼그라떼그라떼그라떼그라떼,kr12,KR,Ranked Flex,Motaju,763,Bronze II (13 LP),799,Bronze II (49 LP)
2026-05-14T10:10:13,SasimySean,4174,KR,Ranked Flex,Sean,955,Bronze I (80 LP),889,Bronze I (14 LP)
2026-05-14T10:10:23,일회용라이타,KR1,KR,Ranked Flex,Sean,967,Bronze I (92 LP),636,Bronze III (11 LP)
2026-05-14T10:10:30,떼그라션2,4174,KR,Ranked Flex,Sean,1097,Silver IV (97 LP),599,Bronze IV (99 LP)
2026-05-14T10:10:33,떼그라션,4174,KR,Ranked Flex,Sean,720,Bronze III (95 LP),902,Bronze I (27 LP)
2026-05-14T10:10:43,떼그라숀,4174,KR,Ranked Flex,Sean,979,Bronze I (100 LP),772,Bronze II (22 LP)
2026-05-14T10:10:53,떼그라대,dani,KR,Ranked Flex,Dani,767,Bronze II (17 LP),526,Bronze IV (26 LP)
2026-05-14T10:11:06,떼그라월,1234,KR,Ranked Flex,Wallace,747,Bronze III (100 LP),646,Bronze III (21 LP)
2026-05-14T10:11:20,떼그라호,0627,KR,Ranked Flex,함팀장님,1050,Silver IV (50 LP),1191,Silver III (66 LP)
2026-05-14T10:11:52,거북이,0627,KR,Ranked Flex,함팀장님,767,Bronze II (17 LP),930,Bronze I (55 LP)
2026-05-14T10:12:06,떼그라클,k91,KR,Ranked Flex,Michael,720,Bronze III (95 LP),894,Bronze I (19 LP)
2026-05-14T10:12:12,펑키왈숙,6117,KR,Ranked Flex,Motaju,664,Bronze III (39 LP),925,Bronze I (50 LP)
2026-05-14T10:12:51,떼그라떼그라떼그라떼그라떼그라떼,kr12,KR,Ranked Flex,Motaju,763,Bronze II (13 LP),799,Bronze II (49 LP)
2026-05-14T12:33:38,SasimySean,4174,KR,Ranked Flex,Sean,955,Bronze I (80 LP),889,Bronze I (14 LP)
2026-05-14T12:33:45,일회용라이타,KR1,KR,Ranked Flex,Sean,967,Bronze I (92 LP),636,Bronze III (11 LP)
2026-05-14T12:33:51,떼그라션2,4174,KR,Ranked Flex,Sean,1097,Silver IV (97 LP),599,Bronze IV (99 LP)
2026-05-14T12:33:58,떼그라션,4174,KR,Ranked Flex,Sean,720,Bronze III (95 LP),902,Bronze I (27 LP)
2026-05-14T12:34:05,떼그라숀,4174,KR,Ranked Flex,Sean,979,Bronze I (100 LP),772,Bronze II (22 LP)
2026-05-14T12:34:09,떼그라대,dani,KR,Ranked Flex,Dani,767,Bronze II (17 LP),526,Bronze IV (26 LP)
2026-05-14T12:34:19,떼그라월,1234,KR,Ranked Flex,Wallace,747,Bronze III (100 LP),646,Bronze III (21 LP)
2026-05-14T12:34:36,떼그라호,0627,KR,Ranked Flex,함팀장님,1050,Silver IV (50 LP),1191,Silver III (66 LP)
2026-05-14T12:34:46,qwer,a000,KR,Ranked Flex,함팀장님,1812,Gold II (62 LP),1754,Gold II (4 LP)
2026-05-14T12:34:52,거북이,0627,KR,Ranked Flex,함팀장님,767,Bronze II (17 LP),930,Bronze I (55 LP)
2026-05-14T12:35:09,떼그라클,k91,KR,Ranked Flex,Michael,720,Bronze III (95 LP),894,Bronze I (19 LP)
2026-05-14T12:35:19,펑키왈숙,6117,KR,Ranked Flex,Motaju,664,Bronze III (39 LP),925,Bronze I (50 LP)
2026-05-14T12:35:26,떼그라쥬,RTG,KR,Ranked Flex,Motaju,2117,Platinum IV (100 LP),1342,Silver II (92 LP)
2026-05-14T12:35:32,떼그라떼그라떼그라떼그라떼그라떼,kr12,KR,Ranked Flex,Motaju,763,Bronze II (13 LP),799,Bronze II (49 LP)
2026-05-14T15:12:53,qwer,a000,KR,Ranked Flex,함팀장님,1692,Gold III (67 LP),1774,Gold II (24 LP)
2026-05-14T15:43:02,SasimySean,4174,KR,Ranked Flex,Sean,959,Bronze I (84 LP),889,Bronze I (14 LP)
2026-05-14T15:43:09,일회용라이타,KR1,KR,Ranked Flex,Sean,967,Bronze I (92 LP),636,Bronze III (11 LP)
2026-05-14T15:43:22,떼그라션2,4174,KR,Ranked Flex,Sean,1097,Silver IV (97 LP),599,Bronze IV (99 LP)
2026-05-14T15:43:29,떼그라션,4174,KR,Ranked Flex,Sean,720,Bronze III (95 LP),902,Bronze I (27 LP)
2026-05-14T15:43:45,떼그라숀,4174,KR,Ranked Flex,Sean,985,Bronze I (100 LP),772,Bronze II (22 LP)
2026-05-14T15:43:52,떼그라대,dani,KR,Ranked Flex,Dani,818,Bronze II (68 LP),526,Bronze IV (26 LP)
2026-05-14T15:43:58,떼그라월,1234,KR,Ranked Flex,Wallace,800,Bronze II (50 LP),626,Bronze III (1 LP)
2026-05-14T15:44:09,떼그라호,0627,KR,Ranked Flex,함팀장님,1050,Silver IV (50 LP),1191,Silver III (66 LP)
2026-05-14T15:44:15,qwer,a000,KR,Ranked Flex,함팀장님,1692,Gold III (67 LP),1769,Gold II (19 LP)
2026-05-14T15:44:25,거북이,0627,KR,Ranked Flex,함팀장님,818,Bronze II (68 LP),919,Bronze I (44 LP)
2026-05-14T15:44:42,떼그라클,k91,KR,Ranked Flex,Michael,896,Bronze I (21 LP),894,Bronze I (19 LP)
2026-05-14T15:44:48,펑키왈숙,6117,KR,Ranked Flex,Motaju,618,Bronze IV (100 LP),904,Bronze I (29 LP)
2026-05-14T15:44:55,떼그라쥬,RTG,KR,Ranked Flex,Motaju,2117,Platinum IV (100 LP),1342,Silver II (92 LP)
2026-05-14T15:45:02,떼그라떼그라떼그라떼그라떼그라떼,kr12,KR,Ranked Flex,Motaju,763,Bronze II (13 LP),799,Bronze II (49 LP)
2026-05-14T16:42:52,거북이,0627,KR,Ranked Flex,함팀장님,1029,Silver IV (29 LP),948,Bronze I (73 LP)
2026-05-14T17:52:31,거북이,0627,KR,Ranked Flex,함팀장님,965,Bronze I (90 LP),955,Bronze I (80 LP)
2026-05-15T00:06:59,거북이,0627,KR,Ranked Flex,함팀장님,1050,Silver IV (50 LP),1067,Silver IV (67 LP)
2026-05-15T00:59:14,qwer,a000,KR,Ranked Flex,함팀장님,1778,Gold II (28 LP),1790,Gold II (40 LP)
2026-05-15T02:20:25,qwer,a000,KR,Ranked Flex,함팀장님,1778,Gold II (28 LP),1790,Gold II (40 LP)
2026-05-15T02:21:24,떼그라호,0627,KR,Ranked Flex,함팀장님,1242,Silver III (100 LP),1171,Silver III (46 LP)
2026-05-15T02:21:41,거북이,0627,KR,Ranked Flex,함팀장님,1206,Silver III (81 LP),1055,Silver IV (55 LP)
2026-05-15T07:29:20,SasimySean,4174,KR,Ranked Flex,Sean,955,Bronze I (80 LP),889,Bronze I (14 LP)
2026-05-15T07:29:40,일회용라이타,KR1,KR,Ranked Flex,Sean,946,Bronze I (71 LP),636,Bronze III (11 LP)
2026-05-15T07:29:50,떼그라션2,4174,KR,Ranked Flex,Sean,1097,Silver IV (97 LP),599,Bronze IV (99 LP)
2026-05-15T07:30:00,떼그라션,4174,KR,Ranked Flex,Sean,738,Bronze III (100 LP),902,Bronze I (27 LP)
2026-05-15T07:30:13,떼그라숀,4174,KR,Ranked Flex,Sean,979,Bronze I (100 LP),772,Bronze II (22 LP)
2026-05-15T07:30:23,떼그라대,dani,KR,Ranked Flex,Dani,818,Bronze II (68 LP),526,Bronze IV (26 LP)
2026-05-15T07:30:36,떼그라월,1234,KR,Ranked Flex,Wallace,1032,Silver IV (32 LP),686,Bronze III (61 LP)
2026-05-15T07:30:46,떼그라호,0627,KR,Ranked Flex,함팀장님,1242,Silver III (100 LP),1171,Silver III (46 LP)
2026-05-15T07:30:56,qwer,a000,KR,Ranked Flex,함팀장님,1748,Gold III (100 LP),1771,Gold II (21 LP)
2026-05-15T07:31:03,거북이,0627,KR,Ranked Flex,함팀장님,1206,Silver III (81 LP),1055,Silver IV (55 LP)
2026-05-15T07:31:10,떼그라클,k91,KR,Ranked Flex,Michael,906,Bronze I (31 LP),894,Bronze I (19 LP)
2026-05-15T07:31:20,펑키왈숙,6117,KR,Ranked Flex,Motaju,1014,Silver IV (14 LP),959,Bronze I (84 LP)
2026-05-15T07:31:23,떼그라쥬,RTG,KR,Ranked Flex,Motaju,2093,Platinum IV (93 LP),1342,Silver II (92 LP)
2026-05-15T07:31:33,떼그라떼그라떼그라떼그라떼그라떼,kr12,KR,Ranked Flex,Motaju,771,Bronze II (21 LP),799,Bronze II (49 LP)
2026-05-15T10:37:49,SasimySean,4174,KR,Ranked Flex,Sean,955,Bronze I (80 LP),889,Bronze I (14 LP)
2026-05-15T10:37:55,일회용라이타,KR1,KR,Ranked Flex,Sean,946,Bronze I (71 LP),636,Bronze III (11 LP)
2026-05-15T10:38:05,떼그라션2,4174,KR,Ranked Flex,Sean,1097,Silver IV (97 LP),599,Bronze IV (99 LP)
2026-05-15T10:38:18,떼그라션,4174,KR,Ranked Flex,Sean,738,Bronze III (100 LP),902,Bronze I (27 LP)
2026-05-15T10:38:25,떼그라숀,4174,KR,Ranked Flex,Sean,979,Bronze I (100 LP),772,Bronze II (22 LP)
2026-05-15T10:38:32,떼그라대,dani,KR,Ranked Flex,Dani,818,Bronze II (68 LP),526,Bronze IV (26 LP)
2026-05-15T10:38:38,떼그라월,1234,KR,Ranked Flex,Wallace,1032,Silver IV (32 LP),686,Bronze III (61 LP)
2026-05-15T10:38:49,떼그라호,0627,KR,Ranked Flex,함팀장님,1242,Silver III (100 LP),1171,Silver III (46 LP)
2026-05-15T10:38:55,qwer,a000,KR,Ranked Flex,함팀장님,1748,Gold III (100 LP),1771,Gold II (21 LP)
2026-05-15T10:39:08,거북이,0627,KR,Ranked Flex,함팀장님,1206,Silver III (81 LP),1055,Silver IV (55 LP)
2026-05-15T10:39:19,떼그라클,k91,KR,Ranked Flex,Michael,906,Bronze I (31 LP),894,Bronze I (19 LP)
2026-05-15T10:39:26,펑키왈숙,6117,KR,Ranked Flex,Motaju,1014,Silver IV (14 LP),959,Bronze I (84 LP)
2026-05-15T10:39:32,떼그라쥬,RTG,KR,Ranked Flex,Motaju,2093,Platinum IV (93 LP),1342,Silver II (92 LP)
2026-05-15T10:39:36,떼그라떼그라떼그라떼그라떼그라떼,kr12,KR,Ranked Flex,Motaju,771,Bronze II (21 LP),799,Bronze II (49 LP)
2026-05-15T11:46:25,SasimySean,4174,KR,Ranked Flex,Sean,955,Bronze I (80 LP),889,Bronze I (14 LP)
2026-05-15T11:46:31,일회용라이타,KR1,KR,Ranked Flex,Sean,946,Bronze I (71 LP),636,Bronze III (11 LP)
2026-05-15T11:46:38,떼그라션2,4174,KR,Ranked Flex,Sean,1097,Silver IV (97 LP),599,Bronze IV (99 LP)
2026-05-15T11:46:48,떼그라션,4174,KR,Ranked Flex,Sean,738,Bronze III (100 LP),902,Bronze I (27 LP)
2026-05-15T11:46:58,떼그라숀,4174,KR,Ranked Flex,Sean,979,Bronze I (100 LP),772,Bronze II (22 LP)
2026-05-15T11:47:08,떼그라대,dani,KR,Ranked Flex,Dani,818,Bronze II (68 LP),526,Bronze IV (26 LP)
2026-05-15T11:47:21,떼그라월,1234,KR,Ranked Flex,Wallace,1032,Silver IV (32 LP),686,Bronze III (61 LP)
2026-05-15T11:47:31,떼그라호,0627,KR,Ranked Flex,함팀장님,1242,Silver III (100 LP),1171,Silver III (46 LP)
2026-05-15T11:47:38,qwer,a000,KR,Ranked Flex,함팀장님,1748,Gold III (100 LP),1771,Gold II (21 LP)
2026-05-15T11:47:48,거북이,0627,KR,Ranked Flex,함팀장님,1206,Silver III (81 LP),1055,Silver IV (55 LP)
2026-05-15T11:48:04,떼그라클,k91,KR,Ranked Flex,Michael,906,Bronze I (31 LP),894,Bronze I (19 LP)
2026-05-15T11:48:14,펑키왈숙,6117,KR,Ranked Flex,Motaju,1014,Silver IV (14 LP),959,Bronze I (84 LP)
2026-05-15T11:48:21,떼그라쥬,RTG,KR,Ranked Flex,Motaju,2093,Platinum IV (93 LP),1342,Silver II (92 LP)
2026-05-15T11:48:31,떼그라떼그라떼그라떼그라떼그라떼,kr12,KR,Ranked Flex,Motaju,771,Bronze II (21 LP),799,Bronze II (49 LP)
2026-05-15T13:04:34,거북이,0627,KR,Ranked Flex,함팀장님,1255,Silver II (5 LP),1136,Silver III (11 LP)
2026-05-15T13:41:32,떼그라호,0627,KR,Ranked Flex,함팀장님,1242,Silver III (100 LP),1171,Silver III (46 LP)
2026-05-15T13:41:57,거북이,0627,KR,Ranked Flex,함팀장님,1255,Silver II (5 LP),1136,Silver III (11 LP)
2026-05-15T14:55:02,SasimySean,4174,KR,Ranked Flex,Sean,955,Bronze I (80 LP),889,Bronze I (14 LP)
2026-05-15T14:55:08,일회용라이타,KR1,KR,Ranked Flex,Sean,946,Bronze I (71 LP),636,Bronze III (11 LP)
2026-05-15T14:55:18,떼그라션2,4174,KR,Ranked Flex,Sean,1097,Silver IV (97 LP),599,Bronze IV (99 LP)
2026-05-15T14:55:28,떼그라션,4174,KR,Ranked Flex,Sean,738,Bronze III (100 LP),902,Bronze I (27 LP)
2026-05-15T14:55:35,떼그라숀,4174,KR,Ranked Flex,Sean,979,Bronze I (100 LP),772,Bronze II (22 LP)
2026-05-15T14:55:42,떼그라대,dani,KR,Ranked Flex,Dani,818,Bronze II (68 LP),526,Bronze IV (26 LP)
2026-05-15T14:55:52,떼그라월,1234,KR,Ranked Flex,Wallace,1129,Silver III (4 LP),774,Bronze II (24 LP)
2026-05-15T14:56:08,떼그라호,0627,KR,Ranked Flex,함팀장님,1242,Silver III (100 LP),1171,Silver III (46 LP)
2026-05-15T14:56:13,qwer,a000,KR,Ranked Flex,함팀장님,1748,Gold III (100 LP),1771,Gold II (21 LP)
2026-05-15T14:56:23,거북이,0627,KR,Ranked Flex,함팀장님,1149,Silver III (24 LP),1217,Silver III (92 LP)
2026-05-15T14:56:33,떼그라클,k91,KR,Ranked Flex,Michael,906,Bronze I (31 LP),894,Bronze I (19 LP)
2026-05-15T14:56:43,펑키왈숙,6117,KR,Ranked Flex,Motaju,1109,Silver IV (100 LP),1064,Silver IV (64 LP)
2026-05-15T14:56:46,떼그라쥬,RTG,KR,Ranked Flex,Motaju,2093,Platinum IV (93 LP),1342,Silver II (92 LP)
2026-05-15T14:56:53,떼그라떼그라떼그라떼그라떼그라떼,kr12,KR,Ranked Flex,Motaju,771,Bronze II (21 LP),799,Bronze II (49 LP)
2026-05-15T15:10:37,SasimySean,4174,KR,Ranked Flex,Sean,955,Bronze I (80 LP),889,Bronze I (14 LP)
2026-05-15T15:10:39,일회용라이타,KR1,KR,Ranked Flex,Sean,946,Bronze I (71 LP),636,Bronze III (11 LP)
2026-05-15T15:10:41,떼그라션2,4174,KR,Ranked Flex,Sean,1097,Silver IV (97 LP),599,Bronze IV (99 LP)
2026-05-15T15:10:42,떼그라션,4174,KR,Ranked Flex,Sean,738,Bronze III (100 LP),902,Bronze I (27 LP)
2026-05-15T15:10:43,떼그라숀,4174,KR,Ranked Flex,Sean,979,Bronze I (100 LP),772,Bronze II (22 LP)
2026-05-15T15:10:51,떼그라대,dani,KR,Ranked Flex,Dani,818,Bronze II (68 LP),526,Bronze IV (26 LP)
2026-05-15T15:10:55,떼그라월,1234,KR,Ranked Flex,Wallace,1129,Silver III (4 LP),774,Bronze II (24 LP)
2026-05-15T15:10:59,떼그라호,0627,KR,Ranked Flex,함팀장님,1242,Silver III (100 LP),1171,Silver III (46 LP)
2026-05-15T15:11:04,qwer,a000,KR,Ranked Flex,함팀장님,1748,Gold III (100 LP),1771,Gold II (21 LP)
2026-05-15T15:11:08,거북이,0627,KR,Ranked Flex,함팀장님,1149,Silver III (24 LP),1217,Silver III (92 LP)
2026-05-15T15:11:13,떼그라클,k91,KR,Ranked Flex,Michael,906,Bronze I (31 LP),894,Bronze I (19 LP)
2026-05-15T15:11:17,펑키왈숙,6117,KR,Ranked Flex,Motaju,1109,Silver IV (100 LP),1064,Silver IV (64 LP)
2026-05-15T15:11:19,떼그라쥬,RTG,KR,Ranked Flex,Motaju,2093,Platinum IV (93 LP),1342,Silver II (92 LP)
2026-05-15T15:11:20,떼그라떼그라떼그라떼그라떼그라떼,kr12,KR,Ranked Flex,Motaju,771,Bronze II (21 LP),799,Bronze II (49 LP)
2026-05-15T15:44:51,SasimySean,4174,KR,Ranked Flex,Sean,955,Bronze I (80 LP),889,Bronze I (14 LP)
2026-05-15T15:44:57,일회용라이타,KR1,KR,Ranked Flex,Sean,946,Bronze I (71 LP),636,Bronze III (11 LP)
2026-05-15T15:45:04,떼그라션2,4174,KR,Ranked Flex,Sean,1097,Silver IV (97 LP),599,Bronze IV (99 LP)
2026-05-15T15:45:08,떼그라션,4174,KR,Ranked Flex,Sean,738,Bronze III (100 LP),902,Bronze I (27 LP)
2026-05-15T15:45:14,떼그라숀,4174,KR,Ranked Flex,Sean,979,Bronze I (100 LP),772,Bronze II (22 LP)
2026-05-15T15:45:27,떼그라대,dani,KR,Ranked Flex,Dani,818,Bronze II (68 LP),526,Bronze IV (26 LP)
2026-05-15T15:45:34,떼그라월,1234,KR,Ranked Flex,Wallace,1095,Silver IV (95 LP),817,Bronze II (67 LP)
2026-05-15T15:45:51,떼그라호,0627,KR,Ranked Flex,함팀장님,1242,Silver III (100 LP),1171,Silver III (46 LP)
2026-05-15T15:46:07,qwer,a000,KR,Ranked Flex,함팀장님,1748,Gold III (100 LP),1771,Gold II (21 LP)
2026-05-15T15:46:14,거북이,0627,KR,Ranked Flex,함팀장님,1113,Silver IV (100 LP),1269,Silver II (19 LP)
2026-05-15T15:46:33,떼그라클,k91,KR,Ranked Flex,Michael,906,Bronze I (31 LP),894,Bronze I (19 LP)
2026-05-15T15:46:40,펑키왈숙,6117,KR,Ranked Flex,Motaju,1078,Silver IV (78 LP),1085,Silver IV (85 LP)
2026-05-15T15:46:47,떼그라쥬,RTG,KR,Ranked Flex,Motaju,2093,Platinum IV (93 LP),1342,Silver II (92 LP)
2026-05-15T15:46:53,떼그라떼그라떼그라떼그라떼그라떼,kr12,KR,Ranked Flex,Motaju,771,Bronze II (21 LP),799,Bronze II (49 LP)
2026-05-15T16:27:42,SasimySean,4174,KR,Ranked Flex,Sean,955,Bronze I (80 LP),889,Bronze I (14 LP)
2026-05-15T16:27:49,일회용라이타,KR1,KR,Ranked Flex,Sean,946,Bronze I (71 LP),636,Bronze III (11 LP)
2026-05-15T16:27:55,떼그라션2,4174,KR,Ranked Flex,Sean,1097,Silver IV (97 LP),599,Bronze IV (99 LP)
2026-05-15T16:28:02,떼그라션,4174,KR,Ranked Flex,Sean,956,Bronze I (81 LP),882,Bronze I (7 LP)
2026-05-15T16:28:12,떼그라숀,4174,KR,Ranked Flex,Sean,979,Bronze I (100 LP),772,Bronze II (22 LP)
2026-05-15T16:28:19,떼그라대,dani,KR,Ranked Flex,Dani,963,Bronze I (88 LP),504,Bronze IV (4 LP)
2026-05-15T16:28:25,떼그라월,1234,KR,Ranked Flex,Wallace,1170,Silver III (45 LP),798,Bronze II (48 LP)
2026-05-15T16:28:42,떼그라호,0627,KR,Ranked Flex,함팀장님,1242,Silver III (100 LP),1171,Silver III (46 LP)
2026-05-15T16:28:55,qwer,a000,KR,Ranked Flex,함팀장님,1748,Gold III (100 LP),1771,Gold II (21 LP)
2026-05-15T16:29:11,거북이,0627,KR,Ranked Flex,함팀장님,1185,Silver III (60 LP),1255,Silver II (5 LP)
2026-05-15T16:29:25,떼그라클,k91,KR,Ranked Flex,Michael,906,Bronze I (31 LP),894,Bronze I (19 LP)
2026-05-15T16:29:34,펑키왈숙,6117,KR,Ranked Flex,Motaju,1155,Silver III (30 LP),1066,Silver IV (66 LP)
2026-05-15T16:29:41,떼그라쥬,RTG,KR,Ranked Flex,Motaju,2093,Platinum IV (93 LP),1342,Silver II (92 LP)
2026-05-15T16:29:51,떼그라떼그라떼그라떼그라떼그라떼,kr12,KR,Ranked Flex,Motaju,771,Bronze II (21 LP),799,Bronze II (49 LP)
2026-05-15T17:15:13,SasimySean,4174,KR,Ranked Flex,Sean,955,Bronze I (80 LP),889,Bronze I (14 LP)
2026-05-15T17:15:26,일회용라이타,KR1,KR,Ranked Flex,Sean,946,Bronze I (71 LP),636,Bronze III (11 LP)
2026-05-15T17:15:39,떼그라션2,4174,KR,Ranked Flex,Sean,1097,Silver IV (97 LP),599,Bronze IV (99 LP)
2026-05-15T17:15:49,떼그라션,4174,KR,Ranked Flex,Sean,956,Bronze I (81 LP),882,Bronze I (7 LP)
2026-05-15T17:15:56,떼그라숀,4174,KR,Ranked Flex,Sean,979,Bronze I (100 LP),772,Bronze II (22 LP)
2026-05-15T17:16:12,떼그라대,dani,KR,Ranked Flex,Dani,963,Bronze I (88 LP),504,Bronze IV (4 LP)
2026-05-15T17:16:22,떼그라월,1234,KR,Ranked Flex,Wallace,1170,Silver III (45 LP),798,Bronze II (48 LP)
2026-05-15T17:16:36,떼그라호,0627,KR,Ranked Flex,함팀장님,1242,Silver III (100 LP),1171,Silver III (46 LP)
2026-05-15T17:16:49,qwer,a000,KR,Ranked Flex,함팀장님,1748,Gold III (100 LP),1771,Gold II (21 LP)
2026-05-15T17:17:02,거북이,0627,KR,Ranked Flex,함팀장님,1185,Silver III (60 LP),1255,Silver II (5 LP)
2026-05-15T17:17:15,떼그라클,k91,KR,Ranked Flex,Michael,906,Bronze I (31 LP),894,Bronze I (19 LP)
2026-05-15T17:17:25,펑키왈숙,6117,KR,Ranked Flex,Motaju,1155,Silver III (30 LP),1066,Silver IV (66 LP)
2026-05-15T17:17:35,떼그라쥬,RTG,KR,Ranked Flex,Motaju,2093,Platinum IV (93 LP),1342,Silver II (92 LP)
2026-05-15T17:17:48,떼그라떼그라떼그라떼그라떼그라떼,kr12,KR,Ranked Flex,Motaju,771,Bronze II (21 LP),799,Bronze II (49 LP)
2026-05-15T17:45:03,SasimySean,4174,KR,Ranked Flex,Sean,955,Bronze I (80 LP),889,Bronze I (14 LP)
2026-05-15T17:45:10,일회용라이타,KR1,KR,Ranked Flex,Sean,946,Bronze I (71 LP),636,Bronze III (11 LP)
2026-05-15T17:45:17,떼그라션2,4174,KR,Ranked Flex,Sean,1097,Silver IV (97 LP),599,Bronze IV (99 LP)
2026-05-15T17:45:27,떼그라션,4174,KR,Ranked Flex,Sean,930,Bronze I (55 LP),902,Bronze I (27 LP)
2026-05-15T17:45:37,떼그라숀,4174,KR,Ranked Flex,Sean,979,Bronze I (100 LP),772,Bronze II (22 LP)
2026-05-15T17:45:43,떼그라대,dani,KR,Ranked Flex,Dani,942,Bronze I (67 LP),522,Bronze IV (22 LP)
2026-05-15T17:45:50,떼그라월,1234,KR,Ranked Flex,Wallace,1093,Silver IV (93 LP),819,Bronze II (69 LP)
2026-05-15T17:46:07,떼그라호,0627,KR,Ranked Flex,함팀장님,1242,Silver III (100 LP),1171,Silver III (46 LP)
2026-05-15T17:46:10,qwer,a000,KR,Ranked Flex,함팀장님,1748,Gold III (100 LP),1771,Gold II (21 LP)
2026-05-15T17:46:14,거북이,0627,KR,Ranked Flex,함팀장님,1110,Silver IV (100 LP),1281,Silver II (31 LP)
2026-05-15T17:46:24,떼그라클,k91,KR,Ranked Flex,Michael,906,Bronze I (31 LP),894,Bronze I (19 LP)
2026-05-15T17:46:31,펑키왈숙,6117,KR,Ranked Flex,Motaju,1077,Silver IV (77 LP),1087,Silver IV (87 LP)
2026-05-15T17:46:34,떼그라쥬,RTG,KR,Ranked Flex,Motaju,2093,Platinum IV (93 LP),1342,Silver II (92 LP)
2026-05-15T17:46:50,떼그라떼그라떼그라떼그라떼그라떼,kr12,KR,Ranked Flex,Motaju,771,Bronze II (21 LP),799,Bronze II (49 LP)
2026-05-15T20:10:57,SasimySean,4174,KR,Ranked Flex,Sean,955,Bronze I (80 LP),889,Bronze I (14 LP)
2026-05-15T20:11:07,일회용라이타,KR1,KR,Ranked Flex,Sean,946,Bronze I (71 LP),636,Bronze III (11 LP)
2026-05-15T20:11:14,떼그라션2,4174,KR,Ranked Flex,Sean,1092,Silver IV (92 LP),599,Bronze IV (99 LP)
2026-05-15T20:11:24,떼그라션,4174,KR,Ranked Flex,Sean,930,Bronze I (55 LP),902,Bronze I (27 LP)
2026-05-15T20:11:37,떼그라숀,4174,KR,Ranked Flex,Sean,979,Bronze I (100 LP),772,Bronze II (22 LP)
2026-05-15T20:11:47,떼그라대,dani,KR,Ranked Flex,Dani,942,Bronze I (67 LP),522,Bronze IV (22 LP)
2026-05-15T20:12:00,떼그라월,1234,KR,Ranked Flex,Wallace,1099,Silver IV (99 LP),819,Bronze II (69 LP)
2026-05-15T20:12:13,떼그라호,0627,KR,Ranked Flex,함팀장님,1238,Silver III (100 LP),1171,Silver III (46 LP)
2026-05-15T20:12:23,qwer,a000,KR,Ranked Flex,함팀장님,1578,Gold IV (78 LP),1705,Gold III (80 LP)
2026-05-15T20:12:30,거북이,0627,KR,Ranked Flex,함팀장님,1115,Silver IV (100 LP),1281,Silver II (31 LP)
2026-05-15T20:12:43,떼그라클,k91,KR,Ranked Flex,Michael,906,Bronze I (31 LP),894,Bronze I (19 LP)
2026-05-15T20:12:53,펑키왈숙,6117,KR,Ranked Flex,Motaju,1083,Silver IV (83 LP),1087,Silver IV (87 LP)
2026-05-15T20:13:06,떼그라쥬,RTG,KR,Ranked Flex,Motaju,2093,Platinum IV (93 LP),1342,Silver II (92 LP)
2026-05-15T20:13:10,떼그라떼그라떼그라떼그라떼그라떼,kr12,KR,Ranked Flex,Motaju,771,Bronze II (21 LP),799,Bronze II (49 LP)
2026-05-16T16:54:13,SasimySean,4174,KR,Ranked Flex,Sean,942,Bronze I (67 LP),889,Bronze I (14 LP)
2026-05-16T16:54:19,일회용라이타,KR1,KR,Ranked Flex,Sean,946,Bronze I (71 LP),636,Bronze III (11 LP)
2026-05-16T16:54:29,떼그라션2,4174,KR,Ranked Flex,Sean,1097,Silver IV (97 LP),599,Bronze IV (99 LP)
2026-05-16T16:54:33,떼그라션,4174,KR,Ranked Flex,Sean,930,Bronze I (55 LP),902,Bronze I (27 LP)
2026-05-16T16:54:43,떼그라숀,4174,KR,Ranked Flex,Sean,979,Bronze I (100 LP),772,Bronze II (22 LP)
2026-05-16T16:54:49,떼그라대,dani,KR,Ranked Flex,Dani,942,Bronze I (67 LP),522,Bronze IV (22 LP)
2026-05-17T01:49:57,qwer,a000,KR,Ranked Flex,함팀장님,1637,Gold III (12 LP),1684,Gold III (59 LP)
2026-05-17T01:50:21,떼그라호,0627,KR,Ranked Flex,함팀장님,1390,Silver I (15 LP),1150,Silver III (25 LP)
2026-05-17T01:50:23,떼그라호,0627,KR,Ranked Flex,함팀장님,1390,Silver I (15 LP),1150,Silver III (25 LP)
2026-05-17T01:50:42,거북이,0627,KR,Ranked Flex,함팀장님,1469,Silver I (94 LP),1257,Silver II (7 LP)
2026-05-17T11:43:55,SasimySean,4174,KR,Ranked Flex,Sean,934,Bronze I (59 LP),889,Bronze I (14 LP)
2026-05-17T11:44:11,일회용라이타,KR1,KR,Ranked Flex,Sean,941,Bronze I (66 LP),636,Bronze III (11 LP)
2026-05-17T11:44:15,떼그라션2,4174,KR,Ranked Flex,Sean,1097,Silver IV (97 LP),599,Bronze IV (99 LP)
2026-05-17T11:44:24,떼그라션,4174,KR,Ranked Flex,Sean,935,Bronze I (60 LP),902,Bronze I (27 LP)
2026-05-17T11:44:31,떼그라숀,4174,KR,Ranked Flex,Sean,979,Bronze I (100 LP),772,Bronze II (22 LP)
2026-05-17T11:44:41,떼그라대,dani,KR,Ranked Flex,Dani,942,Bronze I (67 LP),522,Bronze IV (22 LP)
2026-05-17T11:44:51,떼그라월,1234,KR,Ranked Flex,Wallace,1093,Silver IV (93 LP),819,Bronze II (69 LP)
2026-05-17T11:45:01,떼그라호,0627,KR,Ranked Flex,함팀장님,1358,Silver II (100 LP),1150,Silver III (25 LP)
2026-05-17T11:45:08,qwer,a000,KR,Ranked Flex,함팀장님,1648,Gold III (23 LP),1684,Gold III (59 LP)
2026-05-17T11:45:15,거북이,0627,KR,Ranked Flex,함팀장님,1462,Silver I (87 LP),1281,Silver II (31 LP)
2026-05-17T11:45:34,떼그라클,k91,KR,Ranked Flex,Michael,911,Bronze I (36 LP),894,Bronze I (19 LP)
2026-05-17T11:45:41,펑키왈숙,6117,KR,Ranked Flex,Motaju,1077,Silver IV (77 LP),1087,Silver IV (87 LP)
2026-05-17T11:45:54,떼그라쥬,RTG,KR,Ranked Flex,Motaju,2121,Platinum IV (100 LP),1347,Silver II (97 LP)
2026-05-17T11:46:07,떼그라떼그라떼그라떼그라떼그라떼,kr12,KR,Ranked Flex,Motaju,778,Bronze II (28 LP),799,Bronze II (49 LP)
2026-05-17T22:37:31,SasimySean,4174,KR,Ranked Flex,Sean,938,Bronze I (63 LP),889,Bronze I (14 LP)
2026-05-17T22:37:37,일회용라이타,KR1,KR,Ranked Flex,Sean,985,Bronze I (100 LP),636,Bronze III (11 LP)
2026-05-17T22:37:50,떼그라션2,4174,KR,Ranked Flex,Sean,1097,Silver IV (97 LP),599,Bronze IV (99 LP)
2026-05-17T22:38:04,떼그라션,4174,KR,Ranked Flex,Sean,935,Bronze I (60 LP),902,Bronze I (27 LP)
2026-05-17T22:38:17,떼그라숀,4174,KR,Ranked Flex,Sean,979,Bronze I (100 LP),772,Bronze II (22 LP)
2026-05-17T22:38:30,떼그라대,dani,KR,Ranked Flex,Dani,942,Bronze I (67 LP),522,Bronze IV (22 LP)
2026-05-17T22:38:33,떼그라월,1234,KR,Ranked Flex,Wallace,1093,Silver IV (93 LP),819,Bronze II (69 LP)
2026-05-17T22:38:50,떼그라호,0627,KR,Ranked Flex,함팀장님,1363,Silver II (100 LP),1150,Silver III (25 LP)
2026-05-17T22:38:57,qwer,a000,KR,Ranked Flex,함팀장님,1623,Gold IV (100 LP),1684,Gold III (59 LP)
2026-05-17T22:39:03,거북이,0627,KR,Ranked Flex,함팀장님,1235,Silver III (100 LP),1307,Silver II (57 LP)
2026-05-17T22:39:20,떼그라클,k91,KR,Ranked Flex,Michael,911,Bronze I (36 LP),894,Bronze I (19 LP)
2026-05-17T22:39:30,펑키왈숙,6117,KR,Ranked Flex,Motaju,1077,Silver IV (77 LP),1087,Silver IV (87 LP)
2026-05-17T22:39:40,떼그라쥬,RTG,KR,Ranked Flex,Motaju,2121,Platinum IV (100 LP),1347,Silver II (97 LP)
2026-05-17T22:39:53,떼그라떼그라떼그라떼그라떼그라떼,kr12,KR,Ranked Flex,Motaju,778,Bronze II (28 LP),799,Bronze II (49 LP)
2026-05-17T23:15:15,거북이,0627,KR,Ranked Flex,함팀장님,1244,Silver III (100 LP),1329,Silver II (79 LP)
2026-05-18T08:03:51,SasimySean,4174,KR,Ranked Flex,Sean,938,Bronze I (63 LP),889,Bronze I (14 LP)
2026-05-18T08:03:57,일회용라이타,KR1,KR,Ranked Flex,Sean,985,Bronze I (100 LP),636,Bronze III (11 LP)
2026-05-18T08:04:10,떼그라션2,4174,KR,Ranked Flex,Sean,1097,Silver IV (97 LP),599,Bronze IV (99 LP)
2026-05-18T08:04:20,떼그라션,4174,KR,Ranked Flex,Sean,935,Bronze I (60 LP),902,Bronze I (27 LP)
2026-05-18T08:04:27,떼그라숀,4174,KR,Ranked Flex,Sean,979,Bronze I (100 LP),772,Bronze II (22 LP)
2026-05-18T08:04:37,떼그라대,dani,KR,Ranked Flex,Dani,942,Bronze I (67 LP),522,Bronze IV (22 LP)
2026-05-18T08:04:53,떼그라월,1234,KR,Ranked Flex,Wallace,1093,Silver IV (93 LP),819,Bronze II (69 LP)
2026-05-18T08:05:02,떼그라호,0627,KR,Ranked Flex,함팀장님,1363,Silver II (100 LP),1150,Silver III (25 LP)
2026-05-18T08:05:09,qwer,a000,KR,Ranked Flex,함팀장님,1628,Gold III (3 LP),1684,Gold III (59 LP)
2026-05-18T08:05:15,거북이,0627,KR,Ranked Flex,함팀장님,1381,Silver I (6 LP),1376,Silver I (1 LP)
2026-05-18T08:05:35,떼그라클,k91,KR,Ranked Flex,Michael,911,Bronze I (36 LP),894,Bronze I (19 LP)
2026-05-18T08:05:45,펑키왈숙,6117,KR,Ranked Flex,Motaju,1077,Silver IV (77 LP),1087,Silver IV (87 LP)
2026-05-18T08:05:52,떼그라쥬,RTG,KR,Ranked Flex,Motaju,2121,Platinum IV (100 LP),1347,Silver II (97 LP)
2026-05-18T08:05:58,떼그라떼그라떼그라떼그라떼그라떼,kr12,KR,Ranked Flex,Motaju,778,Bronze II (28 LP),799,Bronze II (49 LP)
2026-05-18T14:54:56,SasimySean,4174,KR,Ranked Flex,Sean,938,Bronze I (63 LP),889,Bronze I (14 LP)
2026-05-18T14:55:06,일회용라이타,KR1,KR,Ranked Flex,Sean,985,Bronze I (100 LP),636,Bronze III (11 LP)
2026-05-18T14:55:16,떼그라션2,4174,KR,Ranked Flex,Sean,1097,Silver IV (97 LP),599,Bronze IV (99 LP)
2026-05-18T14:55:22,떼그라션,4174,KR,Ranked Flex,Sean,935,Bronze I (60 LP),902,Bronze I (27 LP)
2026-05-18T14:55:29,떼그라숀,4174,KR,Ranked Flex,Sean,979,Bronze I (100 LP),772,Bronze II (22 LP)
2026-05-18T14:55:39,떼그라대,dani,KR,Ranked Flex,Dani,942,Bronze I (67 LP),522,Bronze IV (22 LP)
2026-05-18T14:55:46,떼그라월,1234,KR,Ranked Flex,Wallace,1093,Silver IV (93 LP),819,Bronze II (69 LP)
2026-05-18T14:55:59,떼그라호,0627,KR,Ranked Flex,함팀장님,1363,Silver II (100 LP),1150,Silver III (25 LP)
2026-05-18T14:56:09,qwer,a000,KR,Ranked Flex,함팀장님,1628,Gold III (3 LP),1684,Gold III (59 LP)
2026-05-18T14:56:16,거북이,0627,KR,Ranked Flex,함팀장님,1394,Silver I (19 LP),1376,Silver I (1 LP)
2026-05-18T14:56:29,떼그라클,k91,KR,Ranked Flex,Michael,911,Bronze I (36 LP),894,Bronze I (19 LP)
2026-05-18T14:56:39,펑키왈숙,6117,KR,Ranked Flex,Motaju,1077,Silver IV (77 LP),1087,Silver IV (87 LP)
2026-05-18T14:56:46,떼그라쥬,RTG,KR,Ranked Flex,Motaju,2121,Platinum IV (100 LP),1347,Silver II (97 LP)
2026-05-18T14:56:52,떼그라떼그라떼그라떼그라떼그라떼,kr12,KR,Ranked Flex,Motaju,778,Bronze II (28 LP),799,Bronze II (49 LP)
2026-05-18T17:46:47,SasimySean,4174,KR,Ranked Flex,Sean,938,Bronze I (63 LP),889,Bronze I (14 LP)
2026-05-18T17:46:57,일회용라이타,KR1,KR,Ranked Flex,Sean,985,Bronze I (100 LP),636,Bronze III (11 LP)
2026-05-18T17:47:07,떼그라션2,4174,KR,Ranked Flex,Sean,1097,Silver IV (97 LP),599,Bronze IV (99 LP)
2026-05-18T17:47:20,떼그라션,4174,KR,Ranked Flex,Sean,935,Bronze I (60 LP),902,Bronze I (27 LP)
2026-05-18T17:47:36,떼그라숀,4174,KR,Ranked Flex,Sean,979,Bronze I (100 LP),772,Bronze II (22 LP)
2026-05-18T17:47:49,떼그라대,dani,KR,Ranked Flex,Dani,1078,Silver IV (78 LP),500,Bronze IV (0 LP)
2026-05-18T17:48:02,떼그라월,1234,KR,Ranked Flex,Wallace,1078,Silver IV (78 LP),800,Bronze II (50 LP)
2026-05-18T17:48:22,떼그라호,0627,KR,Ranked Flex,함팀장님,1363,Silver II (100 LP),1150,Silver III (25 LP)
2026-05-18T17:48:29,qwer,a000,KR,Ranked Flex,함팀장님,1628,Gold III (3 LP),1684,Gold III (59 LP)
2026-05-18T17:48:39,거북이,0627,KR,Ranked Flex,함팀장님,1402,Silver I (27 LP),1333,Silver II (83 LP)
2026-05-18T17:48:55,떼그라클,k91,KR,Ranked Flex,Michael,911,Bronze I (36 LP),894,Bronze I (19 LP)
2026-05-18T17:49:02,펑키왈숙,6117,KR,Ranked Flex,Motaju,1077,Silver IV (77 LP),1087,Silver IV (87 LP)
2026-05-18T17:49:08,떼그라쥬,RTG,KR,Ranked Flex,Motaju,2121,Platinum IV (100 LP),1347,Silver II (97 LP)
2026-05-18T17:49:12,떼그라떼그라떼그라떼그라떼그라떼,kr12,KR,Ranked Flex,Motaju,778,Bronze II (28 LP),799,Bronze II (49 LP)
2026-05-18T18:24:29,SasimySean,4174,KR,Ranked Flex,Sean,942,Bronze I (67 LP),889,Bronze I (14 LP)
2026-05-18T18:25:08,떼그라션2,4174,KR,Ranked Flex,Sean,1097,Silver IV (97 LP),599,Bronze IV (99 LP)
2026-05-18T18:25:18,떼그라션,4174,KR,Ranked Flex,Sean,930,Bronze I (55 LP),902,Bronze I (27 LP)
2026-05-18T18:25:25,떼그라숀,4174,KR,Ranked Flex,Sean,979,Bronze I (100 LP),772,Bronze II (22 LP)
2026-05-18T18:25:30,떼그라대,dani,KR,Ranked Flex,Dani,1073,Silver IV (73 LP),500,Bronze IV (0 LP)
2026-05-18T18:25:40,떼그라월,1234,KR,Ranked Flex,Wallace,1073,Silver IV (73 LP),800,Bronze II (50 LP)
2026-05-18T18:26:14,qwer,a000,KR,Ranked Flex,함팀장님,1628,Gold III (3 LP),1684,Gold III (59 LP)
2026-05-18T18:26:27,거북이,0627,KR,Ranked Flex,함팀장님,1402,Silver I (27 LP),1328,Silver II (78 LP)
2026-05-18T18:26:50,떼그라클,k91,KR,Ranked Flex,Michael,911,Bronze I (36 LP),894,Bronze I (19 LP)
2026-05-18T18:26:56,펑키왈숙,6117,KR,Ranked Flex,Motaju,1072,Silver IV (72 LP),1087,Silver IV (87 LP)
2026-05-18T18:27:03,떼그라쥬,RTG,KR,Ranked Flex,Motaju,2121,Platinum IV (100 LP),1347,Silver II (97 LP)
2026-05-18T18:27:16,떼그라떼그라떼그라떼그라떼그라떼,kr12,KR,Ranked Flex,Motaju,771,Bronze II (21 LP),799,Bronze II (49 LP)
2026-05-18T19:04:39,SasimySean,4174,KR,Ranked Flex,Sean,942,Bronze I (67 LP),889,Bronze I (14 LP)
2026-05-18T19:04:49,일회용라이타,KR1,KR,Ranked Flex,Sean,1205,Silver III (80 LP),664,Bronze III (39 LP)
2026-05-18T19:04:56,떼그라션2,4174,KR,Ranked Flex,Sean,1097,Silver IV (97 LP),599,Bronze IV (99 LP)
2026-05-18T19:05:03,떼그라션,4174,KR,Ranked Flex,Sean,935,Bronze I (60 LP),902,Bronze I (27 LP)
2026-05-18T19:05:13,떼그라숀,4174,KR,Ranked Flex,Sean,979,Bronze I (100 LP),772,Bronze II (22 LP)
2026-05-18T19:05:22,떼그라대,dani,KR,Ranked Flex,Dani,1078,Silver IV (78 LP),500,Bronze IV (0 LP)
2026-05-18T19:05:32,떼그라월,1234,KR,Ranked Flex,Wallace,1078,Silver IV (78 LP),800,Bronze II (50 LP)
2026-05-18T19:05:46,떼그라호,0627,KR,Ranked Flex,함팀장님,1379,Silver I (4 LP),1190,Silver III (65 LP)
2026-05-18T19:05:52,qwer,a000,KR,Ranked Flex,함팀장님,1628,Gold III (3 LP),1684,Gold III (59 LP)
2026-05-18T19:06:02,거북이,0627,KR,Ranked Flex,함팀장님,1402,Silver I (27 LP),1328,Silver II (78 LP)
2026-05-18T19:06:16,떼그라클,k91,KR,Ranked Flex,Michael,911,Bronze I (36 LP),894,Bronze I (19 LP)
2026-05-18T19:06:23,펑키왈숙,6117,KR,Ranked Flex,Motaju,1077,Silver IV (77 LP),1087,Silver IV (87 LP)
2026-05-18T19:06:30,떼그라쥬,RTG,KR,Ranked Flex,Motaju,2121,Platinum IV (100 LP),1347,Silver II (97 LP)
2026-05-18T19:06:46,떼그라떼그라떼그라떼그라떼그라떼,kr12,KR,Ranked Flex,Motaju,778,Bronze II (28 LP),799,Bronze II (49 LP)
2026-05-19T14:06:33,SasimySean,4174,KR,Ranked Flex,Sean,942,Bronze I (67 LP),889,Bronze I (14 LP)
2026-05-19T14:07:05,떼그라션2,4174,KR,Ranked Flex,Sean,1097,Silver IV (97 LP),599,Bronze IV (99 LP)
2026-05-19T14:08:14,떼그라대,dani,KR,Ranked Flex,Dani,1078,Silver IV (78 LP),500,Bronze IV (0 LP)
2026-05-19T14:08:24,떼그라월,1234,KR,Ranked Flex,Wallace,1093,Silver IV (93 LP),781,Bronze II (31 LP)
2026-05-19T14:08:37,떼그라호,0627,KR,Ranked Flex,함팀장님,1379,Silver I (4 LP),1190,Silver III (65 LP)
2026-05-19T14:08:44,qwer,a000,KR,Ranked Flex,함팀장님,1628,Gold III (3 LP),1684,Gold III (59 LP)
2026-05-19T14:08:51,거북이,0627,KR,Ranked Flex,함팀장님,1357,Silver II (100 LP),1310,Silver II (60 LP)
2026-05-19T14:09:03,떼그라클,k91,KR,Ranked Flex,Michael,911,Bronze I (36 LP),894,Bronze I (19 LP)
2026-05-19T14:09:16,펑키왈숙,6117,KR,Ranked Flex,Motaju,1132,Silver III (7 LP),1067,Silver IV (67 LP)
2026-05-19T14:09:26,떼그라쥬,RTG,KR,Ranked Flex,Motaju,2117,Platinum IV (100 LP),1347,Silver II (97 LP)
2026-05-19T14:09:29,떼그라떼그라떼그라떼그라떼그라떼,kr12,KR,Ranked Flex,Motaju,778,Bronze II (28 LP),799,Bronze II (49 LP)
2026-05-19T15:16:29,SasimySean,4174,KR,Ranked Flex,Sean,942,Bronze I (67 LP),889,Bronze I (14 LP)
2026-05-19T15:16:35,일회용라이타,KR1,KR,Ranked Flex,Sean,1209,Silver III (84 LP),692,Bronze III (67 LP)
2026-05-19T15:16:42,떼그라션2,4174,KR,Ranked Flex,Sean,1097,Silver IV (97 LP),599,Bronze IV (99 LP)
2026-05-19T15:16:49,떼그라션,4174,KR,Ranked Flex,Sean,935,Bronze I (60 LP),902,Bronze I (27 LP)
2026-05-19T15:16:55,떼그라숀,4174,KR,Ranked Flex,Sean,985,Bronze I (100 LP),772,Bronze II (22 LP)
2026-05-19T15:17:05,떼그라대,dani,KR,Ranked Flex,Dani,1078,Silver IV (78 LP),500,Bronze IV (0 LP)
2026-05-19T15:17:15,떼그라월,1234,KR,Ranked Flex,Wallace,1093,Silver IV (93 LP),781,Bronze II (31 LP)
2026-05-19T15:17:32,떼그라호,0627,KR,Ranked Flex,함팀장님,1379,Silver I (4 LP),1190,Silver III (65 LP)
2026-05-19T15:17:41,qwer,a000,KR,Ranked Flex,함팀장님,1628,Gold III (3 LP),1684,Gold III (59 LP)
2026-05-19T15:17:48,거북이,0627,KR,Ranked Flex,함팀장님,1357,Silver II (100 LP),1310,Silver II (60 LP)
2026-05-19T15:18:05,떼그라클,k91,KR,Ranked Flex,Michael,911,Bronze I (36 LP),894,Bronze I (19 LP)
2026-05-19T15:18:15,펑키왈숙,6117,KR,Ranked Flex,Motaju,1132,Silver III (7 LP),1067,Silver IV (67 LP)
2026-05-19T15:18:21,떼그라쥬,RTG,KR,Ranked Flex,Motaju,2117,Platinum IV (100 LP),1347,Silver II (97 LP)
2026-05-19T15:18:25,떼그라떼그라떼그라떼그라떼그라떼,kr12,KR,Ranked Flex,Motaju,778,Bronze II (28 LP),799,Bronze II (49 LP)
2026-05-19T19:40:57,SasimySean,4174,KR,Ranked Flex,Sean,938,Bronze I (63 LP),889,Bronze I (14 LP)
2026-05-19T19:41:03,일회용라이타,KR1,KR,Ranked Flex,Sean,1209,Silver III (84 LP),692,Bronze III (67 LP)
2026-05-19T19:41:10,떼그라션2,4174,KR,Ranked Flex,Sean,1097,Silver IV (97 LP),599,Bronze IV (99 LP)
2026-05-19T19:41:17,떼그라션,4174,KR,Ranked Flex,Sean,935,Bronze I (60 LP),902,Bronze I (27 LP)
2026-05-19T19:41:23,떼그라숀,4174,KR,Ranked Flex,Sean,985,Bronze I (100 LP),772,Bronze II (22 LP)
2026-05-19T19:41:27,떼그라대,dani,KR,Ranked Flex,Dani,874,Bronze II (100 LP),450,Iron I (75 LP)
2026-05-19T19:41:34,떼그라월,1234,KR,Ranked Flex,Wallace,1067,Silver IV (67 LP),785,Bronze II (35 LP)
2026-05-19T19:41:47,떼그라호,0627,KR,Ranked Flex,함팀장님,1379,Silver I (4 LP),1190,Silver III (65 LP)
2026-05-19T19:41:54,qwer,a000,KR,Ranked Flex,함팀장님,1628,Gold III (3 LP),1684,Gold III (59 LP)
2026-05-19T19:42:00,거북이,0627,KR,Ranked Flex,함팀장님,1190,Silver III (65 LP),1314,Silver II (64 LP)
2026-05-19T19:42:20,떼그라클,k91,KR,Ranked Flex,Michael,748,Bronze III (100 LP),894,Bronze I (19 LP)
2026-05-19T19:42:27,펑키왈숙,6117,KR,Ranked Flex,Motaju,1050,Silver IV (50 LP),1067,Silver IV (67 LP)
2026-05-19T19:42:33,떼그라쥬,RTG,KR,Ranked Flex,Motaju,2117,Platinum IV (100 LP),1347,Silver II (97 LP)
2026-05-19T19:42:40,떼그라떼그라떼그라떼그라떼그라떼,kr12,KR,Ranked Flex,Motaju,771,Bronze II (21 LP),799,Bronze II (49 LP)
2026-05-19T20:10:40,SasimySean,4174,KR,Ranked Flex,Sean,938,Bronze I (63 LP),889,Bronze I (14 LP)
2026-05-20T08:38:59,SasimySean,4174,KR,Ranked Flex,Sean,938,Bronze I (63 LP),889,Bronze I (14 LP)
2026-05-20T08:39:06,일회용라이타,KR1,KR,Ranked Flex,Sean,1205,Silver III (80 LP),692,Bronze III (67 LP)
2026-05-20T08:39:13,떼그라션2,4174,KR,Ranked Flex,Sean,1102,Silver IV (100 LP),599,Bronze IV (99 LP)
2026-05-20T08:39:16,떼그라션,4174,KR,Ranked Flex,Sean,935,Bronze I (60 LP),902,Bronze I (27 LP)
2026-05-20T08:39:23,떼그라숀,4174,KR,Ranked Flex,Sean,985,Bronze I (100 LP),772,Bronze II (22 LP)
2026-05-20T08:39:33,떼그라대,dani,KR,Ranked Flex,Dani,874,Bronze II (100 LP),450,Iron I (75 LP)
2026-05-20T08:39:43,떼그라월,1234,KR,Ranked Flex,Wallace,1105,Silver IV (100 LP),766,Bronze II (16 LP)
2026-05-20T08:39:53,떼그라호,0627,KR,Ranked Flex,함팀장님,1379,Silver I (4 LP),1190,Silver III (65 LP)
2026-05-20T08:40:06,qwer,a000,KR,Ranked Flex,함팀장님,1628,Gold III (3 LP),1684,Gold III (59 LP)
2026-05-20T08:40:10,거북이,0627,KR,Ranked Flex,함팀장님,1120,Silver IV (100 LP),1295,Silver II (45 LP)
2026-05-20T08:40:27,떼그라클,k91,KR,Ranked Flex,Michael,748,Bronze III (100 LP),894,Bronze I (19 LP)
2026-05-20T08:40:40,펑키왈숙,6117,KR,Ranked Flex,Motaju,1090,Silver IV (90 LP),1047,Silver IV (47 LP)
2026-05-20T08:40:47,떼그라쥬,RTG,KR,Ranked Flex,Motaju,2104,Platinum IV (100 LP),1347,Silver II (97 LP)
2026-05-20T08:40:53,떼그라떼그라떼그라떼그라떼그라떼,kr12,KR,Ranked Flex,Motaju,778,Bronze II (28 LP),799,Bronze II (49 LP)
2026-05-20T15:30:21,SasimySean,4174,KR,Ranked Flex,Sean,938,Bronze I (63 LP),889,Bronze I (14 LP)
2026-05-20T15:30:28,일회용라이타,KR1,KR,Ranked Flex,Sean,1205,Silver III (80 LP),692,Bronze III (67 LP)
2026-05-20T15:30:41,떼그라션2,4174,KR,Ranked Flex,Sean,1102,Silver IV (100 LP),599,Bronze IV (99 LP)
2026-05-20T15:30:47,떼그라션,4174,KR,Ranked Flex,Sean,935,Bronze I (60 LP),902,Bronze I (27 LP)
2026-05-20T15:31:03,떼그라숀,4174,KR,Ranked Flex,Sean,985,Bronze I (100 LP),772,Bronze II (22 LP)
2026-05-20T15:31:17,떼그라대,dani,KR,Ranked Flex,Dani,906,Bronze I (31 LP),424,Iron I (49 LP)
2026-05-20T15:31:30,떼그라월,1234,KR,Ranked Flex,Wallace,906,Bronze I (31 LP),723,Bronze III (98 LP)
2026-05-20T15:31:46,떼그라호,0627,KR,Ranked Flex,함팀장님,1221,Silver III (96 LP),1170,Silver III (45 LP)
2026-05-20T15:31:56,qwer,a000,KR,Ranked Flex,함팀장님,1628,Gold III (3 LP),1684,Gold III (59 LP)
2026-05-20T15:32:03,거북이,0627,KR,Ranked Flex,함팀장님,945,Bronze I (70 LP),1292,Silver II (42 LP)
2026-05-20T15:32:19,떼그라클,k91,KR,Ranked Flex,Michael,869,Bronze II (100 LP),849,Bronze II (99 LP)
2026-05-20T15:32:32,펑키왈숙,6117,KR,Ranked Flex,Motaju,891,Bronze I (16 LP),1027,Silver IV (27 LP)
2026-05-20T15:32:42,떼그라쥬,RTG,KR,Ranked Flex,Motaju,2104,Platinum IV (100 LP),1347,Silver II (97 LP)
2026-05-20T15:32:46,떼그라떼그라떼그라떼그라떼그라떼,kr12,KR,Ranked Flex,Motaju,785,Bronze II (35 LP),799,Bronze II (49 LP)
2026-05-21T09:20:50,SasimySean,4174,KR,Ranked Flex,Sean,938,Bronze I (63 LP),889,Bronze I (14 LP)
2026-05-21T09:20:53,일회용라이타,KR1,KR,Ranked Flex,Sean,1209,Silver III (84 LP),692,Bronze III (67 LP)
2026-05-21T09:21:03,떼그라션2,4174,KR,Ranked Flex,Sean,1113,Silver IV (100 LP),599,Bronze IV (99 LP)
2026-05-21T09:21:13,떼그라션,4174,KR,Ranked Flex,Sean,935,Bronze I (60 LP),902,Bronze I (27 LP)
2026-05-21T09:21:48,떼그라대,dani,KR,Ranked Flex,Dani,805,Bronze II (55 LP),461,Iron I (86 LP)
2026-05-21T09:21:58,떼그라월,1234,KR,Ranked Flex,Wallace,805,Bronze II (55 LP),789,Bronze II (39 LP)
2026-05-21T09:22:12,떼그라호,0627,KR,Ranked Flex,함팀장님,1221,Silver III (96 LP),1170,Silver III (45 LP)
2026-05-21T09:22:31,qwer,a000,KR,Ranked Flex,함팀장님,1590,Gold IV (90 LP),1703,Gold III (78 LP)
2026-05-21T09:22:41,거북이,0627,KR,Ranked Flex,함팀장님,1474,Silver I (99 LP),1287,Silver II (37 LP)
2026-05-21T09:22:54,떼그라클,k91,KR,Ranked Flex,Michael,778,Bronze II (28 LP),914,Bronze I (39 LP)
2026-05-21T09:23:04,펑키왈숙,6117,KR,Ranked Flex,Motaju,790,Bronze II (40 LP),1067,Silver IV (67 LP)
2026-05-21T09:23:14,떼그라쥬,RTG,KR,Ranked Flex,Motaju,2108,Platinum IV (100 LP),1347,Silver II (97 LP)
2026-05-21T09:23:24,떼그라떼그라떼그라떼그라떼그라떼,kr12,KR,Ranked Flex,Motaju,785,Bronze II (35 LP),799,Bronze II (49 LP)
2026-05-21T13:03:32,SasimySean,4174,KR,Ranked Flex,Sean,938,Bronze I (63 LP),889,Bronze I (14 LP)
2026-05-21T13:03:39,일회용라이타,KR1,KR,Ranked Flex,Sean,1209,Silver III (84 LP),692,Bronze III (67 LP)
2026-05-21T13:03:45,떼그라션2,4174,KR,Ranked Flex,Sean,1113,Silver IV (100 LP),599,Bronze IV (99 LP)
2026-05-21T13:03:55,떼그라션,4174,KR,Ranked Flex,Sean,935,Bronze I (60 LP),902,Bronze I (27 LP)
2026-05-21T13:04:05,떼그라숀,4174,KR,Ranked Flex,Sean,985,Bronze I (100 LP),772,Bronze II (22 LP)
2026-05-21T13:04:12,떼그라대,dani,KR,Ranked Flex,Dani,805,Bronze II (55 LP),461,Iron I (86 LP)
2026-05-21T13:04:18,떼그라월,1234,KR,Ranked Flex,Wallace,805,Bronze II (55 LP),789,Bronze II (39 LP)
2026-05-21T13:04:38,떼그라호,0627,KR,Ranked Flex,함팀장님,1221,Silver III (96 LP),1170,Silver III (45 LP)
2026-05-21T13:04:42,qwer,a000,KR,Ranked Flex,함팀장님,1590,Gold IV (90 LP),1703,Gold III (78 LP)
2026-05-21T13:04:52,거북이,0627,KR,Ranked Flex,함팀장님,1474,Silver I (99 LP),1287,Silver II (37 LP)
2026-05-21T13:05:06,떼그라클,k91,KR,Ranked Flex,Michael,778,Bronze II (28 LP),914,Bronze I (39 LP)
2026-05-21T13:05:16,펑키왈숙,6117,KR,Ranked Flex,Motaju,790,Bronze II (40 LP),1067,Silver IV (67 LP)
2026-05-21T13:05:22,떼그라쥬,RTG,KR,Ranked Flex,Motaju,2108,Platinum IV (100 LP),1347,Silver II (97 LP)
2026-05-21T13:05:32,떼그라떼그라떼그라떼그라떼그라떼,kr12,KR,Ranked Flex,Motaju,785,Bronze II (35 LP),799,Bronze II (49 LP)
2026-05-21T14:26:36,SasimySean,4174,KR,Ranked Flex,Sean,938,Bronze I (63 LP),889,Bronze I (14 LP)
2026-05-21T14:26:45,일회용라이타,KR1,KR,Ranked Flex,Sean,1209,Silver III (84 LP),692,Bronze III (67 LP)
2026-05-21T14:26:59,떼그라션2,4174,KR,Ranked Flex,Sean,1113,Silver IV (100 LP),599,Bronze IV (99 LP)
2026-05-21T14:27:08,떼그라션,4174,KR,Ranked Flex,Sean,935,Bronze I (60 LP),902,Bronze I (27 LP)
2026-05-21T14:27:18,떼그라숀,4174,KR,Ranked Flex,Sean,985,Bronze I (100 LP),772,Bronze II (22 LP)
2026-05-21T14:27:28,떼그라대,dani,KR,Ranked Flex,Dani,965,Bronze I (90 LP),500,Bronze IV (0 LP)
2026-05-21T14:27:38,떼그라월,1234,KR,Ranked Flex,Wallace,805,Bronze II (55 LP),789,Bronze II (39 LP)
2026-05-21T14:27:48,떼그라호,0627,KR,Ranked Flex,함팀장님,914,Bronze I (39 LP),1170,Silver III (45 LP)
2026-05-21T14:28:01,qwer,a000,KR,Ranked Flex,함팀장님,1590,Gold IV (90 LP),1703,Gold III (78 LP)
2026-05-21T14:28:08,거북이,0627,KR,Ranked Flex,함팀장님,1474,Silver I (99 LP),1287,Silver II (37 LP)
2026-05-21T14:28:18,떼그라클,k91,KR,Ranked Flex,Michael,915,Bronze I (40 LP),914,Bronze I (39 LP)
2026-05-21T14:28:25,펑키왈숙,6117,KR,Ranked Flex,Motaju,790,Bronze II (40 LP),1067,Silver IV (67 LP)
2026-05-21T14:28:35,떼그라쥬,RTG,KR,Ranked Flex,Motaju,2108,Platinum IV (100 LP),1347,Silver II (97 LP)
2026-05-21T14:28:48,떼그라떼그라떼그라떼그라떼그라떼,kr12,KR,Ranked Flex,Motaju,785,Bronze II (35 LP),799,Bronze II (49 LP)
2026-05-21T15:09:06,SasimySean,4174,KR,Ranked Flex,Sean,938,Bronze I (63 LP),889,Bronze I (14 LP)
2026-05-21T15:09:15,일회용라이타,KR1,KR,Ranked Flex,Sean,1209,Silver III (84 LP),692,Bronze III (67 LP)
2026-05-21T15:09:22,떼그라션2,4174,KR,Ranked Flex,Sean,1113,Silver IV (100 LP),599,Bronze IV (99 LP)
2026-05-21T15:09:32,떼그라션,4174,KR,Ranked Flex,Sean,935,Bronze I (60 LP),902,Bronze I (27 LP)
2026-05-21T15:09:42,떼그라숀,4174,KR,Ranked Flex,Sean,1008,Silver IV (8 LP),761,Bronze II (11 LP)
2026-05-21T15:09:48,떼그라대,dani,KR,Ranked Flex,Dani,982,Bronze I (100 LP),500,Bronze IV (0 LP)
2026-05-21T15:09:55,떼그라월,1234,KR,Ranked Flex,Wallace,805,Bronze II (55 LP),789,Bronze II (39 LP)
2026-05-21T15:10:12,떼그라호,0627,KR,Ranked Flex,함팀장님,914,Bronze I (39 LP),1150,Silver III (25 LP)
2026-05-21T15:10:22,qwer,a000,KR,Ranked Flex,함팀장님,1590,Gold IV (90 LP),1703,Gold III (78 LP)
2026-05-21T15:10:31,거북이,0627,KR,Ranked Flex,함팀장님,1479,Silver I (100 LP),1287,Silver II (37 LP)
2026-05-21T15:10:45,떼그라클,k91,KR,Ranked Flex,Michael,930,Bronze I (55 LP),894,Bronze I (19 LP)
2026-05-21T15:10:55,펑키왈숙,6117,KR,Ranked Flex,Motaju,790,Bronze II (40 LP),1067,Silver IV (67 LP)
2026-05-21T15:11:01,떼그라쥬,RTG,KR,Ranked Flex,Motaju,2108,Platinum IV (100 LP),1347,Silver II (97 LP)
2026-05-21T15:11:05,떼그라떼그라떼그라떼그라떼그라떼,kr12,KR,Ranked Flex,Motaju,785,Bronze II (35 LP),799,Bronze II (49 LP)
2026-05-21T15:49:31,SasimySean,4174,KR,Ranked Flex,Sean,938,Bronze I (63 LP),889,Bronze I (14 LP)
2026-05-21T15:49:41,일회용라이타,KR1,KR,Ranked Flex,Sean,1209,Silver III (84 LP),692,Bronze III (67 LP)
2026-05-21T15:49:51,떼그라션2,4174,KR,Ranked Flex,Sean,1113,Silver IV (100 LP),599,Bronze IV (99 LP)
2026-05-21T15:50:04,떼그라션,4174,KR,Ranked Flex,Sean,935,Bronze I (60 LP),902,Bronze I (27 LP)
2026-05-21T15:50:23,떼그라숀,4174,KR,Ranked Flex,Sean,860,Bronze II (100 LP),790,Bronze II (40 LP)
2026-05-21T15:50:30,떼그라대,dani,KR,Ranked Flex,Dani,860,Bronze II (100 LP),535,Bronze IV (35 LP)
2026-05-21T15:50:40,떼그라월,1234,KR,Ranked Flex,Wallace,805,Bronze II (55 LP),789,Bronze II (39 LP)
2026-05-21T15:50:50,떼그라호,0627,KR,Ranked Flex,함팀장님,788,Bronze II (38 LP),1170,Silver III (45 LP)
2026-05-21T15:51:00,qwer,a000,KR,Ranked Flex,함팀장님,1590,Gold IV (90 LP),1703,Gold III (78 LP)
2026-05-21T15:51:06,거북이,0627,KR,Ranked Flex,함팀장님,1479,Silver I (100 LP),1287,Silver II (37 LP)
2026-05-21T15:51:07,거북이,0627,KR,Ranked Flex,함팀장님,1479,Silver I (100 LP),1287,Silver II (37 LP)
2026-05-21T15:51:29,떼그라클,k91,KR,Ranked Flex,Michael,821,Bronze II (71 LP),934,Bronze I (59 LP)
2026-05-21T15:51:30,떼그라클,k91,KR,Ranked Flex,Michael,821,Bronze II (71 LP),934,Bronze I (59 LP)
2026-05-21T15:51:36,펑키왈숙,6117,KR,Ranked Flex,Motaju,790,Bronze II (40 LP),1067,Silver IV (67 LP)
2026-05-21T15:51:37,펑키왈숙,6117,KR,Ranked Flex,Motaju,790,Bronze II (40 LP),1067,Silver IV (67 LP)
2026-05-21T15:51:43,떼그라쥬,RTG,KR,Ranked Flex,Motaju,2108,Platinum IV (100 LP),1347,Silver II (97 LP)
2026-05-21T15:51:46,떼그라떼그라떼그라떼그라떼그라떼,kr12,KR,Ranked Flex,Motaju,785,Bronze II (35 LP),799,Bronze II (49 LP)
2026-05-21T15:51:47,떼그라떼그라떼그라떼그라떼그라떼,kr12,KR,Ranked Flex,Motaju,785,Bronze II (35 LP),799,Bronze II (49 LP)
2026-05-21T16:01:56,SasimySean,4174,KR,Ranked Flex,Sean,938,Bronze I (63 LP),889,Bronze I (14 LP)
2026-05-21T16:01:58,일회용라이타,KR1,KR,Ranked Flex,Sean,1209,Silver III (84 LP),692,Bronze III (67 LP)
2026-05-21T16:02:00,떼그라션2,4174,KR,Ranked Flex,Sean,1113,Silver IV (100 LP),599,Bronze IV (99 LP)
2026-05-21T16:02:02,떼그라션,4174,KR,Ranked Flex,Sean,935,Bronze I (60 LP),902,Bronze I (27 LP)
2026-05-21T16:02:03,떼그라숀,4174,KR,Ranked Flex,Sean,860,Bronze II (100 LP),790,Bronze II (40 LP)
2026-05-21T16:02:07,떼그라대,dani,KR,Ranked Flex,Dani,860,Bronze II (100 LP),535,Bronze IV (35 LP)
2026-05-21T16:02:12,떼그라월,1234,KR,Ranked Flex,Wallace,805,Bronze II (55 LP),789,Bronze II (39 LP)
2026-05-21T16:02:17,떼그라호,0627,KR,Ranked Flex,함팀장님,788,Bronze II (38 LP),1170,Silver III (45 LP)
2026-05-21T16:02:20,qwer,a000,KR,Ranked Flex,함팀장님,1590,Gold IV (90 LP),1703,Gold III (78 LP)
2026-05-21T16:02:24,거북이,0627,KR,Ranked Flex,함팀장님,1479,Silver I (100 LP),1287,Silver II (37 LP)
2026-05-21T16:02:31,떼그라클,k91,KR,Ranked Flex,Michael,821,Bronze II (71 LP),934,Bronze I (59 LP)
2026-05-21T16:02:36,펑키왈숙,6117,KR,Ranked Flex,Motaju,790,Bronze II (40 LP),1067,Silver IV (67 LP)
2026-05-21T16:02:38,떼그라쥬,RTG,KR,Ranked Flex,Motaju,2108,Platinum IV (100 LP),1347,Silver II (97 LP)
2026-05-21T16:02:40,떼그라떼그라떼그라떼그라떼그라떼,kr12,KR,Ranked Flex,Motaju,785,Bronze II (35 LP),799,Bronze II (49 LP)
2026-05-21T16:32:08,SasimySean,4174,KR,Ranked Flex,Sean,938,Bronze I (63 LP),889,Bronze I (14 LP)
2026-05-21T16:32:18,일회용라이타,KR1,KR,Ranked Flex,Sean,1209,Silver III (84 LP),692,Bronze III (67 LP)
2026-05-21T16:32:28,떼그라션2,4174,KR,Ranked Flex,Sean,1113,Silver IV (100 LP),599,Bronze IV (99 LP)
2026-05-21T16:32:34,떼그라션,4174,KR,Ranked Flex,Sean,935,Bronze I (60 LP),902,Bronze I (27 LP)
2026-05-21T16:32:44,떼그라숀,4174,KR,Ranked Flex,Sean,860,Bronze II (100 LP),820,Bronze II (70 LP)
2026-05-21T16:32:57,떼그라대,dani,KR,Ranked Flex,Dani,860,Bronze II (100 LP),535,Bronze IV (35 LP)
2026-05-21T16:33:04,떼그라월,1234,KR,Ranked Flex,Wallace,805,Bronze II (55 LP),789,Bronze II (39 LP)
2026-05-21T16:33:18,떼그라호,0627,KR,Ranked Flex,함팀장님,788,Bronze II (38 LP),1190,Silver III (65 LP)
2026-05-21T16:33:21,qwer,a000,KR,Ranked Flex,함팀장님,1590,Gold IV (90 LP),1703,Gold III (78 LP)
2026-05-21T16:33:26,거북이,0627,KR,Ranked Flex,함팀장님,1485,Silver I (100 LP),1287,Silver II (37 LP)
2026-05-21T16:33:40,떼그라클,k91,KR,Ranked Flex,Michael,821,Bronze II (71 LP),934,Bronze I (59 LP)
2026-05-21T16:33:43,펑키왈숙,6117,KR,Ranked Flex,Motaju,790,Bronze II (40 LP),1067,Silver IV (67 LP)
2026-05-21T16:33:53,떼그라쥬,RTG,KR,Ranked Flex,Motaju,2108,Platinum IV (100 LP),1347,Silver II (97 LP)
2026-05-21T16:34:00,떼그라떼그라떼그라떼그라떼그라떼,kr12,KR,Ranked Flex,Motaju,785,Bronze II (35 LP),799,Bronze II (49 LP)
2026-05-21T18:15:07,SasimySean,4174,KR,Ranked Flex,Sean,938,Bronze I (63 LP),889,Bronze I (14 LP)
2026-05-21T18:15:14,일회용라이타,KR1,KR,Ranked Flex,Sean,1209,Silver III (84 LP),692,Bronze III (67 LP)
2026-05-21T18:15:23,떼그라션2,4174,KR,Ranked Flex,Sean,1113,Silver IV (100 LP),599,Bronze IV (99 LP)
2026-05-21T18:15:33,떼그라션,4174,KR,Ranked Flex,Sean,941,Bronze I (66 LP),902,Bronze I (27 LP)
2026-05-21T18:15:40,떼그라숀,4174,KR,Ranked Flex,Sean,860,Bronze II (100 LP),820,Bronze II (70 LP)
2026-05-21T18:15:53,떼그라대,dani,KR,Ranked Flex,Dani,860,Bronze II (100 LP),535,Bronze IV (35 LP)
2026-05-21T18:16:03,떼그라월,1234,KR,Ranked Flex,Wallace,805,Bronze II (55 LP),789,Bronze II (39 LP)
2026-05-21T18:16:13,떼그라호,0627,KR,Ranked Flex,함팀장님,788,Bronze II (38 LP),1190,Silver III (65 LP)
2026-05-21T18:16:23,qwer,a000,KR,Ranked Flex,함팀장님,1590,Gold IV (90 LP),1703,Gold III (78 LP)
2026-05-21T18:16:30,거북이,0627,KR,Ranked Flex,함팀장님,1479,Silver I (100 LP),1287,Silver II (37 LP)
2026-05-21T18:16:43,떼그라클,k91,KR,Ranked Flex,Michael,821,Bronze II (71 LP),934,Bronze I (59 LP)
2026-05-21T18:16:53,펑키왈숙,6117,KR,Ranked Flex,Motaju,790,Bronze II (40 LP),1067,Silver IV (67 LP)
2026-05-21T18:17:00,떼그라쥬,RTG,KR,Ranked Flex,Motaju,2113,Platinum IV (100 LP),1347,Silver II (97 LP)
2026-05-21T18:17:10,떼그라떼그라떼그라떼그라떼그라떼,kr12,KR,Ranked Flex,Motaju,785,Bronze II (35 LP),799,Bronze II (49 LP)
2026-05-21T19:45:05,SasimySean,4174,KR,Ranked Flex,Sean,938,Bronze I (63 LP),889,Bronze I (14 LP)
2026-05-21T19:45:18,일회용라이타,KR1,KR,Ranked Flex,Sean,1214,Silver III (89 LP),692,Bronze III (67 LP)
2026-05-21T19:45:25,떼그라션2,4174,KR,Ranked Flex,Sean,1113,Silver IV (100 LP),599,Bronze IV (99 LP)
2026-05-21T19:45:31,떼그라션,4174,KR,Ranked Flex,Sean,941,Bronze I (66 LP),902,Bronze I (27 LP)
2026-05-21T19:45:38,떼그라숀,4174,KR,Ranked Flex,Sean,860,Bronze II (100 LP),820,Bronze II (70 LP)
2026-05-21T19:45:45,떼그라대,dani,KR,Ranked Flex,Dani,860,Bronze II (100 LP),535,Bronze IV (35 LP)
2026-05-21T19:45:51,떼그라월,1234,KR,Ranked Flex,Wallace,1012,Silver IV (12 LP),770,Bronze II (20 LP)
2026-05-21T19:46:02,떼그라호,0627,KR,Ranked Flex,함팀장님,788,Bronze II (38 LP),1190,Silver III (65 LP)
2026-05-21T19:46:21,qwer,a000,KR,Ranked Flex,함팀장님,1590,Gold IV (90 LP),1703,Gold III (78 LP)
2026-05-21T19:46:28,거북이,0627,KR,Ranked Flex,함팀장님,1675,Gold III (50 LP),1329,Silver II (79 LP)
2026-05-21T19:46:44,떼그라클,k91,KR,Ranked Flex,Michael,821,Bronze II (71 LP),934,Bronze I (59 LP)
2026-05-21T19:46:51,펑키왈숙,6117,KR,Ranked Flex,Motaju,795,Bronze II (45 LP),1067,Silver IV (67 LP)
2026-05-21T19:47:01,떼그라쥬,RTG,KR,Ranked Flex,Motaju,2113,Platinum IV (100 LP),1347,Silver II (97 LP)
2026-05-21T19:47:20,떼그라떼그라떼그라떼그라떼그라떼,kr12,KR,Ranked Flex,Motaju,1136,Silver III (11 LP),787,Bronze II (37 LP)
2026-05-21T20:01:56,SasimySean,4174,KR,Ranked Flex,Sean,938,Bronze I (63 LP),889,Bronze I (14 LP)
2026-05-21T20:01:58,일회용라이타,KR1,KR,Ranked Flex,Sean,1214,Silver III (89 LP),692,Bronze III (67 LP)
2026-05-21T20:02:00,떼그라션2,4174,KR,Ranked Flex,Sean,1113,Silver IV (100 LP),599,Bronze IV (99 LP)
2026-05-21T20:02:02,떼그라션,4174,KR,Ranked Flex,Sean,941,Bronze I (66 LP),902,Bronze I (27 LP)
2026-05-21T20:02:03,떼그라숀,4174,KR,Ranked Flex,Sean,860,Bronze II (100 LP),820,Bronze II (70 LP)
2026-05-21T20:02:08,떼그라대,dani,KR,Ranked Flex,Dani,860,Bronze II (100 LP),535,Bronze IV (35 LP)
2026-05-21T20:02:11,떼그라월,1234,KR,Ranked Flex,Wallace,1012,Silver IV (12 LP),770,Bronze II (20 LP)
2026-05-21T20:02:16,떼그라호,0627,KR,Ranked Flex,함팀장님,788,Bronze II (38 LP),1190,Silver III (65 LP)
2026-05-21T20:02:19,qwer,a000,KR,Ranked Flex,함팀장님,1590,Gold IV (90 LP),1703,Gold III (78 LP)
2026-05-21T20:02:23,거북이,0627,KR,Ranked Flex,함팀장님,1675,Gold III (50 LP),1329,Silver II (79 LP)
2026-05-21T20:02:29,떼그라클,k91,KR,Ranked Flex,Michael,821,Bronze II (71 LP),934,Bronze I (59 LP)
2026-05-21T20:02:33,펑키왈숙,6117,KR,Ranked Flex,Motaju,795,Bronze II (45 LP),1067,Silver IV (67 LP)
2026-05-21T20:02:35,떼그라쥬,RTG,KR,Ranked Flex,Motaju,2113,Platinum IV (100 LP),1347,Silver II (97 LP)
2026-05-21T20:02:36,떼그라떼그라떼그라떼그라떼그라떼,kr12,KR,Ranked Flex,Motaju,1136,Silver III (11 LP),787,Bronze II (37 LP)
2026-05-21T20:17:40,SasimySean,4174,KR,Ranked Flex,Sean,938,Bronze I (63 LP),889,Bronze I (14 LP)
2026-05-21T20:17:50,일회용라이타,KR1,KR,Ranked Flex,Sean,1214,Silver III (89 LP),692,Bronze III (67 LP)
2026-05-21T20:18:00,떼그라션2,4174,KR,Ranked Flex,Sean,1113,Silver IV (100 LP),599,Bronze IV (99 LP)
2026-05-21T20:18:10,떼그라션,4174,KR,Ranked Flex,Sean,941,Bronze I (66 LP),902,Bronze I (27 LP)
2026-05-21T20:18:20,떼그라숀,4174,KR,Ranked Flex,Sean,860,Bronze II (100 LP),820,Bronze II (70 LP)
2026-05-21T20:18:30,떼그라대,dani,KR,Ranked Flex,Dani,860,Bronze II (100 LP),535,Bronze IV (35 LP)
2026-05-21T20:18:40,떼그라월,1234,KR,Ranked Flex,Wallace,1288,Silver II (38 LP),750,Bronze II (0 LP)
2026-05-21T20:18:53,떼그라호,0627,KR,Ranked Flex,함팀장님,788,Bronze II (38 LP),1190,Silver III (65 LP)
2026-05-21T20:19:06,qwer,a000,KR,Ranked Flex,함팀장님,1590,Gold IV (90 LP),1703,Gold III (78 LP)
2026-05-21T20:19:13,거북이,0627,KR,Ranked Flex,함팀장님,1675,Gold III (50 LP),1324,Silver II (74 LP)
2026-05-21T20:19:27,떼그라클,k91,KR,Ranked Flex,Michael,821,Bronze II (71 LP),934,Bronze I (59 LP)
2026-05-21T20:19:33,펑키왈숙,6117,KR,Ranked Flex,Motaju,795,Bronze II (45 LP),1067,Silver IV (67 LP)
2026-05-21T20:19:43,떼그라쥬,RTG,KR,Ranked Flex,Motaju,2113,Platinum IV (100 LP),1347,Silver II (97 LP)
2026-05-21T20:19:50,떼그라떼그라떼그라떼그라떼그라떼,kr12,KR,Ranked Flex,Motaju,1285,Silver II (35 LP),775,Bronze II (25 LP)
2026-05-21T20:42:03,SasimySean,4174,KR,Ranked Flex,Sean,938,Bronze I (63 LP),889,Bronze I (14 LP)
2026-05-21T20:42:16,일회용라이타,KR1,KR,Ranked Flex,Sean,1214,Silver III (89 LP),692,Bronze III (67 LP)
2026-05-21T20:42:23,떼그라션2,4174,KR,Ranked Flex,Sean,1113,Silver IV (100 LP),599,Bronze IV (99 LP)
2026-05-21T20:42:58,떼그라숀,4174,KR,Ranked Flex,Sean,860,Bronze II (100 LP),820,Bronze II (70 LP)
2026-05-21T20:43:11,떼그라대,dani,KR,Ranked Flex,Dani,860,Bronze II (100 LP),535,Bronze IV (35 LP)
2026-05-21T20:43:21,떼그라월,1234,KR,Ranked Flex,Wallace,1463,Silver I (88 LP),770,Bronze II (20 LP)
2026-05-21T20:43:31,떼그라호,0627,KR,Ranked Flex,함팀장님,788,Bronze II (38 LP),1190,Silver III (65 LP)
2026-05-21T20:43:41,qwer,a000,KR,Ranked Flex,함팀장님,1590,Gold IV (90 LP),1703,Gold III (78 LP)
2026-05-21T20:43:57,거북이,0627,KR,Ranked Flex,함팀장님,1675,Gold III (50 LP),1324,Silver II (74 LP)
2026-05-21T20:44:10,떼그라클,k91,KR,Ranked Flex,Michael,821,Bronze II (71 LP),934,Bronze I (59 LP)
2026-05-21T20:44:17,펑키왈숙,6117,KR,Ranked Flex,Motaju,795,Bronze II (45 LP),1067,Silver IV (67 LP)
2026-05-21T20:44:24,떼그라쥬,RTG,KR,Ranked Flex,Motaju,2113,Platinum IV (100 LP),1347,Silver II (97 LP)
2026-05-21T20:44:27,떼그라떼그라떼그라떼그라떼그라떼,kr12,KR,Ranked Flex,Motaju,1343,Silver II (93 LP),802,Bronze II (52 LP)
2026-05-21T21:49:27,SasimySean,4174,KR,Ranked Flex,Sean,938,Bronze I (63 LP),889,Bronze I (14 LP)
2026-05-21T21:49:33,일회용라이타,KR1,KR,Ranked Flex,Sean,1214,Silver III (89 LP),692,Bronze III (67 LP)
2026-05-21T21:49:43,떼그라션2,4174,KR,Ranked Flex,Sean,1113,Silver IV (100 LP),599,Bronze IV (99 LP)
2026-05-21T21:49:56,떼그라션,4174,KR,Ranked Flex,Sean,941,Bronze I (66 LP),902,Bronze I (27 LP)
2026-05-21T21:50:09,떼그라숀,4174,KR,Ranked Flex,Sean,860,Bronze II (100 LP),820,Bronze II (70 LP)
2026-05-21T21:50:19,떼그라대,dani,KR,Ranked Flex,Dani,860,Bronze II (100 LP),535,Bronze IV (35 LP)
2026-05-21T21:50:29,떼그라월,1234,KR,Ranked Flex,Wallace,1463,Silver I (88 LP),770,Bronze II (20 LP)
2026-05-21T21:50:42,떼그라호,0627,KR,Ranked Flex,함팀장님,788,Bronze II (38 LP),1190,Silver III (65 LP)
2026-05-21T21:50:59,qwer,a000,KR,Ranked Flex,함팀장님,1590,Gold IV (90 LP),1703,Gold III (78 LP)
2026-05-21T21:51:05,거북이,0627,KR,Ranked Flex,함팀장님,1675,Gold III (50 LP),1324,Silver II (74 LP)
2026-05-21T21:51:22,떼그라클,k91,KR,Ranked Flex,Michael,821,Bronze II (71 LP),934,Bronze I (59 LP)
2026-05-21T21:51:29,펑키왈숙,6117,KR,Ranked Flex,Motaju,795,Bronze II (45 LP),1067,Silver IV (67 LP)
2026-05-21T21:51:42,떼그라쥬,RTG,KR,Ranked Flex,Motaju,2113,Platinum IV (100 LP),1347,Silver II (97 LP)
2026-05-21T21:51:51,떼그라떼그라떼그라떼그라떼그라떼,kr12,KR,Ranked Flex,Motaju,1343,Silver II (93 LP),802,Bronze II (52 LP)
2026-05-22T01:01:54,거북이,0627,KR,Ranked Flex,함팀장님,1610,Gold IV (100 LP),1346,Silver II (96 LP)
2026-05-22T10:02:44,SasimySean,4174,KR,Ranked Flex,Sean,934,Bronze I (59 LP),889,Bronze I (14 LP)
2026-05-22T10:02:51,일회용라이타,KR1,KR,Ranked Flex,Sean,1218,Silver III (93 LP),692,Bronze III (67 LP)
2026-05-22T10:02:57,떼그라션2,4174,KR,Ranked Flex,Sean,1118,Silver IV (100 LP),599,Bronze IV (99 LP)
2026-05-22T10:03:11,떼그라션,4174,KR,Ranked Flex,Sean,941,Bronze I (66 LP),902,Bronze I (27 LP)
2026-05-22T10:03:24,떼그라숀,4174,KR,Ranked Flex,Sean,860,Bronze II (100 LP),820,Bronze II (70 LP)
2026-05-22T10:03:33,떼그라대,dani,KR,Ranked Flex,Dani,860,Bronze II (100 LP),535,Bronze IV (35 LP)
2026-05-22T10:03:40,떼그라월,1234,KR,Ranked Flex,Wallace,1463,Silver I (88 LP),770,Bronze II (20 LP)
2026-05-22T10:03:50,떼그라호,0627,KR,Ranked Flex,함팀장님,788,Bronze II (38 LP),1190,Silver III (65 LP)
2026-05-22T10:04:07,qwer,a000,KR,Ranked Flex,함팀장님,1595,Gold IV (95 LP),1703,Gold III (78 LP)
2026-05-22T10:04:20,거북이,0627,KR,Ranked Flex,함팀장님,1550,Gold IV (50 LP),1327,Silver II (77 LP)
2026-05-22T10:04:43,떼그라클,k91,KR,Ranked Flex,Michael,821,Bronze II (71 LP),934,Bronze I (59 LP)
2026-05-22T10:04:56,펑키왈숙,6117,KR,Ranked Flex,Motaju,795,Bronze II (45 LP),1067,Silver IV (67 LP)
2026-05-22T10:05:06,떼그라쥬,RTG,KR,Ranked Flex,Motaju,2113,Platinum IV (100 LP),1347,Silver II (97 LP)
2026-05-22T10:05:19,떼그라떼그라떼그라떼그라떼그라떼,kr12,KR,Ranked Flex,Motaju,1343,Silver II (93 LP),802,Bronze II (52 LP)
2026-05-22T11:27:21,SasimySean,4174,KR,Ranked Flex,Sean,934,Bronze I (59 LP),889,Bronze I (14 LP)
2026-05-22T11:27:28,일회용라이타,KR1,KR,Ranked Flex,Sean,1218,Silver III (93 LP),692,Bronze III (67 LP)
2026-05-22T11:27:34,떼그라션2,4174,KR,Ranked Flex,Sean,1118,Silver IV (100 LP),599,Bronze IV (99 LP)
2026-05-22T11:27:44,떼그라션,4174,KR,Ranked Flex,Sean,941,Bronze I (66 LP),902,Bronze I (27 LP)
2026-05-22T11:28:00,떼그라숀,4174,KR,Ranked Flex,Sean,860,Bronze II (100 LP),820,Bronze II (70 LP)
2026-05-22T11:28:10,떼그라대,dani,KR,Ranked Flex,Dani,860,Bronze II (100 LP),535,Bronze IV (35 LP)
2026-05-22T11:28:20,떼그라월,1234,KR,Ranked Flex,Wallace,1463,Silver I (88 LP),770,Bronze II (20 LP)
2026-05-22T11:28:31,떼그라호,0627,KR,Ranked Flex,함팀장님,788,Bronze II (38 LP),1190,Silver III (65 LP)
2026-05-22T11:28:38,qwer,a000,KR,Ranked Flex,함팀장님,1595,Gold IV (95 LP),1703,Gold III (78 LP)
2026-05-22T11:28:51,거북이,0627,KR,Ranked Flex,함팀장님,1550,Gold IV (50 LP),1327,Silver II (77 LP)
2026-05-22T11:29:11,떼그라클,k91,KR,Ranked Flex,Michael,821,Bronze II (71 LP),934,Bronze I (59 LP)
2026-05-22T11:29:17,펑키왈숙,6117,KR,Ranked Flex,Motaju,795,Bronze II (45 LP),1067,Silver IV (67 LP)
2026-05-22T11:29:30,떼그라쥬,RTG,KR,Ranked Flex,Motaju,2113,Platinum IV (100 LP),1347,Silver II (97 LP)
2026-05-22T11:29:40,떼그라떼그라떼그라떼그라떼그라떼,kr12,KR,Ranked Flex,Motaju,1343,Silver II (93 LP),802,Bronze II (52 LP)
2026-05-22T12:44:26,SasimySean,4174,KR,Ranked Flex,Sean,934,Bronze I (59 LP),889,Bronze I (14 LP)
2026-05-22T12:45:01,떼그라션2,4174,KR,Ranked Flex,Sean,1118,Silver IV (100 LP),599,Bronze IV (99 LP)
2026-05-22T12:46:28,떼그라월,1234,KR,Ranked Flex,Wallace,1463,Silver I (88 LP),770,Bronze II (20 LP)
2026-05-22T12:46:45,떼그라호,0627,KR,Ranked Flex,함팀장님,800,Bronze II (50 LP),1190,Silver III (65 LP)
2026-05-22T12:46:49,qwer,a000,KR,Ranked Flex,함팀장님,1595,Gold IV (95 LP),1703,Gold III (78 LP)
2026-05-22T12:47:02,거북이,0627,KR,Ranked Flex,함팀장님,1550,Gold IV (50 LP),1327,Silver II (77 LP)
2026-05-22T12:47:22,떼그라클,k91,KR,Ranked Flex,Michael,833,Bronze II (83 LP),934,Bronze I (59 LP)
2026-05-22T12:47:35,펑키왈숙,6117,KR,Ranked Flex,Motaju,790,Bronze II (40 LP),1067,Silver IV (67 LP)
2026-05-22T12:47:44,떼그라쥬,RTG,KR,Ranked Flex,Motaju,2113,Platinum IV (100 LP),1347,Silver II (97 LP)
2026-05-22T12:47:58,떼그라떼그라떼그라떼그라떼그라떼,kr12,KR,Ranked Flex,Motaju,1343,Silver II (93 LP),802,Bronze II (52 LP)
2026-05-22T14:26:21,SasimySean,4174,KR,Ranked Flex,Sean,934,Bronze I (59 LP),889,Bronze I (14 LP)
2026-05-22T14:26:31,일회용라이타,KR1,KR,Ranked Flex,Sean,1214,Silver III (89 LP),692,Bronze III (67 LP)
2026-05-22T14:26:41,떼그라션2,4174,KR,Ranked Flex,Sean,1118,Silver IV (100 LP),599,Bronze IV (99 LP)
2026-05-22T14:26:50,떼그라션,4174,KR,Ranked Flex,Sean,941,Bronze I (66 LP),902,Bronze I (27 LP)
2026-05-22T14:27:04,떼그라숀,4174,KR,Ranked Flex,Sean,860,Bronze II (100 LP),820,Bronze II (70 LP)
2026-05-22T14:27:13,떼그라대,dani,KR,Ranked Flex,Dani,875,Bronze I (0 LP),513,Bronze IV (13 LP)
2026-05-22T14:27:20,떼그라월,1234,KR,Ranked Flex,Wallace,1463,Silver I (88 LP),770,Bronze II (20 LP)
2026-05-22T14:27:34,떼그라호,0627,KR,Ranked Flex,함팀장님,800,Bronze II (50 LP),1190,Silver III (65 LP)
2026-05-22T14:27:47,qwer,a000,KR,Ranked Flex,함팀장님,1595,Gold IV (95 LP),1703,Gold III (78 LP)
2026-05-22T14:27:56,거북이,0627,KR,Ranked Flex,함팀장님,1550,Gold IV (50 LP),1327,Silver II (77 LP)
2026-05-22T14:28:13,떼그라클,k91,KR,Ranked Flex,Michael,833,Bronze II (83 LP),914,Bronze I (39 LP)
2026-05-22T14:28:20,펑키왈숙,6117,KR,Ranked Flex,Motaju,790,Bronze II (40 LP),1067,Silver IV (67 LP)
2026-05-22T14:28:30,떼그라쥬,RTG,KR,Ranked Flex,Motaju,2113,Platinum IV (100 LP),1347,Silver II (97 LP)
2026-05-22T14:28:33,떼그라떼그라떼그라떼그라떼그라떼,kr12,KR,Ranked Flex,Motaju,1343,Silver II (93 LP),802,Bronze II (52 LP)
2026-05-22T16:52:21,거북이,0627,KR,Ranked Flex,함팀장님,1513,Gold IV (13 LP),1349,Silver II (99 LP)
2026-05-22T16:52:37,떼그라호,0627,KR,Ranked Flex,함팀장님,800,Bronze II (50 LP),1190,Silver III (65 LP)
2026-05-22T17:39:28,SasimySean,4174,KR,Ranked Flex,Sean,934,Bronze I (59 LP),889,Bronze I (14 LP)
2026-05-22T17:39:38,일회용라이타,KR1,KR,Ranked Flex,Sean,1214,Silver III (89 LP),692,Bronze III (67 LP)
2026-05-22T17:39:51,떼그라션2,4174,KR,Ranked Flex,Sean,1118,Silver IV (100 LP),599,Bronze IV (99 LP)
2026-05-22T17:39:58,떼그라션,4174,KR,Ranked Flex,Sean,935,Bronze I (60 LP),902,Bronze I (27 LP)
2026-05-22T17:40:08,떼그라숀,4174,KR,Ranked Flex,Sean,860,Bronze II (100 LP),815,Bronze II (65 LP)
2026-05-22T17:40:18,떼그라대,dani,KR,Ranked Flex,Dani,875,Bronze I (0 LP),513,Bronze IV (13 LP)
2026-05-22T17:40:27,떼그라월,1234,KR,Ranked Flex,Wallace,1463,Silver I (88 LP),770,Bronze II (20 LP)
2026-05-22T17:40:44,떼그라호,0627,KR,Ranked Flex,함팀장님,800,Bronze II (50 LP),1190,Silver III (65 LP)
2026-05-22T17:40:54,qwer,a000,KR,Ranked Flex,함팀장님,1595,Gold IV (95 LP),1703,Gold III (78 LP)
2026-05-22T17:41:04,거북이,0627,KR,Ranked Flex,함팀장님,1513,Gold IV (13 LP),1349,Silver II (99 LP)
2026-05-22T17:41:24,떼그라클,k91,KR,Ranked Flex,Michael,833,Bronze II (83 LP),914,Bronze I (39 LP)
2026-05-22T17:41:33,펑키왈숙,6117,KR,Ranked Flex,Motaju,790,Bronze II (40 LP),1067,Silver IV (67 LP)
2026-05-22T17:41:43,떼그라쥬,RTG,KR,Ranked Flex,Motaju,2108,Platinum IV (100 LP),1347,Silver II (97 LP)
2026-05-22T17:41:53,떼그라떼그라떼그라떼그라떼그라떼,kr12,KR,Ranked Flex,Motaju,1343,Silver II (93 LP),802,Bronze II (52 LP)
2026-05-23T11:31:24,SasimySean,4174,KR,Ranked Flex,Sean,934,Bronze I (59 LP),889,Bronze I (14 LP)
2026-05-23T11:31:33,일회용라이타,KR1,KR,Ranked Flex,Sean,1214,Silver III (89 LP),692,Bronze III (67 LP)
2026-05-23T11:31:40,떼그라션2,4174,KR,Ranked Flex,Sean,1070,Silver IV (70 LP),585,Bronze IV (85 LP)
2026-05-23T11:31:50,떼그라션,4174,KR,Ranked Flex,Sean,935,Bronze I (60 LP),902,Bronze I (27 LP)
2026-05-23T11:32:00,떼그라숀,4174,KR,Ranked Flex,Sean,860,Bronze II (100 LP),815,Bronze II (65 LP)
2026-05-23T11:32:07,떼그라대,dani,KR,Ranked Flex,Dani,875,Bronze I (0 LP),513,Bronze IV (13 LP)
2026-05-23T11:32:30,떼그라월,1234,KR,Ranked Flex,Wallace,1169,Silver III (44 LP),750,Bronze II (0 LP)
2026-05-23T11:32:49,떼그라호,0627,KR,Ranked Flex,함팀장님,800,Bronze II (50 LP),1190,Silver III (65 LP)
2026-05-23T11:32:56,qwer,a000,KR,Ranked Flex,함팀장님,1595,Gold IV (95 LP),1703,Gold III (78 LP)
2026-05-23T11:33:06,거북이,0627,KR,Ranked Flex,함팀장님,1144,Silver III (19 LP),1332,Silver II (82 LP)
2026-05-23T11:33:16,떼그라클,k91,KR,Ranked Flex,Michael,821,Bronze II (71 LP),894,Bronze I (19 LP)
2026-05-23T11:33:23,펑키왈숙,6117,KR,Ranked Flex,Motaju,775,Bronze II (25 LP),1047,Silver IV (47 LP)
2026-05-23T11:33:59,떼그라떼그라떼그라떼그라떼그라떼,kr12,KR,Ranked Flex,Motaju,1338,Silver II (88 LP),802,Bronze II (52 LP)
2026-05-23T11:34:48,떼그라쥬,RTG,KR,Ranked Flex,Motaju,2108,Platinum IV (100 LP),1347,Silver II (97 LP)
2026-05-23T13:09:55,SasimySean,4174,KR,Ranked Flex,Sean,934,Bronze I (59 LP),889,Bronze I (14 LP)
2026-05-23T13:10:02,일회용라이타,KR1,KR,Ranked Flex,Sean,1214,Silver III (89 LP),692,Bronze III (67 LP)
2026-05-23T13:10:15,떼그라션2,4174,KR,Ranked Flex,Sean,1075,Silver IV (75 LP),585,Bronze IV (85 LP)
2026-05-23T13:10:21,떼그라션,4174,KR,Ranked Flex,Sean,935,Bronze I (60 LP),902,Bronze I (27 LP)
2026-05-23T13:10:28,떼그라숀,4174,KR,Ranked Flex,Sean,860,Bronze II (100 LP),815,Bronze II (65 LP)
2026-05-23T13:10:41,떼그라대,dani,KR,Ranked Flex,Dani,875,Bronze I (0 LP),513,Bronze IV (13 LP)
2026-05-23T13:10:51,떼그라월,1234,KR,Ranked Flex,Wallace,1169,Silver III (44 LP),750,Bronze II (0 LP)
2026-05-23T13:11:08,떼그라호,0627,KR,Ranked Flex,함팀장님,800,Bronze II (50 LP),1190,Silver III (65 LP)
2026-05-23T13:11:15,qwer,a000,KR,Ranked Flex,함팀장님,1595,Gold IV (95 LP),1703,Gold III (78 LP)
2026-05-23T13:11:31,거북이,0627,KR,Ranked Flex,함팀장님,1150,Silver III (25 LP),1332,Silver II (82 LP)
2026-05-23T13:11:54,떼그라클,k91,KR,Ranked Flex,Michael,826,Bronze II (76 LP),894,Bronze I (19 LP)
2026-05-23T13:12:04,펑키왈숙,6117,KR,Ranked Flex,Motaju,780,Bronze II (30 LP),1047,Silver IV (47 LP)
2026-05-23T13:12:07,떼그라쥬,RTG,KR,Ranked Flex,Motaju,2108,Platinum IV (100 LP),1347,Silver II (97 LP)
2026-05-23T13:12:20,떼그라떼그라떼그라떼그라떼그라떼,kr12,KR,Ranked Flex,Motaju,1333,Silver II (83 LP),802,Bronze II (52 LP)
2026-05-23T13:21:32,SasimySean,4174,KR,Ranked Flex,Sean,934,Bronze I (59 LP),889,Bronze I (14 LP)
2026-05-23T13:48:39,SasimySean,4174,KR,Ranked Flex,Sean,934,Bronze I (59 LP),889,Bronze I (14 LP)
2026-05-23T13:48:52,일회용라이타,KR1,KR,Ranked Flex,Sean,1214,Silver III (89 LP),692,Bronze III (67 LP)
2026-05-23T13:48:59,떼그라션2,4174,KR,Ranked Flex,Sean,1075,Silver IV (75 LP),585,Bronze IV (85 LP)
2026-05-23T13:49:15,떼그라션,4174,KR,Ranked Flex,Sean,935,Bronze I (60 LP),902,Bronze I (27 LP)
2026-05-23T13:49:28,떼그라숀,4174,KR,Ranked Flex,Sean,860,Bronze II (100 LP),815,Bronze II (65 LP)
2026-05-23T13:49:38,떼그라대,dani,KR,Ranked Flex,Dani,875,Bronze I (0 LP),513,Bronze IV (13 LP)
2026-05-23T13:49:51,떼그라월,1234,KR,Ranked Flex,Wallace,1169,Silver III (44 LP),750,Bronze II (0 LP)
2026-05-23T13:50:11,떼그라호,0627,KR,Ranked Flex,함팀장님,800,Bronze II (50 LP),1190,Silver III (65 LP)
2026-05-23T13:50:25,qwer,a000,KR,Ranked Flex,함팀장님,1595,Gold IV (95 LP),1703,Gold III (78 LP)
2026-05-23T13:50:34,거북이,0627,KR,Ranked Flex,함팀장님,1363,Silver II (100 LP),1313,Silver II (63 LP)
2026-05-23T13:50:54,떼그라클,k91,KR,Ranked Flex,Michael,826,Bronze II (76 LP),894,Bronze I (19 LP)
2026-05-23T13:51:04,펑키왈숙,6117,KR,Ranked Flex,Motaju,780,Bronze II (30 LP),1047,Silver IV (47 LP)
2026-05-23T13:51:14,떼그라쥬,RTG,KR,Ranked Flex,Motaju,2108,Platinum IV (100 LP),1347,Silver II (97 LP)
2026-05-23T13:51:27,떼그라떼그라떼그라떼그라떼그라떼,kr12,KR,Ranked Flex,Motaju,1333,Silver II (83 LP),802,Bronze II (52 LP)
2026-05-23T14:12:34,SasimySean,4174,KR,Ranked Flex,Sean,934,Bronze I (59 LP),889,Bronze I (14 LP)
2026-05-23T14:12:44,일회용라이타,KR1,KR,Ranked Flex,Sean,1214,Silver III (89 LP),692,Bronze III (67 LP)
2026-05-23T14:12:57,떼그라션2,4174,KR,Ranked Flex,Sean,1075,Silver IV (75 LP),585,Bronze IV (85 LP)
2026-05-23T14:13:10,떼그라션,4174,KR,Ranked Flex,Sean,935,Bronze I (60 LP),902,Bronze I (27 LP)
2026-05-23T14:13:23,떼그라숀,4174,KR,Ranked Flex,Sean,860,Bronze II (100 LP),815,Bronze II (65 LP)
2026-05-23T14:13:30,떼그라대,dani,KR,Ranked Flex,Dani,875,Bronze I (0 LP),513,Bronze IV (13 LP)
2026-05-23T14:13:33,떼그라월,1234,KR,Ranked Flex,Wallace,1164,Silver III (39 LP),750,Bronze II (0 LP)
2026-05-23T14:13:43,떼그라호,0627,KR,Ranked Flex,함팀장님,800,Bronze II (50 LP),1190,Silver III (65 LP)
2026-05-23T14:13:56,qwer,a000,KR,Ranked Flex,함팀장님,1595,Gold IV (95 LP),1703,Gold III (78 LP)
2026-05-23T14:14:06,거북이,0627,KR,Ranked Flex,함팀장님,1363,Silver II (100 LP),1313,Silver II (63 LP)
2026-05-23T14:14:26,떼그라클,k91,KR,Ranked Flex,Michael,826,Bronze II (76 LP),894,Bronze I (19 LP)
2026-05-23T14:14:39,펑키왈숙,6117,KR,Ranked Flex,Motaju,780,Bronze II (30 LP),1047,Silver IV (47 LP)
2026-05-23T14:14:52,떼그라쥬,RTG,KR,Ranked Flex,Motaju,2108,Platinum IV (100 LP),1347,Silver II (97 LP)
2026-05-23T14:15:02,떼그라떼그라떼그라떼그라떼그라떼,kr12,KR,Ranked Flex,Motaju,1327,Silver II (77 LP),802,Bronze II (52 LP)
2026-05-23T15:19:52,SasimySean,4174,KR,Ranked Flex,Sean,934,Bronze I (59 LP),889,Bronze I (14 LP)
2026-05-23T15:20:02,일회용라이타,KR1,KR,Ranked Flex,Sean,1214,Silver III (89 LP),692,Bronze III (67 LP)
2026-05-23T15:20:18,떼그라션2,4174,KR,Ranked Flex,Sean,1075,Silver IV (75 LP),585,Bronze IV (85 LP)
2026-05-23T15:20:25,떼그라션,4174,KR,Ranked Flex,Sean,935,Bronze I (60 LP),902,Bronze I (27 LP)
2026-05-23T15:20:31,떼그라숀,4174,KR,Ranked Flex,Sean,860,Bronze II (100 LP),815,Bronze II (65 LP)
2026-05-23T15:20:41,떼그라대,dani,KR,Ranked Flex,Dani,875,Bronze I (0 LP),513,Bronze IV (13 LP)
2026-05-23T15:20:54,떼그라월,1234,KR,Ranked Flex,Wallace,1164,Silver III (39 LP),750,Bronze II (0 LP)
2026-05-23T15:21:11,떼그라호,0627,KR,Ranked Flex,함팀장님,800,Bronze II (50 LP),1190,Silver III (65 LP)
2026-05-23T15:21:18,qwer,a000,KR,Ranked Flex,함팀장님,1600,Gold IV (100 LP),1703,Gold III (78 LP)
2026-05-23T15:21:24,거북이,0627,KR,Ranked Flex,함팀장님,1360,Silver II (100 LP),1334,Silver II (84 LP)
2026-05-23T15:21:41,떼그라클,k91,KR,Ranked Flex,Michael,826,Bronze II (76 LP),894,Bronze I (19 LP)
2026-05-23T15:21:54,펑키왈숙,6117,KR,Ranked Flex,Motaju,785,Bronze II (35 LP),1047,Silver IV (47 LP)
2026-05-23T15:22:01,떼그라쥬,RTG,KR,Ranked Flex,Motaju,2108,Platinum IV (100 LP),1347,Silver II (97 LP)
2026-05-23T15:22:11,떼그라떼그라떼그라떼그라떼그라떼,kr12,KR,Ranked Flex,Motaju,1333,Silver II (83 LP),802,Bronze II (52 LP)
2026-05-23T16:11:24,SasimySean,4174,KR,Ranked Flex,Sean,934,Bronze I (59 LP),889,Bronze I (14 LP)
2026-05-23T16:11:31,일회용라이타,KR1,KR,Ranked Flex,Sean,1214,Silver III (89 LP),692,Bronze III (67 LP)
2026-05-23T16:11:41,떼그라션2,4174,KR,Ranked Flex,Sean,1075,Silver IV (75 LP),585,Bronze IV (85 LP)
2026-05-23T16:11:47,떼그라션,4174,KR,Ranked Flex,Sean,941,Bronze I (66 LP),902,Bronze I (27 LP)
2026-05-23T16:12:00,떼그라숀,4174,KR,Ranked Flex,Sean,860,Bronze II (100 LP),815,Bronze II (65 LP)
2026-05-23T16:12:14,떼그라대,dani,KR,Ranked Flex,Dani,875,Bronze I (0 LP),513,Bronze IV (13 LP)
2026-05-23T16:12:27,떼그라월,1234,KR,Ranked Flex,Wallace,1169,Silver III (44 LP),750,Bronze II (0 LP)
2026-05-23T16:12:43,떼그라호,0627,KR,Ranked Flex,함팀장님,800,Bronze II (50 LP),1190,Silver III (65 LP)
2026-05-23T16:12:53,qwer,a000,KR,Ranked Flex,함팀장님,1600,Gold IV (100 LP),1703,Gold III (78 LP)
2026-05-23T16:13:03,거북이,0627,KR,Ranked Flex,함팀장님,1409,Silver I (34 LP),1380,Silver I (5 LP)
2026-05-23T16:13:26,떼그라클,k91,KR,Ranked Flex,Michael,826,Bronze II (76 LP),894,Bronze I (19 LP)
2026-05-23T16:13:36,펑키왈숙,6117,KR,Ranked Flex,Motaju,785,Bronze II (35 LP),1047,Silver IV (47 LP)
2026-05-23T16:13:46,떼그라쥬,RTG,KR,Ranked Flex,Motaju,2108,Platinum IV (100 LP),1347,Silver II (97 LP)
2026-05-23T16:14:02,떼그라떼그라떼그라떼그라떼그라떼,kr12,KR,Ranked Flex,Motaju,1333,Silver II (83 LP),802,Bronze II (52 LP)
2026-05-23T16:37:31,SasimySean,4174,KR,Ranked Flex,Sean,934,Bronze I (59 LP),889,Bronze I (14 LP)
2026-05-23T16:37:50,일회용라이타,KR1,KR,Ranked Flex,Sean,1214,Silver III (89 LP),692,Bronze III (67 LP)
2026-05-23T16:38:03,떼그라션2,4174,KR,Ranked Flex,Sean,1075,Silver IV (75 LP),585,Bronze IV (85 LP)
2026-05-23T16:38:10,떼그라션,4174,KR,Ranked Flex,Sean,941,Bronze I (66 LP),902,Bronze I (27 LP)
2026-05-23T16:38:20,떼그라숀,4174,KR,Ranked Flex,Sean,860,Bronze II (100 LP),815,Bronze II (65 LP)
2026-05-23T16:38:26,떼그라대,dani,KR,Ranked Flex,Dani,875,Bronze I (0 LP),513,Bronze IV (13 LP)
2026-05-23T16:38:31,떼그라월,1234,KR,Ranked Flex,Wallace,1169,Silver III (44 LP),750,Bronze II (0 LP)
2026-05-23T16:38:44,떼그라호,0627,KR,Ranked Flex,함팀장님,800,Bronze II (50 LP),1190,Silver III (65 LP)
2026-05-23T16:38:51,qwer,a000,KR,Ranked Flex,함팀장님,1600,Gold IV (100 LP),1703,Gold III (78 LP)
2026-05-23T16:38:58,거북이,0627,KR,Ranked Flex,함팀장님,1409,Silver I (34 LP),1380,Silver I (5 LP)
2026-05-23T16:39:11,떼그라클,k91,KR,Ranked Flex,Michael,826,Bronze II (76 LP),894,Bronze I (19 LP)
2026-05-23T16:39:18,펑키왈숙,6117,KR,Ranked Flex,Motaju,785,Bronze II (35 LP),1047,Silver IV (47 LP)
2026-05-23T16:39:28,떼그라쥬,RTG,KR,Ranked Flex,Motaju,2108,Platinum IV (100 LP),1347,Silver II (97 LP)
2026-05-23T16:39:34,떼그라떼그라떼그라떼그라떼그라떼,kr12,KR,Ranked Flex,Motaju,1333,Silver II (83 LP),802,Bronze II (52 LP)
2026-05-23T17:32:46,SasimySean,4174,KR,Ranked Flex,Sean,938,Bronze I (63 LP),889,Bronze I (14 LP)
2026-05-23T17:32:56,일회용라이타,KR1,KR,Ranked Flex,Sean,1214,Silver III (89 LP),692,Bronze III (67 LP)
2026-05-23T17:33:03,떼그라션2,4174,KR,Ranked Flex,Sean,1075,Silver IV (75 LP),585,Bronze IV (85 LP)
2026-05-23T17:33:10,떼그라션,4174,KR,Ranked Flex,Sean,930,Bronze I (55 LP),902,Bronze I (27 LP)
2026-05-23T17:33:20,떼그라숀,4174,KR,Ranked Flex,Sean,860,Bronze II (100 LP),815,Bronze II (65 LP)
2026-05-23T17:33:39,떼그라대,dani,KR,Ranked Flex,Dani,875,Bronze I (0 LP),513,Bronze IV (13 LP)
2026-05-23T17:33:52,떼그라월,1234,KR,Ranked Flex,Wallace,1169,Silver III (44 LP),750,Bronze II (0 LP)
2026-05-23T17:34:02,떼그라호,0627,KR,Ranked Flex,함팀장님,800,Bronze II (50 LP),1190,Silver III (65 LP)
2026-05-23T17:34:12,qwer,a000,KR,Ranked Flex,함팀장님,1600,Gold IV (100 LP),1703,Gold III (78 LP)
2026-05-23T17:34:25,거북이,0627,KR,Ranked Flex,함팀장님,1409,Silver I (34 LP),1380,Silver I (5 LP)
2026-05-23T17:34:42,떼그라클,k91,KR,Ranked Flex,Michael,826,Bronze II (76 LP),894,Bronze I (19 LP)
2026-05-23T17:34:52,펑키왈숙,6117,KR,Ranked Flex,Motaju,785,Bronze II (35 LP),1047,Silver IV (47 LP)
2026-05-23T17:35:02,떼그라쥬,RTG,KR,Ranked Flex,Motaju,2108,Platinum IV (100 LP),1347,Silver II (97 LP)
2026-05-23T17:35:12,떼그라떼그라떼그라떼그라떼그라떼,kr12,KR,Ranked Flex,Motaju,1333,Silver II (83 LP),802,Bronze II (52 LP)
2026-05-23T17:57:37,SasimySean,4174,KR,Ranked Flex,Sean,938,Bronze I (63 LP),889,Bronze I (14 LP)
2026-05-23T17:57:44,일회용라이타,KR1,KR,Ranked Flex,Sean,1214,Silver III (89 LP),692,Bronze III (67 LP)
2026-05-23T17:57:51,떼그라션2,4174,KR,Ranked Flex,Sean,1075,Silver IV (75 LP),585,Bronze IV (85 LP)
2026-05-23T17:57:54,떼그라션,4174,KR,Ranked Flex,Sean,930,Bronze I (55 LP),902,Bronze I (27 LP)
2026-05-23T17:58:11,떼그라숀,4174,KR,Ranked Flex,Sean,860,Bronze II (100 LP),815,Bronze II (65 LP)
2026-05-23T17:58:27,떼그라대,dani,KR,Ranked Flex,Dani,875,Bronze I (0 LP),513,Bronze IV (13 LP)
2026-05-23T17:58:37,떼그라월,1234,KR,Ranked Flex,Wallace,1169,Silver III (44 LP),750,Bronze II (0 LP)
2026-05-23T17:58:54,떼그라호,0627,KR,Ranked Flex,함팀장님,800,Bronze II (50 LP),1190,Silver III (65 LP)
2026-05-23T17:59:00,qwer,a000,KR,Ranked Flex,함팀장님,1600,Gold IV (100 LP),1703,Gold III (78 LP)
2026-05-23T17:59:10,거북이,0627,KR,Ranked Flex,함팀장님,1409,Silver I (34 LP),1380,Silver I (5 LP)
2026-05-23T17:59:27,떼그라클,k91,KR,Ranked Flex,Michael,826,Bronze II (76 LP),894,Bronze I (19 LP)
2026-05-23T17:59:37,펑키왈숙,6117,KR,Ranked Flex,Motaju,785,Bronze II (35 LP),1047,Silver IV (47 LP)
2026-05-23T17:59:43,떼그라쥬,RTG,KR,Ranked Flex,Motaju,2108,Platinum IV (100 LP),1347,Silver II (97 LP)
2026-05-23T17:59:57,떼그라떼그라떼그라떼그라떼그라떼,kr12,KR,Ranked Flex,Motaju,1333,Silver II (83 LP),802,Bronze II (52 LP)
2026-05-23T18:18:25,SasimySean,4174,KR,Ranked Flex,Sean,938,Bronze I (63 LP),889,Bronze I (14 LP)
2026-05-23T18:18:35,일회용라이타,KR1,KR,Ranked Flex,Sean,1214,Silver III (89 LP),692,Bronze III (67 LP)
2026-05-23T18:18:45,떼그라션2,4174,KR,Ranked Flex,Sean,1075,Silver IV (75 LP),585,Bronze IV (85 LP)
2026-05-23T18:18:55,떼그라션,4174,KR,Ranked Flex,Sean,925,Bronze I (50 LP),902,Bronze I (27 LP)
2026-05-23T18:19:05,떼그라숀,4174,KR,Ranked Flex,Sean,860,Bronze II (100 LP),815,Bronze II (65 LP)
2026-05-23T18:19:11,떼그라대,dani,KR,Ranked Flex,Dani,875,Bronze I (0 LP),513,Bronze IV (13 LP)
2026-05-23T18:19:21,떼그라월,1234,KR,Ranked Flex,Wallace,1169,Silver III (44 LP),750,Bronze II (0 LP)
2026-05-23T18:19:34,떼그라호,0627,KR,Ranked Flex,함팀장님,800,Bronze II (50 LP),1190,Silver III (65 LP)
2026-05-23T18:19:44,qwer,a000,KR,Ranked Flex,함팀장님,1600,Gold IV (100 LP),1703,Gold III (78 LP)
2026-05-23T18:19:51,거북이,0627,KR,Ranked Flex,함팀장님,1409,Silver I (34 LP),1380,Silver I (5 LP)
2026-05-23T18:20:33,펑키왈숙,6117,KR,Ranked Flex,Motaju,785,Bronze II (35 LP),1047,Silver IV (47 LP)
2026-05-23T18:20:46,떼그라쥬,RTG,KR,Ranked Flex,Motaju,2108,Platinum IV (100 LP),1347,Silver II (97 LP)
2026-05-23T18:20:53,떼그라떼그라떼그라떼그라떼그라떼,kr12,KR,Ranked Flex,Motaju,1333,Silver II (83 LP),802,Bronze II (52 LP)
2026-05-23T20:22:13,SasimySean,4174,KR,Ranked Flex,Sean,934,Bronze I (59 LP),889,Bronze I (14 LP)
2026-05-23T20:22:26,일회용라이타,KR1,KR,Ranked Flex,Sean,1209,Silver III (84 LP),692,Bronze III (67 LP)
2026-05-23T20:22:29,떼그라션2,4174,KR,Ranked Flex,Sean,1075,Silver IV (75 LP),585,Bronze IV (85 LP)
2026-05-23T20:22:42,떼그라션,4174,KR,Ranked Flex,Sean,925,Bronze I (50 LP),902,Bronze I (27 LP)
2026-05-23T20:23:05,떼그라숀,4174,KR,Ranked Flex,Sean,860,Bronze II (100 LP),815,Bronze II (65 LP)
2026-05-23T20:23:21,떼그라대,dani,KR,Ranked Flex,Dani,875,Bronze I (0 LP),513,Bronze IV (13 LP)
2026-05-23T20:23:28,떼그라월,1234,KR,Ranked Flex,Wallace,1169,Silver III (44 LP),750,Bronze II (0 LP)
2026-05-23T20:23:41,떼그라호,0627,KR,Ranked Flex,함팀장님,800,Bronze II (50 LP),1190,Silver III (65 LP)
2026-05-23T20:23:54,qwer,a000,KR,Ranked Flex,함팀장님,1605,Gold IV (100 LP),1703,Gold III (78 LP)
2026-05-23T20:24:07,거북이,0627,KR,Ranked Flex,함팀장님,1403,Silver I (28 LP),1380,Silver I (5 LP)
2026-05-23T20:24:24,떼그라클,k91,KR,Ranked Flex,Michael,826,Bronze II (76 LP),894,Bronze I (19 LP)
2026-05-23T20:24:44,펑키왈숙,6117,KR,Ranked Flex,Motaju,785,Bronze II (35 LP),1047,Silver IV (47 LP)
2026-05-23T20:24:53,떼그라쥬,RTG,KR,Ranked Flex,Motaju,2108,Platinum IV (100 LP),1347,Silver II (97 LP)
2026-05-23T20:25:03,떼그라떼그라떼그라떼그라떼그라떼,kr12,KR,Ranked Flex,Motaju,1333,Silver II (83 LP),802,Bronze II (52 LP)
2026-05-23T21:36:00,SasimySean,4174,KR,Ranked Flex,Sean,929,Bronze I (54 LP),889,Bronze I (14 LP)
2026-05-23T21:36:07,일회용라이타,KR1,KR,Ranked Flex,Sean,1209,Silver III (84 LP),692,Bronze III (67 LP)
2026-05-23T21:36:14,떼그라션2,4174,KR,Ranked Flex,Sean,1075,Silver IV (75 LP),585,Bronze IV (85 LP)
2026-05-23T21:36:27,떼그라션,4174,KR,Ranked Flex,Sean,925,Bronze I (50 LP),902,Bronze I (27 LP)
2026-05-23T21:36:33,떼그라숀,4174,KR,Ranked Flex,Sean,860,Bronze II (100 LP),815,Bronze II (65 LP)
2026-05-23T21:36:46,떼그라대,dani,KR,Ranked Flex,Dani,875,Bronze I (0 LP),513,Bronze IV (13 LP)
2026-05-23T21:37:00,떼그라월,1234,KR,Ranked Flex,Wallace,1164,Silver III (39 LP),750,Bronze II (0 LP)
2026-05-23T21:37:10,떼그라호,0627,KR,Ranked Flex,함팀장님,800,Bronze II (50 LP),1190,Silver III (65 LP)
2026-05-23T21:37:23,qwer,a000,KR,Ranked Flex,함팀장님,1605,Gold IV (100 LP),1703,Gold III (78 LP)
2026-05-23T21:37:30,거북이,0627,KR,Ranked Flex,함팀장님,1403,Silver I (28 LP),1380,Silver I (5 LP)
2026-05-23T21:37:40,떼그라클,k91,KR,Ranked Flex,Michael,826,Bronze II (76 LP),894,Bronze I (19 LP)
2026-05-23T21:37:53,펑키왈숙,6117,KR,Ranked Flex,Motaju,785,Bronze II (35 LP),1047,Silver IV (47 LP)
2026-05-23T21:38:25,떼그라떼그라떼그라떼그라떼그라떼,kr12,KR,Ranked Flex,Motaju,1327,Silver II (77 LP),802,Bronze II (52 LP)
2026-05-23T23:38:56,SasimySean,4174,KR,Ranked Flex,Sean,929,Bronze I (54 LP),889,Bronze I (14 LP)
2026-05-23T23:39:06,일회용라이타,KR1,KR,Ranked Flex,Sean,1209,Silver III (84 LP),692,Bronze III (67 LP)
2026-05-23T23:39:29,떼그라션2,4174,KR,Ranked Flex,Sean,1075,Silver IV (75 LP),585,Bronze IV (85 LP)
2026-05-23T23:39:42,떼그라션,4174,KR,Ranked Flex,Sean,925,Bronze I (50 LP),902,Bronze I (27 LP)
2026-05-23T23:39:55,떼그라숀,4174,KR,Ranked Flex,Sean,860,Bronze II (100 LP),815,Bronze II (65 LP)
2026-05-23T23:40:05,떼그라대,dani,KR,Ranked Flex,Dani,875,Bronze I (0 LP),513,Bronze IV (13 LP)
2026-05-23T23:40:15,떼그라월,1234,KR,Ranked Flex,Wallace,1169,Silver III (44 LP),750,Bronze II (0 LP)
2026-05-23T23:40:29,떼그라호,0627,KR,Ranked Flex,함팀장님,800,Bronze II (50 LP),1190,Silver III (65 LP)
2026-05-23T23:40:33,qwer,a000,KR,Ranked Flex,함팀장님,1605,Gold IV (100 LP),1703,Gold III (78 LP)
2026-05-23T23:40:42,거북이,0627,KR,Ranked Flex,함팀장님,1403,Silver I (28 LP),1336,Silver II (86 LP)
2026-05-23T23:40:56,떼그라클,k91,KR,Ranked Flex,Michael,826,Bronze II (76 LP),894,Bronze I (19 LP)
2026-05-23T23:41:12,펑키왈숙,6117,KR,Ranked Flex,Motaju,780,Bronze II (30 LP),1047,Silver IV (47 LP)
2026-05-23T23:41:32,떼그라쥬,RTG,KR,Ranked Flex,Motaju,2108,Platinum IV (100 LP),1347,Silver II (97 LP)
2026-05-23T23:41:38,떼그라떼그라떼그라떼그라떼그라떼,kr12,KR,Ranked Flex,Motaju,1333,Silver II (83 LP),802,Bronze II (52 LP)
2026-05-24T00:40:12,SasimySean,4174,KR,Ranked Flex,Sean,929,Bronze I (54 LP),889,Bronze I (14 LP)
2026-05-24T00:40:25,일회용라이타,KR1,KR,Ranked Flex,Sean,1209,Silver III (84 LP),692,Bronze III (67 LP)
2026-05-24T00:40:38,떼그라션2,4174,KR,Ranked Flex,Sean,1075,Silver IV (75 LP),585,Bronze IV (85 LP)
2026-05-24T00:40:51,떼그라션,4174,KR,Ranked Flex,Sean,925,Bronze I (50 LP),902,Bronze I (27 LP)
2026-05-24T00:41:05,떼그라숀,4174,KR,Ranked Flex,Sean,854,Bronze II (100 LP),815,Bronze II (65 LP)
2026-05-24T00:41:18,떼그라대,dani,KR,Ranked Flex,Dani,875,Bronze I (0 LP),513,Bronze IV (13 LP)
2026-05-24T00:41:25,떼그라월,1234,KR,Ranked Flex,Wallace,1169,Silver III (44 LP),750,Bronze II (0 LP)
2026-05-24T00:41:42,떼그라호,0627,KR,Ranked Flex,함팀장님,800,Bronze II (50 LP),1190,Silver III (65 LP)
2026-05-24T00:41:49,qwer,a000,KR,Ranked Flex,함팀장님,1605,Gold IV (100 LP),1703,Gold III (78 LP)
2026-05-24T00:41:59,거북이,0627,KR,Ranked Flex,함팀장님,1160,Silver III (35 LP),1317,Silver II (67 LP)
2026-05-24T00:42:15,떼그라클,k91,KR,Ranked Flex,Michael,831,Bronze II (81 LP),894,Bronze I (19 LP)
2026-05-24T00:42:22,펑키왈숙,6117,KR,Ranked Flex,Motaju,780,Bronze II (30 LP),1047,Silver IV (47 LP)
2026-05-24T00:42:35,떼그라쥬,RTG,KR,Ranked Flex,Motaju,2108,Platinum IV (100 LP),1347,Silver II (97 LP)
2026-05-24T00:42:48,떼그라떼그라떼그라떼그라떼그라떼,kr12,KR,Ranked Flex,Motaju,1333,Silver II (83 LP),802,Bronze II (52 LP)
2026-05-24T01:21:56,SasimySean,4174,KR,Ranked Flex,Sean,929,Bronze I (54 LP),889,Bronze I (14 LP)
2026-05-24T01:22:06,일회용라이타,KR1,KR,Ranked Flex,Sean,1209,Silver III (84 LP),692,Bronze III (67 LP)
2026-05-24T01:22:19,떼그라션2,4174,KR,Ranked Flex,Sean,1070,Silver IV (70 LP),585,Bronze IV (85 LP)
2026-05-24T01:22:29,떼그라션,4174,KR,Ranked Flex,Sean,925,Bronze I (50 LP),902,Bronze I (27 LP)
2026-05-24T01:22:39,떼그라숀,4174,KR,Ranked Flex,Sean,854,Bronze II (100 LP),815,Bronze II (65 LP)
2026-05-24T01:22:45,떼그라대,dani,KR,Ranked Flex,Dani,875,Bronze I (0 LP),513,Bronze IV (13 LP)
2026-05-24T01:22:59,떼그라월,1234,KR,Ranked Flex,Wallace,1169,Silver III (44 LP),750,Bronze II (0 LP)
2026-05-24T01:23:22,떼그라호,0627,KR,Ranked Flex,함팀장님,800,Bronze II (50 LP),1190,Silver III (65 LP)
2026-05-24T01:23:31,qwer,a000,KR,Ranked Flex,함팀장님,1605,Gold IV (100 LP),1703,Gold III (78 LP)
2026-05-24T01:23:41,거북이,0627,KR,Ranked Flex,함팀장님,1160,Silver III (35 LP),1338,Silver II (88 LP)
2026-05-24T01:24:01,떼그라클,k91,KR,Ranked Flex,Michael,831,Bronze II (81 LP),894,Bronze I (19 LP)
2026-05-24T01:24:08,펑키왈숙,6117,KR,Ranked Flex,Motaju,780,Bronze II (30 LP),1047,Silver IV (47 LP)
2026-05-24T01:24:15,떼그라쥬,RTG,KR,Ranked Flex,Motaju,2108,Platinum IV (100 LP),1347,Silver II (97 LP)
2026-05-24T01:24:24,떼그라떼그라떼그라떼그라떼그라떼,kr12,KR,Ranked Flex,Motaju,1333,Silver II (83 LP),802,Bronze II (52 LP)
2026-05-24T10:31:15,SasimySean,4174,KR,Ranked Flex,Sean,934,Bronze I (59 LP),889,Bronze I (14 LP)
2026-05-24T10:31:28,일회용라이타,KR1,KR,Ranked Flex,Sean,1209,Silver III (84 LP),692,Bronze III (67 LP)
2026-05-24T10:31:41,떼그라션2,4174,KR,Ranked Flex,Sean,1070,Silver IV (70 LP),585,Bronze IV (85 LP)
2026-05-24T10:31:48,떼그라션,4174,KR,Ranked Flex,Sean,925,Bronze I (50 LP),902,Bronze I (27 LP)
2026-05-24T10:32:01,떼그라숀,4174,KR,Ranked Flex,Sean,854,Bronze II (100 LP),815,Bronze II (65 LP)
2026-05-24T10:32:11,떼그라대,dani,KR,Ranked Flex,Dani,869,Bronze II (100 LP),513,Bronze IV (13 LP)
2026-05-24T10:32:24,떼그라월,1234,KR,Ranked Flex,Wallace,1169,Silver III (44 LP),750,Bronze II (0 LP)
2026-05-24T10:32:37,떼그라호,0627,KR,Ranked Flex,함팀장님,794,Bronze II (44 LP),1190,Silver III (65 LP)
2026-05-24T10:32:50,qwer,a000,KR,Ranked Flex,함팀장님,1605,Gold IV (100 LP),1703,Gold III (78 LP)
2026-05-24T10:33:07,거북이,0627,KR,Ranked Flex,함팀장님,1464,Silver I (89 LP),1384,Silver I (9 LP)
2026-05-24T10:33:23,떼그라클,k91,KR,Ranked Flex,Michael,826,Bronze II (76 LP),894,Bronze I (19 LP)
2026-05-24T10:33:36,펑키왈숙,6117,KR,Ranked Flex,Motaju,780,Bronze II (30 LP),1047,Silver IV (47 LP)
2026-05-24T10:33:46,떼그라쥬,RTG,KR,Ranked Flex,Motaju,2108,Platinum IV (100 LP),1347,Silver II (97 LP)
2026-05-24T10:33:59,떼그라떼그라떼그라떼그라떼그라떼,kr12,KR,Ranked Flex,Motaju,1333,Silver II (83 LP),802,Bronze II (52 LP)
2026-05-26T09:02:06,떼그라클,k91,KR,Ranked Flex,Michael,842,Bronze II (92 LP),894,Bronze I (19 LP)
2026-05-26T09:02:16,펑키왈숙,6117,KR,Ranked Flex,Motaju,805,Bronze II (55 LP),1047,Silver IV (47 LP)
2026-05-26T09:02:26,떼그라쥬,RTG,KR,Ranked Flex,Motaju,2121,Platinum IV (100 LP),1347,Silver II (97 LP)
2026-05-26T09:02:36,떼그라떼그라떼그라떼그라떼그라떼,kr12,KR,Ranked Flex,Motaju,1365,Silver II (100 LP),802,Bronze II (52 LP)
2026-05-26T09:03:50,qwer,a000,KR,Ranked Flex,함팀장님,1610,Gold IV (100 LP),1703,Gold III (78 LP)
2026-05-26T09:04:11,거북이,0627,KR,Ranked Flex,함팀장님,1430,Silver I (55 LP),1340,Silver II (90 LP)
2026-05-26T09:04:22,떼그라호,0627,KR,Ranked Flex,함팀장님,800,Bronze II (50 LP),1190,Silver III (65 LP)
2026-05-26T09:04:29,일회용라이타,KR1,KR,Ranked Flex,Sean,1201,Silver III (76 LP),692,Bronze III (67 LP)
2026-05-26T09:04:36,떼그라션2,4174,KR,Ranked Flex,Sean,1080,Silver IV (80 LP),585,Bronze IV (85 LP)
2026-05-26T09:04:44,SasimySean,4174,KR,Ranked Flex,Sean,934,Bronze I (59 LP),889,Bronze I (14 LP)
2026-05-26T09:04:51,떼그라션,4174,KR,Ranked Flex,Sean,930,Bronze I (55 LP),902,Bronze I (27 LP)
2026-05-26T09:04:56,떼그라숀,4174,KR,Ranked Flex,Sean,848,Bronze II (98 LP),815,Bronze II (65 LP)
2026-05-26T09:05:19,떼그라월,1234,KR,Ranked Flex,Wallace,1192,Silver III (67 LP),750,Bronze II (0 LP)
2026-05-26T09:05:43,떼그라대,dani,KR,Ranked Flex,Dani,875,Bronze I (0 LP),513,Bronze IV (13 LP)
2026-05-26T09:29:27,SasimySean,4174,KR,Ranked Flex,Sean,934,Bronze I (59 LP),889,Bronze I (14 LP)
2026-05-26T09:29:34,일회용라이타,KR1,KR,Ranked Flex,Sean,1201,Silver III (76 LP),692,Bronze III (67 LP)
2026-05-26T09:29:47,떼그라션2,4174,KR,Ranked Flex,Sean,1075,Silver IV (75 LP),585,Bronze IV (85 LP)
2026-05-26T09:29:54,떼그라션,4174,KR,Ranked Flex,Sean,930,Bronze I (55 LP),902,Bronze I (27 LP)
2026-05-26T09:30:01,떼그라숀,4174,KR,Ranked Flex,Sean,848,Bronze II (98 LP),815,Bronze II (65 LP)
2026-05-26T09:30:11,떼그라대,dani,KR,Ranked Flex,Dani,875,Bronze I (0 LP),513,Bronze IV (13 LP)
2026-05-26T09:30:24,떼그라월,1234,KR,Ranked Flex,Wallace,1192,Silver III (67 LP),750,Bronze II (0 LP)
2026-05-26T09:30:59,떼그라호,0627,KR,Ranked Flex,함팀장님,800,Bronze II (50 LP),1190,Silver III (65 LP)
2026-05-26T09:31:13,qwer,a000,KR,Ranked Flex,함팀장님,1610,Gold IV (100 LP),1703,Gold III (78 LP)
2026-05-26T09:31:19,거북이,0627,KR,Ranked Flex,함팀장님,1430,Silver I (55 LP),1340,Silver II (90 LP)
2026-05-26T09:31:39,떼그라클,k91,KR,Ranked Flex,Michael,842,Bronze II (92 LP),894,Bronze I (19 LP)
2026-05-26T09:31:52,펑키왈숙,6117,KR,Ranked Flex,Motaju,805,Bronze II (55 LP),1047,Silver IV (47 LP)
2026-05-26T09:32:05,떼그라쥬,RTG,KR,Ranked Flex,Motaju,2121,Platinum IV (100 LP),1347,Silver II (97 LP)
2026-05-26T09:32:18,떼그라떼그라떼그라떼그라떼그라떼,kr12,KR,Ranked Flex,Motaju,1365,Silver II (100 LP),802,Bronze II (52 LP)
2026-05-26T11:22:35,SasimySean,4174,KR,Ranked Flex,Sean,934,Bronze I (59 LP),889,Bronze I (14 LP)
2026-05-26T11:22:48,일회용라이타,KR1,KR,Ranked Flex,Sean,1201,Silver III (76 LP),692,Bronze III (67 LP)
2026-05-26T11:23:04,떼그라션2,4174,KR,Ranked Flex,Sean,1075,Silver IV (75 LP),585,Bronze IV (85 LP)
2026-05-26T11:23:11,떼그라션,4174,KR,Ranked Flex,Sean,930,Bronze I (55 LP),902,Bronze I (27 LP)
2026-05-26T11:23:18,떼그라숀,4174,KR,Ranked Flex,Sean,848,Bronze II (98 LP),815,Bronze II (65 LP)
2026-05-26T11:23:24,떼그라대,dani,KR,Ranked Flex,Dani,875,Bronze I (0 LP),513,Bronze IV (13 LP)
2026-05-26T11:23:37,떼그라월,1234,KR,Ranked Flex,Wallace,1192,Silver III (67 LP),750,Bronze II (0 LP)
2026-05-26T11:24:00,떼그라호,0627,KR,Ranked Flex,함팀장님,800,Bronze II (50 LP),1190,Silver III (65 LP)
2026-05-26T11:24:17,qwer,a000,KR,Ranked Flex,함팀장님,1610,Gold IV (100 LP),1703,Gold III (78 LP)
2026-05-26T11:24:30,거북이,0627,KR,Ranked Flex,함팀장님,1430,Silver I (55 LP),1340,Silver II (90 LP)
2026-05-26T11:24:46,떼그라클,k91,KR,Ranked Flex,Michael,842,Bronze II (92 LP),894,Bronze I (19 LP)
2026-05-26T11:24:56,펑키왈숙,6117,KR,Ranked Flex,Motaju,805,Bronze II (55 LP),1047,Silver IV (47 LP)
2026-05-26T11:25:09,떼그라쥬,RTG,KR,Ranked Flex,Motaju,2121,Platinum IV (100 LP),1347,Silver II (97 LP)
2026-05-26T11:25:19,떼그라떼그라떼그라떼그라떼그라떼,kr12,KR,Ranked Flex,Motaju,1365,Silver II (100 LP),802,Bronze II (52 LP)
2026-05-26T13:24:27,SasimySean,4174,KR,Ranked Flex,Sean,934,Bronze I (59 LP),889,Bronze I (14 LP)
2026-05-26T13:24:40,일회용라이타,KR1,KR,Ranked Flex,Sean,1201,Silver III (76 LP),692,Bronze III (67 LP)
2026-05-26T13:24:50,떼그라션2,4174,KR,Ranked Flex,Sean,1070,Silver IV (70 LP),585,Bronze IV (85 LP)
2026-05-26T13:24:54,떼그라션,4174,KR,Ranked Flex,Sean,930,Bronze I (55 LP),902,Bronze I (27 LP)
2026-05-26T13:25:07,떼그라숀,4174,KR,Ranked Flex,Sean,854,Bronze II (100 LP),815,Bronze II (65 LP)
2026-05-26T13:25:11,떼그라대,dani,KR,Ranked Flex,Dani,881,Bronze I (6 LP),513,Bronze IV (13 LP)
2026-05-26T13:25:21,떼그라월,1234,KR,Ranked Flex,Wallace,1192,Silver III (67 LP),750,Bronze II (0 LP)
2026-05-26T13:25:31,떼그라호,0627,KR,Ranked Flex,함팀장님,806,Bronze II (56 LP),1190,Silver III (65 LP)
2026-05-26T13:25:41,qwer,a000,KR,Ranked Flex,함팀장님,1610,Gold IV (100 LP),1703,Gold III (78 LP)
2026-05-26T13:25:48,거북이,0627,KR,Ranked Flex,함팀장님,1430,Silver I (55 LP),1340,Silver II (90 LP)
2026-05-26T13:26:02,떼그라클,k91,KR,Ranked Flex,Michael,842,Bronze II (92 LP),894,Bronze I (19 LP)
2026-05-26T13:26:12,펑키왈숙,6117,KR,Ranked Flex,Motaju,805,Bronze II (55 LP),1047,Silver IV (47 LP)
2026-05-26T13:26:25,떼그라쥬,RTG,KR,Ranked Flex,Motaju,2121,Platinum IV (100 LP),1347,Silver II (97 LP)
2026-05-26T13:26:34,떼그라떼그라떼그라떼그라떼그라떼,kr12,KR,Ranked Flex,Motaju,1365,Silver II (100 LP),802,Bronze II (52 LP)
2026-05-26T15:42:21,SasimySean,4174,KR,Ranked Flex,Sean,934,Bronze I (59 LP),889,Bronze I (14 LP)
2026-05-26T15:42:38,일회용라이타,KR1,KR,Ranked Flex,Sean,1201,Silver III (76 LP),692,Bronze III (67 LP)
2026-05-26T15:42:51,떼그라션2,4174,KR,Ranked Flex,Sean,1070,Silver IV (70 LP),585,Bronze IV (85 LP)
2026-05-26T15:42:58,떼그라션,4174,KR,Ranked Flex,Sean,930,Bronze I (55 LP),902,Bronze I (27 LP)
2026-05-26T15:43:01,떼그라숀,4174,KR,Ranked Flex,Sean,854,Bronze II (100 LP),815,Bronze II (65 LP)
2026-05-26T15:43:20,떼그라대,dani,KR,Ranked Flex,Dani,881,Bronze I (6 LP),513,Bronze IV (13 LP)
2026-05-26T15:43:30,떼그라월,1234,KR,Ranked Flex,Wallace,1120,Silver IV (100 LP),705,Bronze III (80 LP)
2026-05-26T15:43:47,떼그라호,0627,KR,Ranked Flex,함팀장님,999,Bronze I (100 LP),1169,Silver III (44 LP)
2026-05-26T15:44:00,qwer,a000,KR,Ranked Flex,함팀장님,1610,Gold IV (100 LP),1703,Gold III (78 LP)
2026-05-26T15:44:07,거북이,0627,KR,Ranked Flex,함팀장님,1430,Silver I (55 LP),1340,Silver II (90 LP)
2026-05-26T15:44:20,떼그라클,k91,KR,Ranked Flex,Michael,976,Bronze I (100 LP),849,Bronze II (99 LP)
2026-05-26T15:44:30,펑키왈숙,6117,KR,Ranked Flex,Motaju,805,Bronze II (55 LP),1047,Silver IV (47 LP)
2026-05-26T15:44:40,떼그라쥬,RTG,KR,Ranked Flex,Motaju,2121,Platinum IV (100 LP),1347,Silver II (97 LP)
2026-05-26T15:44:56,떼그라떼그라떼그라떼그라떼그라떼,kr12,KR,Ranked Flex,Motaju,1365,Silver II (100 LP),802,Bronze II (52 LP)
2026-05-26T17:28:25,SasimySean,4174,KR,Ranked Flex,Sean,934,Bronze I (59 LP),889,Bronze I (14 LP)
2026-05-26T17:28:32,일회용라이타,KR1,KR,Ranked Flex,Sean,1205,Silver III (80 LP),692,Bronze III (67 LP)
2026-05-26T17:28:42,떼그라션2,4174,KR,Ranked Flex,Sean,1070,Silver IV (70 LP),585,Bronze IV (85 LP)
2026-05-26T17:28:52,떼그라션,4174,KR,Ranked Flex,Sean,930,Bronze I (55 LP),902,Bronze I (27 LP)
2026-05-26T17:29:02,떼그라숀,4174,KR,Ranked Flex,Sean,854,Bronze II (100 LP),815,Bronze II (65 LP)
2026-05-26T17:29:05,떼그라대,dani,KR,Ranked Flex,Dani,881,Bronze I (6 LP),513,Bronze IV (13 LP)
2026-05-26T17:29:18,떼그라월,1234,KR,Ranked Flex,Wallace,1120,Silver IV (100 LP),705,Bronze III (80 LP)
2026-05-26T17:29:35,떼그라호,0627,KR,Ranked Flex,함팀장님,999,Bronze I (100 LP),1169,Silver III (44 LP)
2026-05-26T17:29:39,qwer,a000,KR,Ranked Flex,함팀장님,1610,Gold IV (100 LP),1703,Gold III (78 LP)
2026-05-26T17:29:46,거북이,0627,KR,Ranked Flex,함팀장님,1531,Gold IV (31 LP),1302,Silver II (52 LP)
2026-05-26T17:30:02,떼그라클,k91,KR,Ranked Flex,Michael,976,Bronze I (100 LP),849,Bronze II (99 LP)
2026-05-26T17:30:15,펑키왈숙,6117,KR,Ranked Flex,Motaju,805,Bronze II (55 LP),1047,Silver IV (47 LP)
2026-05-26T17:30:22,떼그라쥬,RTG,KR,Ranked Flex,Motaju,2121,Platinum IV (100 LP),1347,Silver II (97 LP)
2026-05-26T17:30:32,떼그라떼그라떼그라떼그라떼그라떼,kr12,KR,Ranked Flex,Motaju,1365,Silver II (100 LP),802,Bronze II (52 LP)
2026-05-26T17:44:28,SasimySean,4174,KR,Ranked Flex,Sean,934,Bronze I (59 LP),889,Bronze I (14 LP)
2026-05-26T17:44:30,일회용라이타,KR1,KR,Ranked Flex,Sean,1205,Silver III (80 LP),692,Bronze III (67 LP)
2026-05-26T17:44:32,떼그라션2,4174,KR,Ranked Flex,Sean,1070,Silver IV (70 LP),585,Bronze IV (85 LP)
2026-05-26T17:44:33,떼그라션,4174,KR,Ranked Flex,Sean,930,Bronze I (55 LP),902,Bronze I (27 LP)
2026-05-26T17:44:34,떼그라숀,4174,KR,Ranked Flex,Sean,854,Bronze II (100 LP),815,Bronze II (65 LP)
2026-05-26T17:44:38,떼그라대,dani,KR,Ranked Flex,Dani,881,Bronze I (6 LP),513,Bronze IV (13 LP)
2026-05-26T17:44:41,떼그라월,1234,KR,Ranked Flex,Wallace,1120,Silver IV (100 LP),705,Bronze III (80 LP)
2026-05-26T17:44:46,떼그라호,0627,KR,Ranked Flex,함팀장님,999,Bronze I (100 LP),1169,Silver III (44 LP)
2026-05-26T17:44:49,qwer,a000,KR,Ranked Flex,함팀장님,1610,Gold IV (100 LP),1703,Gold III (78 LP)
2026-05-26T17:44:53,거북이,0627,KR,Ranked Flex,함팀장님,1531,Gold IV (31 LP),1302,Silver II (52 LP)
2026-05-26T17:44:59,떼그라클,k91,KR,Ranked Flex,Michael,976,Bronze I (100 LP),849,Bronze II (99 LP)
2026-05-26T17:45:04,펑키왈숙,6117,KR,Ranked Flex,Motaju,805,Bronze II (55 LP),1047,Silver IV (47 LP)
2026-05-26T17:45:06,떼그라쥬,RTG,KR,Ranked Flex,Motaju,2121,Platinum IV (100 LP),1347,Silver II (97 LP)
2026-05-26T17:45:07,떼그라떼그라떼그라떼그라떼그라떼,kr12,KR,Ranked Flex,Motaju,1365,Silver II (100 LP),802,Bronze II (52 LP)
2026-05-26T18:20:12,SasimySean,4174,KR,Ranked Flex,Sean,934,Bronze I (59 LP),889,Bronze I (14 LP)
2026-05-26T18:20:18,일회용라이타,KR1,KR,Ranked Flex,Sean,1209,Silver III (84 LP),692,Bronze III (67 LP)
2026-05-26T18:20:28,떼그라션2,4174,KR,Ranked Flex,Sean,1070,Silver IV (70 LP),585,Bronze IV (85 LP)
2026-05-26T18:20:38,떼그라션,4174,KR,Ranked Flex,Sean,930,Bronze I (55 LP),902,Bronze I (27 LP)
2026-05-26T18:20:45,떼그라숀,4174,KR,Ranked Flex,Sean,854,Bronze II (100 LP),815,Bronze II (65 LP)
2026-05-26T18:20:52,떼그라대,dani,KR,Ranked Flex,Dani,881,Bronze I (6 LP),513,Bronze IV (13 LP)
2026-05-26T18:21:02,떼그라월,1234,KR,Ranked Flex,Wallace,1120,Silver IV (100 LP),705,Bronze III (80 LP)
2026-05-26T18:21:09,떼그라호,0627,KR,Ranked Flex,함팀장님,999,Bronze I (100 LP),1169,Silver III (44 LP)
2026-05-26T18:21:16,qwer,a000,KR,Ranked Flex,함팀장님,1610,Gold IV (100 LP),1703,Gold III (78 LP)
2026-05-26T18:21:22,거북이,0627,KR,Ranked Flex,함팀장님,1502,Gold IV (2 LP),1323,Silver II (73 LP)
2026-05-26T18:21:36,떼그라클,k91,KR,Ranked Flex,Michael,976,Bronze I (100 LP),849,Bronze II (99 LP)
2026-05-26T18:21:58,펑키왈숙,6117,KR,Ranked Flex,Motaju,805,Bronze II (55 LP),1047,Silver IV (47 LP)
2026-05-26T18:22:12,떼그라쥬,RTG,KR,Ranked Flex,Motaju,2121,Platinum IV (100 LP),1347,Silver II (97 LP)
2026-05-26T18:22:21,떼그라떼그라떼그라떼그라떼그라떼,kr12,KR,Ranked Flex,Motaju,1365,Silver II (100 LP),802,Bronze II (52 LP)
2026-05-26T22:15:15,qwer,a000,KR,Ranked Flex,함팀장님,1610,Gold IV (100 LP),1703,Gold III (78 LP)
2026-05-26T22:15:19,거북이,0627,KR,Ranked Flex,함팀장님,1414,Silver I (39 LP),1304,Silver II (54 LP)
2026-05-26T22:15:29,떼그라클,k91,KR,Ranked Flex,Michael,976,Bronze I (100 LP),849,Bronze II (99 LP)
2026-05-26T22:15:31,SasimySean,4174,KR,Ranked Flex,Sean,938,Bronze I (63 LP),889,Bronze I (14 LP)
2026-05-26T22:15:32,일회용라이타,KR1,KR,Ranked Flex,Sean,1205,Silver III (80 LP),692,Bronze III (67 LP)
2026-05-26T22:15:35,떼그라션2,4174,KR,Ranked Flex,Sean,1065,Silver IV (65 LP),585,Bronze IV (85 LP)
2026-05-26T22:15:38,떼그라션,4174,KR,Ranked Flex,Sean,935,Bronze I (60 LP),902,Bronze I (27 LP)
2026-05-26T22:15:39,떼그라숀,4174,KR,Ranked Flex,Sean,854,Bronze II (100 LP),815,Bronze II (65 LP)
2026-05-26T22:15:42,펑키왈숙,6117,KR,Ranked Flex,Motaju,805,Bronze II (55 LP),1047,Silver IV (47 LP)
2026-05-26T22:15:43,떼그라대,dani,KR,Ranked Flex,Dani,881,Bronze I (6 LP),513,Bronze IV (13 LP)
2026-05-26T22:15:46,떼그라월,1234,KR,Ranked Flex,Wallace,1120,Silver IV (100 LP),705,Bronze III (80 LP)
2026-05-26T22:15:50,떼그라호,0627,KR,Ranked Flex,함팀장님,999,Bronze I (100 LP),1169,Silver III (44 LP)
2026-05-26T22:15:53,떼그라쥬,RTG,KR,Ranked Flex,Motaju,2121,Platinum IV (100 LP),1347,Silver II (97 LP)
2026-05-26T22:15:55,떼그라클,k91,KR,Ranked Flex,Michael,976,Bronze I (100 LP),849,Bronze II (99 LP)
2026-05-26T22:15:58,펑키왈숙,6117,KR,Ranked Flex,Motaju,805,Bronze II (55 LP),1047,Silver IV (47 LP)
2026-05-26T22:16:00,떼그라쥬,RTG,KR,Ranked Flex,Motaju,2121,Platinum IV (100 LP),1347,Silver II (97 LP)
2026-05-26T22:16:06,떼그라떼그라떼그라떼그라떼그라떼,kr12,KR,Ranked Flex,Motaju,1365,Silver II (100 LP),802,Bronze II (52 LP)
2026-05-26T22:16:09,떼그라떼그라떼그라떼그라떼그라떼,kr12,KR,Ranked Flex,Motaju,1365,Silver II (100 LP),802,Bronze II (52 LP)
2026-05-26T22:45:08,SasimySean,4174,KR,Ranked Flex,Sean,938,Bronze I (63 LP),889,Bronze I (14 LP)
2026-05-26T22:45:18,일회용라이타,KR1,KR,Ranked Flex,Sean,1205,Silver III (80 LP),692,Bronze III (67 LP)
2026-05-26T22:45:25,떼그라션2,4174,KR,Ranked Flex,Sean,1065,Silver IV (65 LP),585,Bronze IV (85 LP)
2026-05-26T22:45:35,떼그라션,4174,KR,Ranked Flex,Sean,935,Bronze I (60 LP),902,Bronze I (27 LP)
2026-05-26T22:45:41,떼그라숀,4174,KR,Ranked Flex,Sean,860,Bronze II (100 LP),815,Bronze II (65 LP)
2026-05-26T22:45:48,떼그라대,dani,KR,Ranked Flex,Dani,881,Bronze I (6 LP),513,Bronze IV (13 LP)
2026-05-26T22:45:58,떼그라월,1234,KR,Ranked Flex,Wallace,1020,Silver IV (20 LP),751,Bronze II (1 LP)
2026-05-26T22:46:11,떼그라호,0627,KR,Ranked Flex,함팀장님,999,Bronze I (100 LP),1169,Silver III (44 LP)
2026-05-26T22:46:24,qwer,a000,KR,Ranked Flex,함팀장님,1610,Gold IV (100 LP),1703,Gold III (78 LP)
2026-05-26T22:46:34,거북이,0627,KR,Ranked Flex,함팀장님,1265,Silver II (15 LP),1304,Silver II (54 LP)
2026-05-26T22:46:54,떼그라클,k91,KR,Ranked Flex,Michael,976,Bronze I (100 LP),849,Bronze II (99 LP)
2026-05-26T22:47:01,펑키왈숙,6117,KR,Ranked Flex,Motaju,805,Bronze II (55 LP),1047,Silver IV (47 LP)
2026-05-26T22:47:05,떼그라쥬,RTG,KR,Ranked Flex,Motaju,2121,Platinum IV (100 LP),1347,Silver II (97 LP)
2026-05-26T22:47:15,떼그라떼그라떼그라떼그라떼그라떼,kr12,KR,Ranked Flex,Motaju,1365,Silver II (100 LP),802,Bronze II (52 LP)
2026-05-26T23:11:24,SasimySean,4174,KR,Ranked Flex,Sean,938,Bronze I (63 LP),889,Bronze I (14 LP)
2026-05-26T23:11:27,SasimySean,4174,KR,Ranked Flex,Sean,938,Bronze I (63 LP),889,Bronze I (14 LP)
2026-05-26T23:11:34,일회용라이타,KR1,KR,Ranked Flex,Sean,1145,Silver III (20 LP),721,Bronze III (96 LP)
2026-05-26T23:11:37,떼그라션2,4174,KR,Ranked Flex,Sean,1065,Silver IV (65 LP),585,Bronze IV (85 LP)
2026-05-26T23:11:47,떼그라션,4174,KR,Ranked Flex,Sean,935,Bronze I (60 LP),902,Bronze I (27 LP)
2026-05-26T23:11:57,떼그라숀,4174,KR,Ranked Flex,Sean,854,Bronze II (100 LP),815,Bronze II (65 LP)
2026-05-26T23:12:07,떼그라대,dani,KR,Ranked Flex,Dani,881,Bronze I (6 LP),513,Bronze IV (13 LP)
2026-05-26T23:12:10,떼그라대,dani,KR,Ranked Flex,Dani,881,Bronze I (6 LP),513,Bronze IV (13 LP)
2026-05-26T23:12:17,떼그라월,1234,KR,Ranked Flex,Wallace,1158,Silver III (33 LP),751,Bronze II (1 LP)
2026-05-26T23:12:30,떼그라호,0627,KR,Ranked Flex,함팀장님,999,Bronze I (100 LP),1169,Silver III (44 LP)
2026-05-26T23:12:40,qwer,a000,KR,Ranked Flex,함팀장님,1610,Gold IV (100 LP),1703,Gold III (78 LP)
2026-05-26T23:12:53,거북이,0627,KR,Ranked Flex,함팀장님,1168,Silver III (43 LP),1306,Silver II (56 LP)
2026-05-26T23:13:13,떼그라클,k91,KR,Ranked Flex,Michael,976,Bronze I (100 LP),849,Bronze II (99 LP)
2026-05-26T23:13:23,펑키왈숙,6117,KR,Ranked Flex,Motaju,805,Bronze II (55 LP),1047,Silver IV (47 LP)
2026-05-26T23:13:29,떼그라쥬,RTG,KR,Ranked Flex,Motaju,2121,Platinum IV (100 LP),1347,Silver II (97 LP)
2026-05-26T23:13:39,떼그라떼그라떼그라떼그라떼그라떼,kr12,KR,Ranked Flex,Motaju,1365,Silver II (100 LP),802,Bronze II (52 LP)
2026-05-26T23:26:19,SasimySean,4174,KR,Ranked Flex,Sean,938,Bronze I (63 LP),889,Bronze I (14 LP)
2026-05-26T23:26:22,일회용라이타,KR1,KR,Ranked Flex,Sean,1145,Silver III (20 LP),721,Bronze III (96 LP)
2026-05-26T23:26:25,떼그라션2,4174,KR,Ranked Flex,Sean,1065,Silver IV (65 LP),585,Bronze IV (85 LP)
2026-05-26T23:26:27,떼그라션,4174,KR,Ranked Flex,Sean,935,Bronze I (60 LP),902,Bronze I (27 LP)
2026-05-26T23:26:27,떼그라숀,4174,KR,Ranked Flex,Sean,854,Bronze II (100 LP),815,Bronze II (65 LP)
2026-05-26T23:26:31,떼그라대,dani,KR,Ranked Flex,Dani,881,Bronze I (6 LP),513,Bronze IV (13 LP)
2026-05-26T23:26:36,떼그라월,1234,KR,Ranked Flex,Wallace,1158,Silver III (33 LP),751,Bronze II (1 LP)
2026-05-26T23:26:42,떼그라호,0627,KR,Ranked Flex,함팀장님,999,Bronze I (100 LP),1169,Silver III (44 LP)
2026-05-26T23:26:45,qwer,a000,KR,Ranked Flex,함팀장님,1610,Gold IV (100 LP),1703,Gold III (78 LP)
2026-05-26T23:26:49,거북이,0627,KR,Ranked Flex,함팀장님,1168,Silver III (43 LP),1306,Silver II (56 LP)
2026-05-26T23:26:55,떼그라클,k91,KR,Ranked Flex,Michael,976,Bronze I (100 LP),849,Bronze II (99 LP)
2026-05-26T23:26:59,펑키왈숙,6117,KR,Ranked Flex,Motaju,805,Bronze II (55 LP),1047,Silver IV (47 LP)
2026-05-26T23:27:01,떼그라쥬,RTG,KR,Ranked Flex,Motaju,2121,Platinum IV (100 LP),1347,Silver II (97 LP)
2026-05-26T23:27:03,떼그라떼그라떼그라떼그라떼그라떼,kr12,KR,Ranked Flex,Motaju,1365,Silver II (100 LP),802,Bronze II (52 LP)
2026-05-27T01:16:59,SasimySean,4174,KR,Ranked Flex,Sean,938,Bronze I (63 LP),889,Bronze I (14 LP)
2026-05-27T01:17:13,일회용라이타,KR1,KR,Ranked Flex,Sean,1145,Silver III (20 LP),710,Bronze III (85 LP)
2026-05-27T01:17:20,떼그라션2,4174,KR,Ranked Flex,Sean,1065,Silver IV (65 LP),585,Bronze IV (85 LP)
2026-05-27T01:17:30,떼그라션,4174,KR,Ranked Flex,Sean,941,Bronze I (66 LP),902,Bronze I (27 LP)
2026-05-27T01:17:43,떼그라숀,4174,KR,Ranked Flex,Sean,834,Bronze II (84 LP),815,Bronze II (65 LP)
2026-05-27T01:17:53,떼그라대,dani,KR,Ranked Flex,Dani,860,Bronze II (100 LP),513,Bronze IV (13 LP)
2026-05-27T01:17:59,떼그라월,1234,KR,Ranked Flex,Wallace,1158,Silver III (33 LP),706,Bronze III (81 LP)
2026-05-27T01:18:19,떼그라호,0627,KR,Ranked Flex,함팀장님,999,Bronze I (100 LP),1169,Silver III (44 LP)
2026-05-27T01:18:42,qwer,a000,KR,Ranked Flex,함팀장님,1610,Gold IV (100 LP),1703,Gold III (78 LP)
2026-05-27T01:18:52,거북이,0627,KR,Ranked Flex,함팀장님,1168,Silver III (43 LP),1306,Silver II (56 LP)
2026-05-27T01:19:12,떼그라클,k91,KR,Ranked Flex,Michael,976,Bronze I (100 LP),849,Bronze II (99 LP)
2026-05-27T01:19:25,펑키왈숙,6117,KR,Ranked Flex,Motaju,805,Bronze II (55 LP),1047,Silver IV (47 LP)
2026-05-27T01:19:32,떼그라쥬,RTG,KR,Ranked Flex,Motaju,2121,Platinum IV (100 LP),1347,Silver II (97 LP)
2026-05-27T01:19:38,떼그라떼그라떼그라떼그라떼그라떼,kr12,KR,Ranked Flex,Motaju,1365,Silver II (100 LP),802,Bronze II (52 LP)
2026-05-27T02:47:32,SasimySean,4174,KR,Ranked Flex,Sean,938,Bronze I (63 LP),889,Bronze I (14 LP)
2026-05-27T02:47:42,일회용라이타,KR1,KR,Ranked Flex,Sean,1145,Silver III (20 LP),710,Bronze III (85 LP)
2026-05-27T02:47:55,떼그라션2,4174,KR,Ranked Flex,Sean,1065,Silver IV (65 LP),585,Bronze IV (85 LP)
2026-05-27T02:48:02,떼그라션,4174,KR,Ranked Flex,Sean,941,Bronze I (66 LP),902,Bronze I (27 LP)
2026-05-27T02:48:12,떼그라숀,4174,KR,Ranked Flex,Sean,834,Bronze II (84 LP),815,Bronze II (65 LP)
2026-05-27T02:48:19,떼그라대,dani,KR,Ranked Flex,Dani,860,Bronze II (100 LP),513,Bronze IV (13 LP)
2026-05-27T02:48:29,떼그라월,1234,KR,Ranked Flex,Wallace,1158,Silver III (33 LP),706,Bronze III (81 LP)
2026-05-27T02:48:46,떼그라호,0627,KR,Ranked Flex,함팀장님,999,Bronze I (100 LP),1169,Silver III (44 LP)
2026-05-27T02:48:52,qwer,a000,KR,Ranked Flex,함팀장님,1610,Gold IV (100 LP),1703,Gold III (78 LP)
2026-05-27T02:48:59,거북이,0627,KR,Ranked Flex,함팀장님,1168,Silver III (43 LP),1306,Silver II (56 LP)
2026-05-27T02:49:19,떼그라클,k91,KR,Ranked Flex,Michael,976,Bronze I (100 LP),849,Bronze II (99 LP)
2026-05-27T02:49:26,펑키왈숙,6117,KR,Ranked Flex,Motaju,805,Bronze II (55 LP),1047,Silver IV (47 LP)
2026-05-27T02:49:39,떼그라쥬,RTG,KR,Ranked Flex,Motaju,2121,Platinum IV (100 LP),1347,Silver II (97 LP)
2026-05-27T02:49:45,떼그라떼그라떼그라떼그라떼그라떼,kr12,KR,Ranked Flex,Motaju,1365,Silver II (100 LP),802,Bronze II (52 LP)
2026-05-27T03:19:35,SasimySean,4174,KR,Ranked Flex,Sean,938,Bronze I (63 LP),889,Bronze I (14 LP)
2026-05-27T03:19:36,일회용라이타,KR1,KR,Ranked Flex,Sean,1145,Silver III (20 LP),710,Bronze III (85 LP)
2026-05-27T03:19:39,떼그라션2,4174,KR,Ranked Flex,Sean,953,Bronze I (78 LP),570,Bronze IV (70 LP)
2026-05-27T03:19:41,떼그라션,4174,KR,Ranked Flex,Sean,941,Bronze I (66 LP),902,Bronze I (27 LP)
2026-05-27T03:19:42,떼그라숀,4174,KR,Ranked Flex,Sean,834,Bronze II (84 LP),815,Bronze II (65 LP)
2026-05-27T03:19:46,떼그라대,dani,KR,Ranked Flex,Dani,860,Bronze II (100 LP),513,Bronze IV (13 LP)
2026-05-27T03:19:50,떼그라월,1234,KR,Ranked Flex,Wallace,1158,Silver III (33 LP),706,Bronze III (81 LP)
2026-05-27T03:19:54,떼그라호,0627,KR,Ranked Flex,함팀장님,999,Bronze I (100 LP),1169,Silver III (44 LP)
2026-05-27T03:19:57,qwer,a000,KR,Ranked Flex,함팀장님,1610,Gold IV (100 LP),1703,Gold III (78 LP)
2026-05-27T03:20:06,거북이,0627,KR,Ranked Flex,함팀장님,1168,Silver III (43 LP),1306,Silver II (56 LP)
2026-05-27T03:20:29,떼그라클,k91,KR,Ranked Flex,Michael,976,Bronze I (100 LP),849,Bronze II (99 LP)
2026-05-27T03:20:33,펑키왈숙,6117,KR,Ranked Flex,Motaju,805,Bronze II (55 LP),1047,Silver IV (47 LP)
2026-05-27T03:20:40,떼그라쥬,RTG,KR,Ranked Flex,Motaju,2121,Platinum IV (100 LP),1347,Silver II (97 LP)
2026-05-27T03:20:50,떼그라떼그라떼그라떼그라떼그라떼,kr12,KR,Ranked Flex,Motaju,1365,Silver II (100 LP),802,Bronze II (52 LP)
2026-05-27T10:04:00,SasimySean,4174,KR,Ranked Flex,Sean,938,Bronze I (63 LP),889,Bronze I (14 LP)
2026-05-27T10:04:06,일회용라이타,KR1,KR,Ranked Flex,Sean,1145,Silver III (20 LP),710,Bronze III (85 LP)
2026-05-27T10:04:13,떼그라션2,4174,KR,Ranked Flex,Sean,795,Bronze II (45 LP),556,Bronze IV (56 LP)
2026-05-27T10:04:23,떼그라션,4174,KR,Ranked Flex,Sean,941,Bronze I (66 LP),902,Bronze I (27 LP)
2026-05-27T10:04:33,떼그라숀,4174,KR,Ranked Flex,Sean,834,Bronze II (84 LP),815,Bronze II (65 LP)
2026-05-27T10:04:52,떼그라대,dani,KR,Ranked Flex,Dani,860,Bronze II (100 LP),513,Bronze IV (13 LP)
2026-05-27T10:04:59,떼그라월,1234,KR,Ranked Flex,Wallace,1158,Silver III (33 LP),706,Bronze III (81 LP)
2026-05-27T10:05:16,떼그라호,0627,KR,Ranked Flex,함팀장님,999,Bronze I (100 LP),1169,Silver III (44 LP)
2026-05-27T10:05:22,qwer,a000,KR,Ranked Flex,함팀장님,1610,Gold IV (100 LP),1703,Gold III (78 LP)
2026-05-27T10:05:36,거북이,0627,KR,Ranked Flex,함팀장님,1168,Silver III (43 LP),1306,Silver II (56 LP)
2026-05-27T10:05:46,떼그라클,k91,KR,Ranked Flex,Michael,976,Bronze I (100 LP),849,Bronze II (99 LP)
2026-05-27T10:05:56,펑키왈숙,6117,KR,Ranked Flex,Motaju,805,Bronze II (55 LP),1047,Silver IV (47 LP)
2026-05-27T10:06:06,떼그라쥬,RTG,KR,Ranked Flex,Motaju,2121,Platinum IV (100 LP),1347,Silver II (97 LP)
2026-05-27T10:06:16,떼그라떼그라떼그라떼그라떼그라떼,kr12,KR,Ranked Flex,Motaju,1365,Silver II (100 LP),802,Bronze II (52 LP)
2026-05-27T11:52:01,SasimySean,4174,KR,Ranked Flex,Sean,938,Bronze I (63 LP),889,Bronze I (14 LP)
2026-05-27T11:52:24,일회용라이타,KR1,KR,Ranked Flex,Sean,1145,Silver III (20 LP),710,Bronze III (85 LP)
2026-05-27T11:52:37,떼그라션2,4174,KR,Ranked Flex,Sean,795,Bronze II (45 LP),556,Bronze IV (56 LP)
2026-05-27T11:52:47,떼그라션,4174,KR,Ranked Flex,Sean,941,Bronze I (66 LP),902,Bronze I (27 LP)
2026-05-27T11:52:54,떼그라숀,4174,KR,Ranked Flex,Sean,834,Bronze II (84 LP),815,Bronze II (65 LP)
2026-05-27T11:52:58,떼그라대,dani,KR,Ranked Flex,Dani,860,Bronze II (100 LP),513,Bronze IV (13 LP)
2026-05-27T11:53:08,떼그라월,1234,KR,Ranked Flex,Wallace,1158,Silver III (33 LP),706,Bronze III (81 LP)
2026-05-27T11:53:18,떼그라호,0627,KR,Ranked Flex,함팀장님,999,Bronze I (100 LP),1169,Silver III (44 LP)
2026-05-27T11:53:25,qwer,a000,KR,Ranked Flex,함팀장님,1610,Gold IV (100 LP),1703,Gold III (78 LP)
2026-05-27T11:53:38,거북이,0627,KR,Ranked Flex,함팀장님,1168,Silver III (43 LP),1306,Silver II (56 LP)
2026-05-27T11:54:05,떼그라클,k91,KR,Ranked Flex,Michael,976,Bronze I (100 LP),849,Bronze II (99 LP)
2026-05-27T11:54:12,펑키왈숙,6117,KR,Ranked Flex,Motaju,805,Bronze II (55 LP),1047,Silver IV (47 LP)
2026-05-27T11:54:19,떼그라쥬,RTG,KR,Ranked Flex,Motaju,2121,Platinum IV (100 LP),1347,Silver II (97 LP)
2026-05-27T11:54:26,떼그라떼그라떼그라떼그라떼그라떼,kr12,KR,Ranked Flex,Motaju,1365,Silver II (100 LP),802,Bronze II (52 LP)
2026-05-27T13:12:57,SasimySean,4174,KR,Ranked Flex,Sean,938,Bronze I (63 LP),889,Bronze I (14 LP)
2026-05-27T13:13:07,일회용라이타,KR1,KR,Ranked Flex,Sean,1145,Silver III (20 LP),710,Bronze III (85 LP)
2026-05-27T13:13:14,떼그라션2,4174,KR,Ranked Flex,Sean,795,Bronze II (45 LP),556,Bronze IV (56 LP)
2026-05-27T13:13:24,떼그라션,4174,KR,Ranked Flex,Sean,941,Bronze I (66 LP),902,Bronze I (27 LP)
2026-05-27T13:13:31,떼그라숀,4174,KR,Ranked Flex,Sean,834,Bronze II (84 LP),815,Bronze II (65 LP)
2026-05-27T13:13:41,떼그라대,dani,KR,Ranked Flex,Dani,860,Bronze II (100 LP),513,Bronze IV (13 LP)
2026-05-27T13:13:51,떼그라월,1234,KR,Ranked Flex,Wallace,1158,Silver III (33 LP),706,Bronze III (81 LP)
2026-05-27T13:14:05,떼그라호,0627,KR,Ranked Flex,함팀장님,999,Bronze I (100 LP),1169,Silver III (44 LP)
2026-05-27T13:14:18,qwer,a000,KR,Ranked Flex,함팀장님,1610,Gold IV (100 LP),1703,Gold III (78 LP)
2026-05-27T13:14:28,거북이,0627,KR,Ranked Flex,함팀장님,1168,Silver III (43 LP),1306,Silver II (56 LP)
2026-05-27T13:14:45,떼그라클,k91,KR,Ranked Flex,Michael,976,Bronze I (100 LP),849,Bronze II (99 LP)
2026-05-27T13:14:58,펑키왈숙,6117,KR,Ranked Flex,Motaju,805,Bronze II (55 LP),1047,Silver IV (47 LP)
2026-05-27T13:15:08,떼그라쥬,RTG,KR,Ranked Flex,Motaju,2121,Platinum IV (100 LP),1347,Silver II (97 LP)
2026-05-27T13:15:15,떼그라떼그라떼그라떼그라떼그라떼,kr12,KR,Ranked Flex,Motaju,1365,Silver II (100 LP),802,Bronze II (52 LP)
2026-05-27T13:47:25,SasimySean,4174,KR,Ranked Flex,Sean,938,Bronze I (63 LP),889,Bronze I (14 LP)
2026-05-27T13:47:32,일회용라이타,KR1,KR,Ranked Flex,Sean,1145,Silver III (20 LP),710,Bronze III (85 LP)
2026-05-27T13:47:45,떼그라션2,4174,KR,Ranked Flex,Sean,805,Bronze II (55 LP),556,Bronze IV (56 LP)
2026-05-27T13:47:59,떼그라션,4174,KR,Ranked Flex,Sean,941,Bronze I (66 LP),902,Bronze I (27 LP)
2026-05-27T13:48:05,떼그라숀,4174,KR,Ranked Flex,Sean,834,Bronze II (84 LP),815,Bronze II (65 LP)
2026-05-27T13:48:16,떼그라대,dani,KR,Ranked Flex,Dani,891,Bronze I (16 LP),513,Bronze IV (13 LP)
2026-05-27T13:48:25,떼그라월,1234,KR,Ranked Flex,Wallace,982,Bronze I (100 LP),706,Bronze III (81 LP)
2026-05-27T13:48:45,떼그라호,0627,KR,Ranked Flex,함팀장님,999,Bronze I (100 LP),1169,Silver III (44 LP)
2026-05-27T13:48:59,qwer,a000,KR,Ranked Flex,함팀장님,1610,Gold IV (100 LP),1703,Gold III (78 LP)
2026-05-27T13:49:12,거북이,0627,KR,Ranked Flex,함팀장님,999,Bronze I (100 LP),1306,Silver II (56 LP)
2026-05-27T13:49:26,떼그라클,k91,KR,Ranked Flex,Michael,899,Bronze I (24 LP),849,Bronze II (99 LP)
2026-05-27T13:49:36,펑키왈숙,6117,KR,Ranked Flex,Motaju,805,Bronze II (55 LP),1047,Silver IV (47 LP)
2026-05-27T13:49:46,떼그라쥬,RTG,KR,Ranked Flex,Motaju,2121,Platinum IV (100 LP),1347,Silver II (97 LP)
2026-05-27T13:49:59,떼그라떼그라떼그라떼그라떼그라떼,kr12,KR,Ranked Flex,Motaju,1365,Silver II (100 LP),802,Bronze II (52 LP)
2026-05-27T14:21:08,SasimySean,4174,KR,Ranked Flex,Sean,938,Bronze I (63 LP),889,Bronze I (14 LP)
2026-05-27T14:21:19,일회용라이타,KR1,KR,Ranked Flex,Sean,1145,Silver III (20 LP),710,Bronze III (85 LP)
2026-05-27T14:21:25,떼그라션2,4174,KR,Ranked Flex,Sean,805,Bronze II (55 LP),542,Bronze IV (42 LP)
2026-05-27T14:21:39,떼그라션,4174,KR,Ranked Flex,Sean,941,Bronze I (66 LP),902,Bronze I (27 LP)
2026-05-27T14:21:52,떼그라숀,4174,KR,Ranked Flex,Sean,834,Bronze II (84 LP),815,Bronze II (65 LP)
2026-05-27T14:22:05,떼그라대,dani,KR,Ranked Flex,Dani,891,Bronze I (16 LP),500,Bronze IV (0 LP)
2026-05-27T14:22:18,떼그라월,1234,KR,Ranked Flex,Wallace,982,Bronze I (100 LP),686,Bronze III (61 LP)
2026-05-27T14:22:32,떼그라호,0627,KR,Ranked Flex,함팀장님,999,Bronze I (100 LP),1169,Silver III (44 LP)
2026-05-27T14:22:45,qwer,a000,KR,Ranked Flex,함팀장님,1610,Gold IV (100 LP),1703,Gold III (78 LP)
2026-05-27T14:22:51,거북이,0627,KR,Ranked Flex,함팀장님,999,Bronze I (100 LP),1287,Silver II (37 LP)
2026-05-27T14:23:02,떼그라클,k91,KR,Ranked Flex,Michael,899,Bronze I (24 LP),829,Bronze II (79 LP)
2026-05-27T14:23:16,펑키왈숙,6117,KR,Ranked Flex,Motaju,805,Bronze II (55 LP),1047,Silver IV (47 LP)
2026-05-27T14:23:26,떼그라쥬,RTG,KR,Ranked Flex,Motaju,2121,Platinum IV (100 LP),1347,Silver II (97 LP)
2026-05-27T14:23:32,떼그라떼그라떼그라떼그라떼그라떼,kr12,KR,Ranked Flex,Motaju,1365,Silver II (100 LP),802,Bronze II (52 LP)
2026-05-27T14:53:24,SasimySean,4174,KR,Ranked Flex,Sean,938,Bronze I (63 LP),889,Bronze I (14 LP)
2026-05-27T14:53:31,일회용라이타,KR1,KR,Ranked Flex,Sean,1145,Silver III (20 LP),710,Bronze III (85 LP)
2026-05-27T14:53:44,떼그라션2,4174,KR,Ranked Flex,Sean,791,Bronze II (41 LP),528,Bronze IV (28 LP)
2026-05-27T14:53:57,떼그라션,4174,KR,Ranked Flex,Sean,941,Bronze I (66 LP),902,Bronze I (27 LP)
2026-05-27T14:54:10,떼그라숀,4174,KR,Ranked Flex,Sean,834,Bronze II (84 LP),815,Bronze II (65 LP)
2026-05-27T14:54:17,떼그라대,dani,KR,Ranked Flex,Dani,855,Bronze II (100 LP),425,Iron I (50 LP)
2026-05-27T14:54:30,떼그라월,1234,KR,Ranked Flex,Wallace,893,Bronze I (18 LP),665,Bronze III (40 LP)
2026-05-27T14:54:54,떼그라호,0627,KR,Ranked Flex,함팀장님,999,Bronze I (100 LP),1169,Silver III (44 LP)
2026-05-27T14:55:01,qwer,a000,KR,Ranked Flex,함팀장님,1610,Gold IV (100 LP),1703,Gold III (78 LP)
2026-05-27T14:55:14,거북이,0627,KR,Ranked Flex,함팀장님,906,Bronze I (31 LP),1268,Silver II (18 LP)
2026-05-27T14:55:32,떼그라클,k91,KR,Ranked Flex,Michael,888,Bronze I (13 LP),808,Bronze II (58 LP)
2026-05-27T14:55:38,펑키왈숙,6117,KR,Ranked Flex,Motaju,805,Bronze II (55 LP),1047,Silver IV (47 LP)
2026-05-27T14:55:45,떼그라쥬,RTG,KR,Ranked Flex,Motaju,2121,Platinum IV (100 LP),1347,Silver II (97 LP)
2026-05-27T14:55:55,떼그라떼그라떼그라떼그라떼그라떼,kr12,KR,Ranked Flex,Motaju,1365,Silver II (100 LP),802,Bronze II (52 LP)
2026-05-27T16:33:11,SasimySean,4174,KR,Ranked Flex,Sean,947,Bronze I (72 LP),889,Bronze I (14 LP)
2026-05-27T16:33:18,일회용라이타,KR1,KR,Ranked Flex,Sean,1145,Silver III (20 LP),710,Bronze III (85 LP)
2026-05-27T16:33:24,떼그라션2,4174,KR,Ranked Flex,Sean,772,Bronze II (22 LP),554,Bronze IV (54 LP)
2026-05-27T16:33:31,떼그라션,4174,KR,Ranked Flex,Sean,941,Bronze I (66 LP),902,Bronze I (27 LP)
2026-05-27T16:33:44,떼그라숀,4174,KR,Ranked Flex,Sean,834,Bronze II (84 LP),815,Bronze II (65 LP)
2026-05-27T16:33:51,떼그라대,dani,KR,Ranked Flex,Dani,786,Bronze II (36 LP),443,Iron I (68 LP)
2026-05-27T16:34:01,떼그라월,1234,KR,Ranked Flex,Wallace,786,Bronze II (36 LP),684,Bronze III (59 LP)
2026-05-27T16:34:18,떼그라호,0627,KR,Ranked Flex,함팀장님,999,Bronze I (100 LP),1169,Silver III (44 LP)
2026-05-27T16:34:27,qwer,a000,KR,Ranked Flex,함팀장님,1610,Gold IV (100 LP),1703,Gold III (78 LP)
2026-05-27T16:34:34,거북이,0627,KR,Ranked Flex,함팀장님,800,Bronze II (50 LP),1289,Silver II (39 LP)
2026-05-27T16:34:48,떼그라클,k91,KR,Ranked Flex,Michael,763,Bronze II (13 LP),828,Bronze II (78 LP)
2026-05-27T16:34:55,펑키왈숙,6117,KR,Ranked Flex,Motaju,805,Bronze II (55 LP),1047,Silver IV (47 LP)
2026-05-27T16:35:01,떼그라쥬,RTG,KR,Ranked Flex,Motaju,2121,Platinum IV (100 LP),1347,Silver II (97 LP)
2026-05-27T16:35:11,떼그라떼그라떼그라떼그라떼그라떼,kr12,KR,Ranked Flex,Motaju,1365,Silver II (100 LP),802,Bronze II (52 LP)
2026-05-27T17:06:57,SasimySean,4174,KR,Ranked Flex,Sean,947,Bronze I (72 LP),889,Bronze I (14 LP)
2026-05-27T17:07:07,일회용라이타,KR1,KR,Ranked Flex,Sean,1145,Silver III (20 LP),710,Bronze III (85 LP)
2026-05-27T17:07:20,떼그라션2,4174,KR,Ranked Flex,Sean,768,Bronze II (18 LP),554,Bronze IV (54 LP)
2026-05-27T17:07:27,떼그라션,4174,KR,Ranked Flex,Sean,941,Bronze I (66 LP),902,Bronze I (27 LP)
2026-05-27T17:07:37,떼그라숀,4174,KR,Ranked Flex,Sean,834,Bronze II (84 LP),815,Bronze II (65 LP)
2026-05-27T17:07:43,떼그라대,dani,KR,Ranked Flex,Dani,781,Bronze II (31 LP),443,Iron I (68 LP)
2026-05-27T17:07:53,떼그라월,1234,KR,Ranked Flex,Wallace,781,Bronze II (31 LP),684,Bronze III (59 LP)
2026-05-27T17:08:13,떼그라호,0627,KR,Ranked Flex,함팀장님,999,Bronze I (100 LP),1169,Silver III (44 LP)
2026-05-27T17:08:20,qwer,a000,KR,Ranked Flex,함팀장님,1610,Gold IV (100 LP),1703,Gold III (78 LP)
2026-05-27T17:08:27,거북이,0627,KR,Ranked Flex,함팀장님,795,Bronze II (45 LP),1289,Silver II (39 LP)
2026-05-27T17:08:47,떼그라클,k91,KR,Ranked Flex,Michael,758,Bronze II (8 LP),828,Bronze II (78 LP)
2026-05-27T17:09:03,펑키왈숙,6117,KR,Ranked Flex,Motaju,805,Bronze II (55 LP),1047,Silver IV (47 LP)
2026-05-27T17:09:16,떼그라쥬,RTG,KR,Ranked Flex,Motaju,2121,Platinum IV (100 LP),1347,Silver II (97 LP)
2026-05-27T17:09:26,떼그라떼그라떼그라떼그라떼그라떼,kr12,KR,Ranked Flex,Motaju,1365,Silver II (100 LP),802,Bronze II (52 LP)
2026-05-27T17:26:42,SasimySean,4174,KR,Ranked Flex,Sean,947,Bronze I (72 LP),889,Bronze I (14 LP)
2026-05-27T17:26:44,일회용라이타,KR1,KR,Ranked Flex,Sean,1145,Silver III (20 LP),710,Bronze III (85 LP)
2026-05-27T17:26:46,떼그라션2,4174,KR,Ranked Flex,Sean,768,Bronze II (18 LP),554,Bronze IV (54 LP)
2026-05-27T17:26:47,떼그라션,4174,KR,Ranked Flex,Sean,941,Bronze I (66 LP),902,Bronze I (27 LP)
2026-05-27T17:26:48,떼그라숀,4174,KR,Ranked Flex,Sean,834,Bronze II (84 LP),815,Bronze II (65 LP)
2026-05-27T17:26:53,떼그라대,dani,KR,Ranked Flex,Dani,781,Bronze II (31 LP),443,Iron I (68 LP)
2026-05-27T17:26:57,떼그라월,1234,KR,Ranked Flex,Wallace,781,Bronze II (31 LP),684,Bronze III (59 LP)
2026-05-27T17:27:03,떼그라호,0627,KR,Ranked Flex,함팀장님,999,Bronze I (100 LP),1169,Silver III (44 LP)
2026-05-27T17:27:05,qwer,a000,KR,Ranked Flex,함팀장님,1610,Gold IV (100 LP),1703,Gold III (78 LP)
2026-05-27T17:27:09,거북이,0627,KR,Ranked Flex,함팀장님,795,Bronze II (45 LP),1289,Silver II (39 LP)
2026-05-27T17:27:13,떼그라클,k91,KR,Ranked Flex,Michael,758,Bronze II (8 LP),828,Bronze II (78 LP)
2026-05-27T17:27:17,펑키왈숙,6117,KR,Ranked Flex,Motaju,805,Bronze II (55 LP),1047,Silver IV (47 LP)
2026-05-27T17:27:18,떼그라쥬,RTG,KR,Ranked Flex,Motaju,2121,Platinum IV (100 LP),1347,Silver II (97 LP)
2026-05-27T17:27:20,떼그라떼그라떼그라떼그라떼그라떼,kr12,KR,Ranked Flex,Motaju,1365,Silver II (100 LP),802,Bronze II (52 LP)
2026-05-27T18:01:04,SasimySean,4174,KR,Ranked Flex,Sean,947,Bronze I (72 LP),889,Bronze I (14 LP)
2026-05-27T18:01:14,일회용라이타,KR1,KR,Ranked Flex,Sean,1145,Silver III (20 LP),710,Bronze III (85 LP)
2026-05-27T18:01:21,떼그라션2,4174,KR,Ranked Flex,Sean,760,Bronze II (10 LP),580,Bronze IV (80 LP)
2026-05-27T18:01:31,떼그라션,4174,KR,Ranked Flex,Sean,946,Bronze I (71 LP),902,Bronze I (27 LP)
2026-05-27T18:01:34,떼그라숀,4174,KR,Ranked Flex,Sean,834,Bronze II (84 LP),815,Bronze II (65 LP)
2026-05-27T18:01:48,떼그라대,dani,KR,Ranked Flex,Dani,775,Bronze II (25 LP),461,Iron I (86 LP)
2026-05-27T18:01:54,떼그라월,1234,KR,Ranked Flex,Wallace,775,Bronze II (25 LP),724,Bronze III (99 LP)
2026-05-27T18:02:33,떼그라호,0627,KR,Ranked Flex,함팀장님,999,Bronze I (100 LP),1169,Silver III (44 LP)
2026-05-27T18:02:40,qwer,a000,KR,Ranked Flex,함팀장님,1610,Gold IV (100 LP),1703,Gold III (78 LP)
2026-05-27T18:02:50,거북이,0627,KR,Ranked Flex,함팀장님,790,Bronze II (40 LP),1310,Silver II (60 LP)
2026-05-27T18:03:07,떼그라클,k91,KR,Ranked Flex,Michael,751,Bronze II (1 LP),893,Bronze I (18 LP)
2026-05-27T18:03:20,펑키왈숙,6117,KR,Ranked Flex,Motaju,805,Bronze II (55 LP),1047,Silver IV (47 LP)
2026-05-27T18:03:24,떼그라쥬,RTG,KR,Ranked Flex,Motaju,2121,Platinum IV (100 LP),1347,Silver II (97 LP)
2026-05-27T18:03:27,떼그라떼그라떼그라떼그라떼그라떼,kr12,KR,Ranked Flex,Motaju,1365,Silver II (100 LP),802,Bronze II (52 LP)
2026-05-28T12:05:48,SasimySean,4174,KR,Ranked Flex,Sean,947,Bronze I (72 LP),889,Bronze I (14 LP)
2026-05-28T12:05:58,일회용라이타,KR1,KR,Ranked Flex,Sean,1150,Silver III (25 LP),710,Bronze III (85 LP)
2026-05-28T12:06:08,떼그라션2,4174,KR,Ranked Flex,Sean,767,Bronze II (17 LP),631,Bronze III (6 LP)
2026-05-28T12:06:21,떼그라션,4174,KR,Ranked Flex,Sean,946,Bronze I (71 LP),902,Bronze I (27 LP)
2026-05-28T12:06:31,떼그라숀,4174,KR,Ranked Flex,Sean,834,Bronze II (84 LP),815,Bronze II (65 LP)
2026-05-28T12:06:38,떼그라대,dani,KR,Ranked Flex,Dani,784,Bronze II (34 LP),505,Bronze IV (5 LP)
2026-05-28T12:06:48,떼그라월,1234,KR,Ranked Flex,Wallace,784,Bronze II (34 LP),724,Bronze III (99 LP)
2026-05-28T12:07:11,떼그라호,0627,KR,Ranked Flex,함팀장님,999,Bronze I (100 LP),1169,Silver III (44 LP)
2026-05-28T12:07:21,qwer,a000,KR,Ranked Flex,함팀장님,1615,Gold IV (100 LP),1703,Gold III (78 LP)
2026-05-28T12:07:31,거북이,0627,KR,Ranked Flex,함팀장님,1084,Silver IV (84 LP),1398,Silver I (23 LP)
2026-05-28T12:07:58,떼그라클,k91,KR,Ranked Flex,Michael,757,Bronze II (7 LP),893,Bronze I (18 LP)
2026-05-28T12:08:04,펑키왈숙,6117,KR,Ranked Flex,Motaju,805,Bronze II (55 LP),1047,Silver IV (47 LP)
2026-05-28T12:08:18,떼그라쥬,RTG,KR,Ranked Flex,Motaju,2121,Platinum IV (100 LP),1347,Silver II (97 LP)
2026-05-28T12:08:24,떼그라떼그라떼그라떼그라떼그라떼,kr12,KR,Ranked Flex,Motaju,1365,Silver II (100 LP),802,Bronze II (52 LP)
2026-05-28T13:51:04,SasimySean,4174,KR,Ranked Flex,Sean,947,Bronze I (72 LP),889,Bronze I (14 LP)
2026-05-28T13:51:17,일회용라이타,KR1,KR,Ranked Flex,Sean,1150,Silver III (25 LP),710,Bronze III (85 LP)
2026-05-28T13:51:21,떼그라션2,4174,KR,Ranked Flex,Sean,767,Bronze II (17 LP),631,Bronze III (6 LP)
2026-05-28T13:51:34,떼그라션,4174,KR,Ranked Flex,Sean,946,Bronze I (71 LP),902,Bronze I (27 LP)
2026-05-28T13:51:41,떼그라숀,4174,KR,Ranked Flex,Sean,834,Bronze II (84 LP),815,Bronze II (65 LP)
2026-05-28T13:51:54,떼그라대,dani,KR,Ranked Flex,Dani,784,Bronze II (34 LP),505,Bronze IV (5 LP)
2026-05-28T13:52:04,떼그라월,1234,KR,Ranked Flex,Wallace,784,Bronze II (34 LP),724,Bronze III (99 LP)
2026-05-28T13:52:24,떼그라호,0627,KR,Ranked Flex,함팀장님,999,Bronze I (100 LP),1169,Silver III (44 LP)
2026-05-28T13:52:37,qwer,a000,KR,Ranked Flex,함팀장님,1615,Gold IV (100 LP),1703,Gold III (78 LP)
2026-05-28T13:52:44,거북이,0627,KR,Ranked Flex,함팀장님,1084,Silver IV (84 LP),1398,Silver I (23 LP)
2026-05-28T13:53:10,떼그라클,k91,KR,Ranked Flex,Michael,757,Bronze II (7 LP),893,Bronze I (18 LP)
2026-05-28T13:53:24,펑키왈숙,6117,KR,Ranked Flex,Motaju,805,Bronze II (55 LP),1047,Silver IV (47 LP)
2026-05-28T13:53:34,떼그라쥬,RTG,KR,Ranked Flex,Motaju,2121,Platinum IV (100 LP),1347,Silver II (97 LP)
2026-05-28T13:53:40,떼그라떼그라떼그라떼그라떼그라떼,kr12,KR,Ranked Flex,Motaju,1365,Silver II (100 LP),802,Bronze II (52 LP)
2026-05-28T14:51:46,SasimySean,4174,KR,Ranked Flex,Sean,947,Bronze I (72 LP),889,Bronze I (14 LP)
2026-05-28T14:51:56,일회용라이타,KR1,KR,Ranked Flex,Sean,1150,Silver III (25 LP),710,Bronze III (85 LP)
2026-05-28T14:52:02,떼그라션2,4174,KR,Ranked Flex,Sean,767,Bronze II (17 LP),631,Bronze III (6 LP)
2026-05-28T14:52:16,떼그라션,4174,KR,Ranked Flex,Sean,946,Bronze I (71 LP),902,Bronze I (27 LP)
2026-05-28T14:52:19,떼그라숀,4174,KR,Ranked Flex,Sean,834,Bronze II (84 LP),815,Bronze II (65 LP)
2026-05-28T14:52:29,떼그라대,dani,KR,Ranked Flex,Dani,744,Bronze III (100 LP),505,Bronze IV (5 LP)
2026-05-28T14:52:36,떼그라월,1234,KR,Ranked Flex,Wallace,744,Bronze III (100 LP),724,Bronze III (99 LP)
2026-05-28T14:52:49,떼그라호,0627,KR,Ranked Flex,함팀장님,988,Bronze I (100 LP),1169,Silver III (44 LP)
2026-05-28T14:52:59,qwer,a000,KR,Ranked Flex,함팀장님,1615,Gold IV (100 LP),1703,Gold III (78 LP)
2026-05-28T14:53:09,거북이,0627,KR,Ranked Flex,함팀장님,1084,Silver IV (84 LP),1398,Silver I (23 LP)
2026-05-28T14:53:22,떼그라클,k91,KR,Ranked Flex,Michael,757,Bronze II (7 LP),893,Bronze I (18 LP)
2026-05-28T14:53:45,펑키왈숙,6117,KR,Ranked Flex,Motaju,805,Bronze II (55 LP),1047,Silver IV (47 LP)
2026-05-28T14:53:55,떼그라쥬,RTG,KR,Ranked Flex,Motaju,2121,Platinum IV (100 LP),1347,Silver II (97 LP)
2026-05-28T14:54:08,떼그라떼그라떼그라떼그라떼그라떼,kr12,KR,Ranked Flex,Motaju,1365,Silver II (100 LP),802,Bronze II (52 LP)
2026-05-28T15:09:08,SasimySean,4174,KR,Ranked Flex,Sean,947,Bronze I (72 LP),889,Bronze I (14 LP)
2026-05-28T15:09:09,일회용라이타,KR1,KR,Ranked Flex,Sean,1150,Silver III (25 LP),710,Bronze III (85 LP)
2026-05-28T15:09:12,떼그라션2,4174,KR,Ranked Flex,Sean,767,Bronze II (17 LP),631,Bronze III (6 LP)
2026-05-28T15:09:14,떼그라션,4174,KR,Ranked Flex,Sean,946,Bronze I (71 LP),902,Bronze I (27 LP)
2026-05-28T15:09:15,떼그라숀,4174,KR,Ranked Flex,Sean,834,Bronze II (84 LP),815,Bronze II (65 LP)
2026-05-28T15:09:19,떼그라대,dani,KR,Ranked Flex,Dani,744,Bronze III (100 LP),505,Bronze IV (5 LP)
2026-05-28T15:09:24,떼그라월,1234,KR,Ranked Flex,Wallace,744,Bronze III (100 LP),724,Bronze III (99 LP)
2026-05-28T15:09:29,떼그라호,0627,KR,Ranked Flex,함팀장님,988,Bronze I (100 LP),1169,Silver III (44 LP)
2026-05-28T15:09:32,qwer,a000,KR,Ranked Flex,함팀장님,1615,Gold IV (100 LP),1703,Gold III (78 LP)
2026-05-28T15:09:38,거북이,0627,KR,Ranked Flex,함팀장님,1084,Silver IV (84 LP),1398,Silver I (23 LP)
2026-05-28T15:09:46,떼그라클,k91,KR,Ranked Flex,Michael,757,Bronze II (7 LP),893,Bronze I (18 LP)
2026-05-28T15:09:51,펑키왈숙,6117,KR,Ranked Flex,Motaju,805,Bronze II (55 LP),1047,Silver IV (47 LP)
2026-05-28T15:09:53,떼그라쥬,RTG,KR,Ranked Flex,Motaju,2121,Platinum IV (100 LP),1347,Silver II (97 LP)
2026-05-28T15:09:55,떼그라떼그라떼그라떼그라떼그라떼,kr12,KR,Ranked Flex,Motaju,1365,Silver II (100 LP),802,Bronze II (52 LP)
2026-05-28T17:29:05,SasimySean,4174,KR,Ranked Flex,Sean,947,Bronze I (72 LP),889,Bronze I (14 LP)
2026-05-28T17:29:15,일회용라이타,KR1,KR,Ranked Flex,Sean,1150,Silver III (25 LP),710,Bronze III (85 LP)
2026-05-28T17:29:22,떼그라션2,4174,KR,Ranked Flex,Sean,767,Bronze II (17 LP),631,Bronze III (6 LP)
2026-05-28T17:29:35,떼그라션,4174,KR,Ranked Flex,Sean,946,Bronze I (71 LP),902,Bronze I (27 LP)
2026-05-28T17:29:48,떼그라숀,4174,KR,Ranked Flex,Sean,834,Bronze II (84 LP),815,Bronze II (65 LP)
2026-05-28T17:29:54,떼그라대,dani,KR,Ranked Flex,Dani,758,Bronze II (8 LP),505,Bronze IV (5 LP)
2026-05-28T17:30:04,떼그라월,1234,KR,Ranked Flex,Wallace,758,Bronze II (8 LP),724,Bronze III (99 LP)
2026-05-28T17:30:18,떼그라호,0627,KR,Ranked Flex,함팀장님,675,Bronze III (50 LP),1169,Silver III (44 LP)
2026-05-28T17:30:28,qwer,a000,KR,Ranked Flex,함팀장님,1615,Gold IV (100 LP),1703,Gold III (78 LP)
2026-05-28T17:30:35,거북이,0627,KR,Ranked Flex,함팀장님,1084,Silver IV (84 LP),1398,Silver I (23 LP)
2026-05-28T17:30:48,떼그라클,k91,KR,Ranked Flex,Michael,757,Bronze II (7 LP),893,Bronze I (18 LP)
2026-05-28T17:30:58,펑키왈숙,6117,KR,Ranked Flex,Motaju,805,Bronze II (55 LP),1047,Silver IV (47 LP)
2026-05-28T17:31:08,떼그라쥬,RTG,KR,Ranked Flex,Motaju,2121,Platinum IV (100 LP),1347,Silver II (97 LP)
2026-05-28T17:31:24,떼그라떼그라떼그라떼그라떼그라떼,kr12,KR,Ranked Flex,Motaju,1365,Silver II (100 LP),802,Bronze II (52 LP)
2026-05-28T17:51:03,SasimySean,4174,KR,Ranked Flex,Sean,947,Bronze I (72 LP),889,Bronze I (14 LP)
2026-05-28T17:51:13,일회용라이타,KR1,KR,Ranked Flex,Sean,1150,Silver III (25 LP),710,Bronze III (85 LP)
2026-05-28T17:51:23,떼그라션2,4174,KR,Ranked Flex,Sean,767,Bronze II (17 LP),631,Bronze III (6 LP)
2026-05-28T17:51:30,떼그라션,4174,KR,Ranked Flex,Sean,946,Bronze I (71 LP),902,Bronze I (27 LP)
2026-05-28T17:51:36,떼그라숀,4174,KR,Ranked Flex,Sean,834,Bronze II (84 LP),815,Bronze II (65 LP)
2026-05-28T17:51:46,떼그라대,dani,KR,Ranked Flex,Dani,758,Bronze II (8 LP),505,Bronze IV (5 LP)
2026-05-28T17:51:56,떼그라월,1234,KR,Ranked Flex,Wallace,758,Bronze II (8 LP),724,Bronze III (99 LP)
2026-05-28T17:52:16,떼그라호,0627,KR,Ranked Flex,함팀장님,675,Bronze III (50 LP),1169,Silver III (44 LP)
2026-05-28T17:52:26,qwer,a000,KR,Ranked Flex,함팀장님,1615,Gold IV (100 LP),1703,Gold III (78 LP)
2026-05-28T17:52:33,거북이,0627,KR,Ranked Flex,함팀장님,1084,Silver IV (84 LP),1398,Silver I (23 LP)
2026-05-28T17:52:46,떼그라클,k91,KR,Ranked Flex,Michael,757,Bronze II (7 LP),893,Bronze I (18 LP)
2026-05-28T17:52:53,펑키왈숙,6117,KR,Ranked Flex,Motaju,805,Bronze II (55 LP),1047,Silver IV (47 LP)
2026-05-28T17:53:02,떼그라쥬,RTG,KR,Ranked Flex,Motaju,2121,Platinum IV (100 LP),1347,Silver II (97 LP)
2026-05-28T17:53:12,떼그라떼그라떼그라떼그라떼그라떼,kr12,KR,Ranked Flex,Motaju,1365,Silver II (100 LP),802,Bronze II (52 LP)
2026-05-28T18:20:49,SasimySean,4174,KR,Ranked Flex,Sean,947,Bronze I (72 LP),889,Bronze I (14 LP)
2026-05-28T18:20:56,일회용라이타,KR1,KR,Ranked Flex,Sean,1150,Silver III (25 LP),710,Bronze III (85 LP)
2026-05-28T18:21:09,떼그라션2,4174,KR,Ranked Flex,Sean,767,Bronze II (17 LP),631,Bronze III (6 LP)
2026-05-28T18:21:16,떼그라션,4174,KR,Ranked Flex,Sean,946,Bronze I (71 LP),902,Bronze I (27 LP)
2026-05-28T18:21:22,떼그라숀,4174,KR,Ranked Flex,Sean,834,Bronze II (84 LP),815,Bronze II (65 LP)
2026-05-28T18:21:35,떼그라대,dani,KR,Ranked Flex,Dani,875,Bronze I (0 LP),505,Bronze IV (5 LP)
2026-05-28T18:21:58,떼그라월,1234,KR,Ranked Flex,Wallace,875,Bronze I (0 LP),724,Bronze III (99 LP)
2026-05-28T18:22:18,떼그라호,0627,KR,Ranked Flex,함팀장님,675,Bronze III (50 LP),1169,Silver III (44 LP)
2026-05-28T18:22:31,qwer,a000,KR,Ranked Flex,함팀장님,1615,Gold IV (100 LP),1703,Gold III (78 LP)
2026-05-28T18:22:50,거북이,0627,KR,Ranked Flex,함팀장님,1193,Silver III (68 LP),1398,Silver I (23 LP)
2026-05-28T18:23:07,떼그라클,k91,KR,Ranked Flex,Michael,757,Bronze II (7 LP),893,Bronze I (18 LP)
2026-05-28T18:23:17,펑키왈숙,6117,KR,Ranked Flex,Motaju,805,Bronze II (55 LP),1047,Silver IV (47 LP)
2026-05-28T18:23:27,떼그라쥬,RTG,KR,Ranked Flex,Motaju,2121,Platinum IV (100 LP),1347,Silver II (97 LP)
2026-05-28T18:23:37,떼그라떼그라떼그라떼그라떼그라떼,kr12,KR,Ranked Flex,Motaju,1365,Silver II (100 LP),802,Bronze II (52 LP)
2026-05-28T19:11:49,SasimySean,4174,KR,Ranked Flex,Sean,947,Bronze I (72 LP),889,Bronze I (14 LP)
2026-05-28T19:12:02,일회용라이타,KR1,KR,Ranked Flex,Sean,1150,Silver III (25 LP),710,Bronze III (85 LP)
2026-05-28T19:12:12,떼그라션2,4174,KR,Ranked Flex,Sean,767,Bronze II (17 LP),631,Bronze III (6 LP)
2026-05-28T19:12:51,떼그라숀,4174,KR,Ranked Flex,Sean,834,Bronze II (84 LP),815,Bronze II (65 LP)
2026-05-28T19:13:11,떼그라대,dani,KR,Ranked Flex,Dani,875,Bronze I (0 LP),505,Bronze IV (5 LP)
2026-05-28T19:13:17,떼그라월,1234,KR,Ranked Flex,Wallace,875,Bronze I (0 LP),724,Bronze III (99 LP)
2026-05-28T19:13:34,떼그라호,0627,KR,Ranked Flex,함팀장님,675,Bronze III (50 LP),1169,Silver III (44 LP)
2026-05-28T19:13:44,qwer,a000,KR,Ranked Flex,함팀장님,1615,Gold IV (100 LP),1703,Gold III (78 LP)
2026-05-28T19:13:54,거북이,0627,KR,Ranked Flex,함팀장님,1193,Silver III (68 LP),1398,Silver I (23 LP)
2026-05-28T19:14:04,떼그라클,k91,KR,Ranked Flex,Michael,757,Bronze II (7 LP),893,Bronze I (18 LP)
2026-05-28T19:14:11,펑키왈숙,6117,KR,Ranked Flex,Motaju,805,Bronze II (55 LP),1047,Silver IV (47 LP)
2026-05-28T19:14:21,떼그라쥬,RTG,KR,Ranked Flex,Motaju,2121,Platinum IV (100 LP),1347,Silver II (97 LP)
2026-05-28T19:14:31,떼그라떼그라떼그라떼그라떼그라떼,kr12,KR,Ranked Flex,Motaju,1365,Silver II (100 LP),802,Bronze II (52 LP)
2026-05-28T19:16:13,떼그라션,4174,KR,Ranked Flex,Sean,946,Bronze I (71 LP),902,Bronze I (27 LP)
2026-05-28T19:38:51,SasimySean,4174,KR,Ranked Flex,Sean,947,Bronze I (72 LP),889,Bronze I (14 LP)
2026-05-28T19:39:07,일회용라이타,KR1,KR,Ranked Flex,Sean,1150,Silver III (25 LP),710,Bronze III (85 LP)
2026-05-28T19:39:17,떼그라션2,4174,KR,Ranked Flex,Sean,767,Bronze II (17 LP),631,Bronze III (6 LP)
2026-05-28T19:39:27,떼그라션,4174,KR,Ranked Flex,Sean,946,Bronze I (71 LP),902,Bronze I (27 LP)
2026-05-28T19:39:43,떼그라숀,4174,KR,Ranked Flex,Sean,834,Bronze II (84 LP),815,Bronze II (65 LP)
2026-05-28T19:39:50,떼그라대,dani,KR,Ranked Flex,Dani,875,Bronze I (0 LP),505,Bronze IV (5 LP)
2026-05-28T19:40:03,떼그라월,1234,KR,Ranked Flex,Wallace,875,Bronze I (0 LP),724,Bronze III (99 LP)
2026-05-28T19:40:20,떼그라호,0627,KR,Ranked Flex,함팀장님,675,Bronze III (50 LP),1169,Silver III (44 LP)
2026-05-28T19:40:30,qwer,a000,KR,Ranked Flex,함팀장님,1615,Gold IV (100 LP),1703,Gold III (78 LP)
2026-05-28T19:40:39,거북이,0627,KR,Ranked Flex,함팀장님,1193,Silver III (68 LP),1398,Silver I (23 LP)
2026-05-28T19:40:56,떼그라클,k91,KR,Ranked Flex,Michael,757,Bronze II (7 LP),893,Bronze I (18 LP)
2026-05-28T19:41:03,펑키왈숙,6117,KR,Ranked Flex,Motaju,805,Bronze II (55 LP),1047,Silver IV (47 LP)
2026-05-28T19:41:09,떼그라쥬,RTG,KR,Ranked Flex,Motaju,2121,Platinum IV (100 LP),1347,Silver II (97 LP)
2026-05-28T19:41:19,떼그라떼그라떼그라떼그라떼그라떼,kr12,KR,Ranked Flex,Motaju,1365,Silver II (100 LP),802,Bronze II (52 LP)
2026-05-28T21:17:12,SasimySean,4174,KR,Ranked Flex,Sean,947,Bronze I (72 LP),889,Bronze I (14 LP)
2026-05-28T21:17:19,일회용라이타,KR1,KR,Ranked Flex,Sean,1150,Silver III (25 LP),710,Bronze III (85 LP)
2026-05-28T21:17:26,떼그라션2,4174,KR,Ranked Flex,Sean,767,Bronze II (17 LP),631,Bronze III (6 LP)
2026-05-28T21:17:39,떼그라션,4174,KR,Ranked Flex,Sean,946,Bronze I (71 LP),902,Bronze I (27 LP)
2026-05-28T21:17:46,떼그라숀,4174,KR,Ranked Flex,Sean,1126,Silver III (1 LP),815,Bronze II (65 LP)
2026-05-28T21:17:52,떼그라대,dani,KR,Ranked Flex,Dani,875,Bronze I (0 LP),505,Bronze IV (5 LP)
2026-05-28T21:17:59,떼그라월,1234,KR,Ranked Flex,Wallace,875,Bronze I (0 LP),724,Bronze III (99 LP)
2026-05-28T21:18:16,떼그라호,0627,KR,Ranked Flex,함팀장님,1061,Silver IV (61 LP),1169,Silver III (44 LP)
2026-05-28T21:18:22,qwer,a000,KR,Ranked Flex,함팀장님,1615,Gold IV (100 LP),1703,Gold III (78 LP)
2026-05-28T21:18:42,거북이,0627,KR,Ranked Flex,함팀장님,1193,Silver III (68 LP),1398,Silver I (23 LP)
2026-05-28T21:18:56,떼그라클,k91,KR,Ranked Flex,Michael,757,Bronze II (7 LP),893,Bronze I (18 LP)
2026-05-28T21:19:06,펑키왈숙,6117,KR,Ranked Flex,Motaju,805,Bronze II (55 LP),1047,Silver IV (47 LP)
2026-05-28T21:19:12,떼그라쥬,RTG,KR,Ranked Flex,Motaju,2121,Platinum IV (100 LP),1347,Silver II (97 LP)
2026-05-28T21:19:19,떼그라떼그라떼그라떼그라떼그라떼,kr12,KR,Ranked Flex,Motaju,1365,Silver II (100 LP),802,Bronze II (52 LP)
2026-05-28T23:58:19,SasimySean,4174,KR,Ranked Flex,Sean,947,Bronze I (72 LP),889,Bronze I (14 LP)
2026-05-28T23:58:26,일회용라이타,KR1,KR,Ranked Flex,Sean,1150,Silver III (25 LP),710,Bronze III (85 LP)
2026-05-28T23:58:36,떼그라션2,4174,KR,Ranked Flex,Sean,783,Bronze II (33 LP),631,Bronze III (6 LP)
2026-05-28T23:58:46,떼그라션,4174,KR,Ranked Flex,Sean,946,Bronze I (71 LP),902,Bronze I (27 LP)
2026-05-28T23:58:56,떼그라숀,4174,KR,Ranked Flex,Sean,1126,Silver III (1 LP),815,Bronze II (65 LP)
2026-05-28T23:59:05,떼그라대,dani,KR,Ranked Flex,Dani,854,Bronze II (100 LP),505,Bronze IV (5 LP)
2026-05-28T23:59:15,떼그라월,1234,KR,Ranked Flex,Wallace,875,Bronze I (0 LP),724,Bronze III (99 LP)
2026-05-28T23:59:36,떼그라호,0627,KR,Ranked Flex,함팀장님,963,Bronze I (88 LP),1169,Silver III (44 LP)
2026-05-28T23:59:49,qwer,a000,KR,Ranked Flex,함팀장님,1615,Gold IV (100 LP),1703,Gold III (78 LP)
2026-05-29T00:00:02,거북이,0627,KR,Ranked Flex,함팀장님,1193,Silver III (68 LP),1398,Silver I (23 LP)
2026-05-29T00:00:25,떼그라클,k91,KR,Ranked Flex,Michael,757,Bronze II (7 LP),893,Bronze I (18 LP)
2026-05-29T00:00:32,펑키왈숙,6117,KR,Ranked Flex,Motaju,805,Bronze II (55 LP),1047,Silver IV (47 LP)
2026-05-29T00:00:45,떼그라쥬,RTG,KR,Ranked Flex,Motaju,2121,Platinum IV (100 LP),1347,Silver II (97 LP)
2026-05-29T00:00:52,떼그라떼그라떼그라떼그라떼그라떼,kr12,KR,Ranked Flex,Motaju,1365,Silver II (100 LP),802,Bronze II (52 LP)
2026-05-29T00:48:36,SasimySean,4174,KR,Ranked Flex,Sean,947,Bronze I (72 LP),889,Bronze I (14 LP)
2026-05-29T00:48:43,일회용라이타,KR1,KR,Ranked Flex,Sean,1150,Silver III (25 LP),710,Bronze III (85 LP)
2026-05-29T00:48:56,떼그라션2,4174,KR,Ranked Flex,Sean,764,Bronze II (14 LP),631,Bronze III (6 LP)
2026-05-29T00:49:06,떼그라션,4174,KR,Ranked Flex,Sean,946,Bronze I (71 LP),902,Bronze I (27 LP)
2026-05-29T00:49:13,떼그라숀,4174,KR,Ranked Flex,Sean,1126,Silver III (1 LP),815,Bronze II (65 LP)
2026-05-29T00:49:29,떼그라대,dani,KR,Ranked Flex,Dani,854,Bronze II (100 LP),505,Bronze IV (5 LP)
2026-05-29T00:49:36,떼그라월,1234,KR,Ranked Flex,Wallace,875,Bronze I (0 LP),724,Bronze III (99 LP)
2026-05-29T00:49:52,떼그라호,0627,KR,Ranked Flex,함팀장님,963,Bronze I (88 LP),1169,Silver III (44 LP)
2026-05-29T00:50:05,qwer,a000,KR,Ranked Flex,함팀장님,1615,Gold IV (100 LP),1703,Gold III (78 LP)
2026-05-29T00:50:18,거북이,0627,KR,Ranked Flex,함팀장님,1193,Silver III (68 LP),1398,Silver I (23 LP)
2026-05-29T00:50:32,떼그라클,k91,KR,Ranked Flex,Michael,757,Bronze II (7 LP),893,Bronze I (18 LP)
2026-05-29T00:50:45,펑키왈숙,6117,KR,Ranked Flex,Motaju,805,Bronze II (55 LP),1047,Silver IV (47 LP)
2026-05-29T00:50:55,떼그라쥬,RTG,KR,Ranked Flex,Motaju,2121,Platinum IV (100 LP),1347,Silver II (97 LP)
2026-05-29T00:51:01,떼그라떼그라떼그라떼그라떼그라떼,kr12,KR,Ranked Flex,Motaju,1365,Silver II (100 LP),802,Bronze II (52 LP)
2026-05-29T02:12:54,SasimySean,4174,KR,Ranked Flex,Sean,947,Bronze I (72 LP),889,Bronze I (14 LP)
2026-05-29T02:13:08,일회용라이타,KR1,KR,Ranked Flex,Sean,1150,Silver III (25 LP),710,Bronze III (85 LP)
2026-05-29T02:13:17,떼그라션2,4174,KR,Ranked Flex,Sean,976,Bronze I (100 LP),631,Bronze III (6 LP)
2026-05-29T02:13:31,떼그라션,4174,KR,Ranked Flex,Sean,946,Bronze I (71 LP),902,Bronze I (27 LP)
2026-05-29T02:13:44,떼그라숀,4174,KR,Ranked Flex,Sean,1126,Silver III (1 LP),815,Bronze II (65 LP)
2026-05-29T02:14:06,떼그라대,dani,KR,Ranked Flex,Dani,854,Bronze II (100 LP),505,Bronze IV (5 LP)
2026-05-29T02:14:45,떼그라호,0627,KR,Ranked Flex,함팀장님,963,Bronze I (88 LP),1169,Silver III (44 LP)
2026-05-29T02:15:05,qwer,a000,KR,Ranked Flex,함팀장님,1615,Gold IV (100 LP),1703,Gold III (78 LP)
2026-05-29T02:15:18,거북이,0627,KR,Ranked Flex,함팀장님,1193,Silver III (68 LP),1398,Silver I (23 LP)
2026-05-29T02:15:35,떼그라클,k91,KR,Ranked Flex,Michael,757,Bronze II (7 LP),893,Bronze I (18 LP)
2026-05-29T02:15:48,펑키왈숙,6117,KR,Ranked Flex,Motaju,805,Bronze II (55 LP),1047,Silver IV (47 LP)
2026-05-29T02:15:58,떼그라쥬,RTG,KR,Ranked Flex,Motaju,2121,Platinum IV (100 LP),1347,Silver II (97 LP)
2026-05-29T02:16:11,떼그라떼그라떼그라떼그라떼그라떼,kr12,KR,Ranked Flex,Motaju,1365,Silver II (100 LP),802,Bronze II (52 LP)
2026-05-29T02:59:40,SasimySean,4174,KR,Ranked Flex,Sean,947,Bronze I (72 LP),889,Bronze I (14 LP)
2026-05-29T02:59:47,일회용라이타,KR1,KR,Ranked Flex,Sean,1150,Silver III (25 LP),710,Bronze III (85 LP)
2026-05-29T03:00:00,떼그라션2,4174,KR,Ranked Flex,Sean,1133,Silver III (8 LP),631,Bronze III (6 LP)
2026-05-29T03:00:14,떼그라션,4174,KR,Ranked Flex,Sean,946,Bronze I (71 LP),902,Bronze I (27 LP)
2026-05-29T03:00:21,떼그라숀,4174,KR,Ranked Flex,Sean,1126,Silver III (1 LP),815,Bronze II (65 LP)
2026-05-29T03:00:34,떼그라대,dani,KR,Ranked Flex,Dani,854,Bronze II (100 LP),505,Bronze IV (5 LP)
2026-05-29T03:00:41,떼그라월,1234,KR,Ranked Flex,Wallace,875,Bronze I (0 LP),724,Bronze III (99 LP)
2026-05-29T03:01:01,떼그라호,0627,KR,Ranked Flex,함팀장님,963,Bronze I (88 LP),1169,Silver III (44 LP)
2026-05-29T03:01:14,qwer,a000,KR,Ranked Flex,함팀장님,1615,Gold IV (100 LP),1703,Gold III (78 LP)
2026-05-29T03:01:27,거북이,0627,KR,Ranked Flex,함팀장님,1193,Silver III (68 LP),1398,Silver I (23 LP)
2026-05-29T03:01:44,떼그라클,k91,KR,Ranked Flex,Michael,757,Bronze II (7 LP),893,Bronze I (18 LP)
2026-05-29T03:01:51,펑키왈숙,6117,KR,Ranked Flex,Motaju,805,Bronze II (55 LP),1047,Silver IV (47 LP)
2026-05-29T03:02:04,떼그라쥬,RTG,KR,Ranked Flex,Motaju,2121,Platinum IV (100 LP),1347,Silver II (97 LP)
2026-05-29T03:02:11,떼그라떼그라떼그라떼그라떼그라떼,kr12,KR,Ranked Flex,Motaju,1365,Silver II (100 LP),802,Bronze II (52 LP)
2026-05-29T04:06:54,SasimySean,4174,KR,Ranked Flex,Sean,947,Bronze I (72 LP),889,Bronze I (14 LP)
2026-05-29T04:07:04,일회용라이타,KR1,KR,Ranked Flex,Sean,1150,Silver III (25 LP),710,Bronze III (85 LP)
2026-05-29T04:07:11,떼그라션2,4174,KR,Ranked Flex,Sean,1126,Silver III (1 LP),631,Bronze III (6 LP)
2026-05-29T04:07:15,떼그라션,4174,KR,Ranked Flex,Sean,946,Bronze I (71 LP),902,Bronze I (27 LP)
2026-05-29T04:07:31,떼그라숀,4174,KR,Ranked Flex,Sean,1126,Silver III (1 LP),815,Bronze II (65 LP)
2026-05-29T04:07:47,떼그라대,dani,KR,Ranked Flex,Dani,854,Bronze II (100 LP),505,Bronze IV (5 LP)
2026-05-29T04:07:57,떼그라월,1234,KR,Ranked Flex,Wallace,875,Bronze I (0 LP),724,Bronze III (99 LP)
2026-05-29T04:08:39,떼그라호,0627,KR,Ranked Flex,함팀장님,963,Bronze I (88 LP),1169,Silver III (44 LP)
2026-05-29T04:08:59,qwer,a000,KR,Ranked Flex,함팀장님,1615,Gold IV (100 LP),1703,Gold III (78 LP)
2026-05-29T04:09:12,거북이,0627,KR,Ranked Flex,함팀장님,1193,Silver III (68 LP),1398,Silver I (23 LP)
2026-05-29T04:09:33,떼그라클,k91,KR,Ranked Flex,Michael,757,Bronze II (7 LP),893,Bronze I (18 LP)
2026-05-29T04:09:43,펑키왈숙,6117,KR,Ranked Flex,Motaju,805,Bronze II (55 LP),1047,Silver IV (47 LP)
2026-05-29T04:09:59,떼그라쥬,RTG,KR,Ranked Flex,Motaju,2121,Platinum IV (100 LP),1347,Silver II (97 LP)
2026-05-29T04:10:09,떼그라떼그라떼그라떼그라떼그라떼,kr12,KR,Ranked Flex,Motaju,1365,Silver II (100 LP),802,Bronze II (52 LP)
2026-05-29T04:57:35,떼그라호,0627,KR,Ranked Flex,함팀장님,963,Bronze I (88 LP),1169,Silver III (44 LP)
2026-05-29T04:58:07,떼그라션,4174,KR,Ranked Flex,Sean,946,Bronze I (71 LP),902,Bronze I (27 LP)
2026-05-29T04:58:25,일회용라이타,KR1,KR,Ranked Flex,Sean,1150,Silver III (25 LP),710,Bronze III (85 LP)
2026-05-29T04:58:33,떼그라션2,4174,KR,Ranked Flex,Sean,1071,Silver IV (71 LP),631,Bronze III (6 LP)
2026-05-29T04:58:46,SasimySean,4174,KR,Ranked Flex,Sean,947,Bronze I (72 LP),889,Bronze I (14 LP)
2026-05-29T04:59:09,qwer,a000,KR,Ranked Flex,함팀장님,1615,Gold IV (100 LP),1703,Gold III (78 LP)
2026-05-29T04:59:26,거북이,0627,KR,Ranked Flex,함팀장님,1193,Silver III (68 LP),1398,Silver I (23 LP)
2026-05-29T04:59:51,떼그라쥬,RTG,KR,Ranked Flex,Motaju,2121,Platinum IV (100 LP),1347,Silver II (97 LP)
2026-05-29T05:00:11,떼그라떼그라떼그라떼그라떼그라떼,kr12,KR,Ranked Flex,Motaju,1365,Silver II (100 LP),802,Bronze II (52 LP)
2026-05-29T05:00:23,펑키왈숙,6117,KR,Ranked Flex,Motaju,805,Bronze II (55 LP),1047,Silver IV (47 LP)
2026-05-29T05:00:31,떼그라월,1234,KR,Ranked Flex,Wallace,875,Bronze I (0 LP),724,Bronze III (99 LP)
2026-05-29T05:00:47,떼그라대,dani,KR,Ranked Flex,Dani,854,Bronze II (100 LP),505,Bronze IV (5 LP)
2026-05-29T05:01:10,떼그라클,k91,KR,Ranked Flex,Michael,757,Bronze II (7 LP),893,Bronze I (18 LP)
2026-05-29T05:28:22,떼그라션,4174,KR,Ranked Flex,Sean,946,Bronze I (71 LP),902,Bronze I (27 LP)
2026-05-29T05:38:32,떼그라션,4174,KR,Ranked Flex,Sean,946,Bronze I (71 LP),902,Bronze I (27 LP)
2026-05-29T11:18:53,SasimySean,4174,KR,Ranked Flex,Sean,947,Bronze I (72 LP),889,Bronze I (14 LP)
2026-05-29T11:19:06,일회용라이타,KR1,KR,Ranked Flex,Sean,1150,Silver III (25 LP),710,Bronze III (85 LP)
2026-05-29T11:19:16,떼그라션2,4174,KR,Ranked Flex,Sean,1071,Silver IV (71 LP),631,Bronze III (6 LP)
2026-05-29T11:19:26,떼그라션,4174,KR,Ranked Flex,Sean,812,Bronze II (62 LP),902,Bronze I (27 LP)
2026-05-29T11:19:39,떼그라숀,4174,KR,Ranked Flex,Sean,1126,Silver III (1 LP),815,Bronze II (65 LP)
2026-05-29T11:19:46,떼그라대,dani,KR,Ranked Flex,Dani,854,Bronze II (100 LP),505,Bronze IV (5 LP)
2026-05-29T11:19:56,떼그라월,1234,KR,Ranked Flex,Wallace,875,Bronze I (0 LP),724,Bronze III (99 LP)
2026-05-29T11:20:10,떼그라호,0627,KR,Ranked Flex,함팀장님,963,Bronze I (88 LP),1169,Silver III (44 LP)
2026-05-29T11:20:20,qwer,a000,KR,Ranked Flex,함팀장님,1615,Gold IV (100 LP),1703,Gold III (78 LP)
2026-05-29T11:20:27,거북이,0627,KR,Ranked Flex,함팀장님,1193,Silver III (68 LP),1398,Silver I (23 LP)
2026-05-29T11:20:41,떼그라클,k91,KR,Ranked Flex,Michael,757,Bronze II (7 LP),893,Bronze I (18 LP)
2026-05-29T11:20:54,펑키왈숙,6117,KR,Ranked Flex,Motaju,805,Bronze II (55 LP),1047,Silver IV (47 LP)
2026-05-29T11:20:57,떼그라쥬,RTG,KR,Ranked Flex,Motaju,2121,Platinum IV (100 LP),1347,Silver II (97 LP)
2026-05-29T11:21:04,떼그라떼그라떼그라떼그라떼그라떼,kr12,KR,Ranked Flex,Motaju,1365,Silver II (100 LP),802,Bronze II (52 LP)
2026-05-29T13:45:17,SasimySean,4174,KR,Ranked Flex,Sean,947,Bronze I (72 LP),889,Bronze I (14 LP)
2026-05-29T13:45:24,일회용라이타,KR1,KR,Ranked Flex,Sean,1150,Silver III (25 LP),710,Bronze III (85 LP)
2026-05-29T13:45:37,떼그라션2,4174,KR,Ranked Flex,Sean,1071,Silver IV (71 LP),631,Bronze III (6 LP)
2026-05-29T13:45:57,떼그라션,4174,KR,Ranked Flex,Sean,812,Bronze II (62 LP),902,Bronze I (27 LP)
2026-05-29T13:46:03,떼그라숀,4174,KR,Ranked Flex,Sean,1126,Silver III (1 LP),815,Bronze II (65 LP)
2026-05-29T13:46:17,떼그라대,dani,KR,Ranked Flex,Dani,854,Bronze II (100 LP),505,Bronze IV (5 LP)
2026-05-29T13:46:20,떼그라월,1234,KR,Ranked Flex,Wallace,875,Bronze I (0 LP),724,Bronze III (99 LP)
2026-05-29T13:46:40,떼그라호,0627,KR,Ranked Flex,함팀장님,963,Bronze I (88 LP),1169,Silver III (44 LP)
2026-05-29T13:46:47,qwer,a000,KR,Ranked Flex,함팀장님,1615,Gold IV (100 LP),1703,Gold III (78 LP)
2026-05-29T13:47:03,거북이,0627,KR,Ranked Flex,함팀장님,1349,Silver II (99 LP),1398,Silver I (23 LP)
2026-05-29T13:47:23,떼그라클,k91,KR,Ranked Flex,Michael,757,Bronze II (7 LP),893,Bronze I (18 LP)
2026-05-29T13:47:33,펑키왈숙,6117,KR,Ranked Flex,Motaju,805,Bronze II (55 LP),1047,Silver IV (47 LP)
2026-05-29T13:47:43,떼그라쥬,RTG,KR,Ranked Flex,Motaju,2121,Platinum IV (100 LP),1347,Silver II (97 LP)
2026-05-29T13:47:50,떼그라떼그라떼그라떼그라떼그라떼,kr12,KR,Ranked Flex,Motaju,1365,Silver II (100 LP),802,Bronze II (52 LP)
2026-05-29T15:27:23,SasimySean,4174,KR,Ranked Flex,Sean,947,Bronze I (72 LP),889,Bronze I (14 LP)
2026-05-29T15:27:30,일회용라이타,KR1,KR,Ranked Flex,Sean,1150,Silver III (25 LP),710,Bronze III (85 LP)
2026-05-29T15:27:46,떼그라션2,4174,KR,Ranked Flex,Sean,1071,Silver IV (71 LP),631,Bronze III (6 LP)
2026-05-29T15:27:56,떼그라션,4174,KR,Ranked Flex,Sean,812,Bronze II (62 LP),902,Bronze I (27 LP)
2026-05-29T15:28:06,떼그라숀,4174,KR,Ranked Flex,Sean,1126,Silver III (1 LP),815,Bronze II (65 LP)
2026-05-29T15:28:13,떼그라대,dani,KR,Ranked Flex,Dani,831,Bronze II (81 LP),505,Bronze IV (5 LP)
2026-05-29T15:28:29,떼그라월,1234,KR,Ranked Flex,Wallace,831,Bronze II (81 LP),724,Bronze III (99 LP)
2026-05-29T15:28:43,떼그라호,0627,KR,Ranked Flex,함팀장님,756,Bronze II (6 LP),1169,Silver III (44 LP)
2026-05-29T15:28:53,qwer,a000,KR,Ranked Flex,함팀장님,1615,Gold IV (100 LP),1703,Gold III (78 LP)
2026-05-29T15:28:58,거북이,0627,KR,Ranked Flex,함팀장님,1349,Silver II (99 LP),1398,Silver I (23 LP)
2026-05-29T15:29:14,떼그라클,k91,KR,Ranked Flex,Michael,757,Bronze II (7 LP),893,Bronze I (18 LP)
2026-05-29T15:29:27,펑키왈숙,6117,KR,Ranked Flex,Motaju,805,Bronze II (55 LP),1047,Silver IV (47 LP)
2026-05-29T15:29:34,떼그라쥬,RTG,KR,Ranked Flex,Motaju,2121,Platinum IV (100 LP),1347,Silver II (97 LP)
2026-05-29T15:29:41,떼그라떼그라떼그라떼그라떼그라떼,kr12,KR,Ranked Flex,Motaju,1365,Silver II (100 LP),802,Bronze II (52 LP)
2026-05-29T16:27:35,거북이,0627,KR,Ranked Flex,함팀장님,1349,Silver II (99 LP),1398,Silver I (23 LP)
2026-05-29T16:57:23,SasimySean,4174,KR,Ranked Flex,Sean,947,Bronze I (72 LP),889,Bronze I (14 LP)
2026-05-29T16:57:40,일회용라이타,KR1,KR,Ranked Flex,Sean,1150,Silver III (25 LP),710,Bronze III (85 LP)
2026-05-29T16:57:50,떼그라션2,4174,KR,Ranked Flex,Sean,1071,Silver IV (71 LP),631,Bronze III (6 LP)
2026-05-29T16:57:56,떼그라션,4174,KR,Ranked Flex,Sean,812,Bronze II (62 LP),902,Bronze I (27 LP)
2026-05-29T16:58:03,떼그라숀,4174,KR,Ranked Flex,Sean,1126,Silver III (1 LP),815,Bronze II (65 LP)
2026-05-29T16:58:13,떼그라대,dani,KR,Ranked Flex,Dani,831,Bronze II (81 LP),505,Bronze IV (5 LP)
2026-05-29T16:58:20,떼그라월,1234,KR,Ranked Flex,Wallace,831,Bronze II (81 LP),724,Bronze III (99 LP)
2026-05-29T16:58:37,떼그라호,0627,KR,Ranked Flex,함팀장님,756,Bronze II (6 LP),1169,Silver III (44 LP)
2026-05-29T16:58:47,qwer,a000,KR,Ranked Flex,함팀장님,1615,Gold IV (100 LP),1703,Gold III (78 LP)
2026-05-29T16:58:57,거북이,0627,KR,Ranked Flex,함팀장님,1419,Silver I (44 LP),1398,Silver I (23 LP)
2026-05-29T16:59:10,떼그라클,k91,KR,Ranked Flex,Michael,757,Bronze II (7 LP),893,Bronze I (18 LP)
2026-05-29T16:59:15,펑키왈숙,6117,KR,Ranked Flex,Motaju,805,Bronze II (55 LP),1047,Silver IV (47 LP)
2026-05-29T16:59:21,떼그라쥬,RTG,KR,Ranked Flex,Motaju,2121,Platinum IV (100 LP),1347,Silver II (97 LP)
2026-05-29T16:59:25,떼그라떼그라떼그라떼그라떼그라떼,kr12,KR,Ranked Flex,Motaju,1365,Silver II (100 LP),802,Bronze II (52 LP)
2026-05-29T17:38:35,SasimySean,4174,KR,Ranked Flex,Sean,947,Bronze I (72 LP),889,Bronze I (14 LP)
2026-05-29T17:38:48,일회용라이타,KR1,KR,Ranked Flex,Sean,1150,Silver III (25 LP),710,Bronze III (85 LP)
2026-05-29T17:38:55,떼그라션2,4174,KR,Ranked Flex,Sean,1071,Silver IV (71 LP),631,Bronze III (6 LP)
2026-05-29T17:39:02,떼그라션,4174,KR,Ranked Flex,Sean,812,Bronze II (62 LP),902,Bronze I (27 LP)
2026-05-29T17:39:05,떼그라숀,4174,KR,Ranked Flex,Sean,1126,Silver III (1 LP),815,Bronze II (65 LP)
2026-05-29T17:39:15,떼그라대,dani,KR,Ranked Flex,Dani,760,Bronze II (10 LP),505,Bronze IV (5 LP)
2026-05-29T17:39:22,떼그라월,1234,KR,Ranked Flex,Wallace,760,Bronze II (10 LP),724,Bronze III (99 LP)
2026-05-29T17:39:32,떼그라호,0627,KR,Ranked Flex,함팀장님,692,Bronze III (67 LP),1169,Silver III (44 LP)
2026-05-29T17:39:46,qwer,a000,KR,Ranked Flex,함팀장님,1615,Gold IV (100 LP),1703,Gold III (78 LP)
2026-05-29T17:39:56,거북이,0627,KR,Ranked Flex,함팀장님,1419,Silver I (44 LP),1398,Silver I (23 LP)
2026-05-29T17:40:09,떼그라클,k91,KR,Ranked Flex,Michael,757,Bronze II (7 LP),893,Bronze I (18 LP)
2026-05-29T17:40:22,펑키왈숙,6117,KR,Ranked Flex,Motaju,805,Bronze II (55 LP),1047,Silver IV (47 LP)
2026-05-29T17:40:32,떼그라쥬,RTG,KR,Ranked Flex,Motaju,2121,Platinum IV (100 LP),1347,Silver II (97 LP)
2026-05-29T17:40:45,떼그라떼그라떼그라떼그라떼그라떼,kr12,KR,Ranked Flex,Motaju,1365,Silver II (100 LP),802,Bronze II (52 LP)
2026-05-30T12:16:14,펑키왈숙,6117,KR,Ranked Flex,Motaju,805,Bronze II (55 LP),1047,Silver IV (47 LP)
2026-05-30T12:16:24,떼그라쥬,RTG,KR,Ranked Flex,Motaju,2121,Platinum IV (100 LP),1347,Silver II (97 LP)
2026-05-30T12:16:31,떼그라떼그라떼그라떼그라떼그라떼,kr12,KR,Ranked Flex,Motaju,1365,Silver II (100 LP),802,Bronze II (52 LP)
2026-05-30T12:44:05,거북이,0627,KR,Ranked Flex,함팀장님,1772,Gold II (22 LP),1398,Silver I (23 LP)
2026-05-31T10:51:55,SasimySean,4174,KR,Ranked Flex,Sean,947,Bronze I (72 LP),889,Bronze I (14 LP)
2026-05-31T10:52:05,일회용라이타,KR1,KR,Ranked Flex,Sean,1132,Silver III (7 LP),710,Bronze III (85 LP)
2026-05-31T10:52:15,떼그라션2,4174,KR,Ranked Flex,Sean,1050,Silver IV (50 LP),631,Bronze III (6 LP)
2026-05-31T10:52:25,떼그라션,4174,KR,Ranked Flex,Sean,812,Bronze II (62 LP),902,Bronze I (27 LP)
2026-05-31T10:52:35,떼그라숀,4174,KR,Ranked Flex,Sean,1126,Silver III (1 LP),815,Bronze II (65 LP)
2026-05-31T10:52:48,떼그라대,dani,KR,Ranked Flex,Dani,838,Bronze II (88 LP),505,Bronze IV (5 LP)
2026-05-31T10:52:55,떼그라월,1234,KR,Ranked Flex,Wallace,838,Bronze II (88 LP),724,Bronze III (99 LP)
2026-05-31T10:53:08,떼그라호,0627,KR,Ranked Flex,함팀장님,1030,Silver IV (30 LP),1169,Silver III (44 LP)
2026-05-31T10:53:15,qwer,a000,KR,Ranked Flex,함팀장님,1615,Gold IV (100 LP),1703,Gold III (78 LP)
2026-05-31T10:53:24,거북이,0627,KR,Ranked Flex,함팀장님,1651,Gold III (26 LP),1398,Silver I (23 LP)
2026-05-31T10:53:51,떼그라클,k91,KR,Ranked Flex,Michael,757,Bronze II (7 LP),893,Bronze I (18 LP)
2026-05-31T10:54:00,펑키왈숙,6117,KR,Ranked Flex,Motaju,805,Bronze II (55 LP),1047,Silver IV (47 LP)
2026-05-31T10:54:07,떼그라쥬,RTG,KR,Ranked Flex,Motaju,2121,Platinum IV (100 LP),1347,Silver II (97 LP)
2026-05-31T10:54:14,떼그라떼그라떼그라떼그라떼그라떼,kr12,KR,Ranked Flex,Motaju,1365,Silver II (100 LP),802,Bronze II (52 LP)
2026-05-31T12:43:32,SasimySean,4174,KR,Ranked Flex,Sean,947,Bronze I (72 LP),889,Bronze I (14 LP)
2026-05-31T12:43:48,일회용라이타,KR1,KR,Ranked Flex,Sean,1132,Silver III (7 LP),710,Bronze III (85 LP)
2026-05-31T12:43:55,떼그라션2,4174,KR,Ranked Flex,Sean,1050,Silver IV (50 LP),631,Bronze III (6 LP)
2026-05-31T12:44:08,떼그라션,4174,KR,Ranked Flex,Sean,812,Bronze II (62 LP),902,Bronze I (27 LP)
2026-05-31T12:44:15,떼그라숀,4174,KR,Ranked Flex,Sean,1126,Silver III (1 LP),815,Bronze II (65 LP)
2026-05-31T12:44:21,떼그라대,dani,KR,Ranked Flex,Dani,838,Bronze II (88 LP),505,Bronze IV (5 LP)
2026-05-31T12:44:31,떼그라월,1234,KR,Ranked Flex,Wallace,838,Bronze II (88 LP),724,Bronze III (99 LP)
2026-05-31T12:44:42,떼그라호,0627,KR,Ranked Flex,함팀장님,1030,Silver IV (30 LP),1169,Silver III (44 LP)
2026-05-31T12:44:46,qwer,a000,KR,Ranked Flex,함팀장님,1615,Gold IV (100 LP),1703,Gold III (78 LP)
2026-05-31T12:46:57,떼그라떼그라떼그라떼그라떼그라떼,kr12,KR,Ranked Flex,Motaju,1365,Silver II (100 LP),802,Bronze II (52 LP)
2026-05-31T22:46:06,거북이,0627,KR,Ranked Flex,함팀장님,1658,Gold III (33 LP),1398,Silver I (23 LP)
2026-06-01T08:18:11,SasimySean,4174,KR,Ranked Flex,Sean,955,Bronze I (80 LP),889,Bronze I (14 LP)
2026-06-01T08:18:24,일회용라이타,KR1,KR,Ranked Flex,Sean,1137,Silver III (12 LP),710,Bronze III (85 LP)
2026-06-01T08:18:31,떼그라션2,4174,KR,Ranked Flex,Sean,1045,Silver IV (45 LP),647,Bronze III (22 LP)
2026-06-01T08:18:44,떼그라션,4174,KR,Ranked Flex,Sean,860,Bronze II (100 LP),942,Bronze I (67 LP)
2026-06-01T08:18:50,떼그라숀,4174,KR,Ranked Flex,Sean,1153,Silver III (28 LP),880,Bronze I (5 LP)
2026-06-01T08:18:57,떼그라대,dani,KR,Ranked Flex,Dani,843,Bronze II (93 LP),439,Iron I (64 LP)
2026-06-01T08:19:07,떼그라월,1234,KR,Ranked Flex,Wallace,843,Bronze II (93 LP),717,Bronze III (92 LP)
2026-06-01T08:19:24,떼그라호,0627,KR,Ranked Flex,함팀장님,979,Bronze I (100 LP),961,Bronze I (86 LP)
2026-06-01T08:19:30,qwer,a000,KR,Ranked Flex,함팀장님,1610,Gold IV (100 LP),1703,Gold III (78 LP)
2026-06-01T08:19:43,거북이,0627,KR,Ranked Flex,함팀장님,1675,Gold III (50 LP),1514,Gold IV (14 LP)
2026-06-01T08:19:54,떼그라클,k91,KR,Ranked Flex,Michael,762,Bronze II (12 LP),893,Bronze I (18 LP)
2026-06-01T08:20:00,펑키왈숙,6117,KR,Ranked Flex,Motaju,815,Bronze II (65 LP),1047,Silver IV (47 LP)
2026-06-01T08:20:10,떼그라쥬,RTG,KR,Ranked Flex,Motaju,2104,Platinum IV (100 LP),1347,Silver II (97 LP)
2026-06-01T08:20:20,떼그라떼그라떼그라떼그라떼그라떼,kr12,KR,Ranked Flex,Motaju,1371,Silver II (100 LP),802,Bronze II (52 LP)
2026-06-01T10:54:57,SasimySean,4174,KR,Ranked Flex,Sean,955,Bronze I (80 LP),889,Bronze I (14 LP)
2026-06-01T10:55:10,일회용라이타,KR1,KR,Ranked Flex,Sean,1137,Silver III (12 LP),710,Bronze III (85 LP)
2026-06-01T10:55:17,떼그라션2,4174,KR,Ranked Flex,Sean,1045,Silver IV (45 LP),647,Bronze III (22 LP)
2026-06-01T10:55:27,떼그라션,4174,KR,Ranked Flex,Sean,860,Bronze II (100 LP),942,Bronze I (67 LP)
2026-06-01T10:55:40,떼그라숀,4174,KR,Ranked Flex,Sean,1153,Silver III (28 LP),880,Bronze I (5 LP)
2026-06-01T10:55:56,떼그라대,dani,KR,Ranked Flex,Dani,843,Bronze II (93 LP),439,Iron I (64 LP)
2026-06-01T10:56:06,떼그라월,1234,KR,Ranked Flex,Wallace,843,Bronze II (93 LP),717,Bronze III (92 LP)
2026-06-01T10:56:26,떼그라호,0627,KR,Ranked Flex,함팀장님,979,Bronze I (100 LP),961,Bronze I (86 LP)
2026-06-01T10:56:36,qwer,a000,KR,Ranked Flex,함팀장님,1610,Gold IV (100 LP),1703,Gold III (78 LP)
2026-06-01T10:56:46,거북이,0627,KR,Ranked Flex,함팀장님,1675,Gold III (50 LP),1514,Gold IV (14 LP)
2026-06-01T10:56:59,떼그라클,k91,KR,Ranked Flex,Michael,762,Bronze II (12 LP),893,Bronze I (18 LP)
2026-06-01T10:57:13,펑키왈숙,6117,KR,Ranked Flex,Motaju,815,Bronze II (65 LP),1047,Silver IV (47 LP)
2026-06-01T10:57:26,떼그라쥬,RTG,KR,Ranked Flex,Motaju,2104,Platinum IV (100 LP),1347,Silver II (97 LP)
2026-06-01T10:57:39,떼그라떼그라떼그라떼그라떼그라떼,kr12,KR,Ranked Flex,Motaju,1371,Silver II (100 LP),802,Bronze II (52 LP)
2026-06-01T11:58:25,SasimySean,4174,KR,Ranked Flex,Sean,955,Bronze I (80 LP),889,Bronze I (14 LP)
2026-06-01T11:58:32,일회용라이타,KR1,KR,Ranked Flex,Sean,1137,Silver III (12 LP),710,Bronze III (85 LP)
2026-06-01T11:58:42,떼그라션2,4174,KR,Ranked Flex,Sean,1045,Silver IV (45 LP),647,Bronze III (22 LP)
2026-06-01T11:58:52,떼그라션,4174,KR,Ranked Flex,Sean,860,Bronze II (100 LP),942,Bronze I (67 LP)
2026-06-01T11:58:55,떼그라숀,4174,KR,Ranked Flex,Sean,1153,Silver III (28 LP),880,Bronze I (5 LP)
2026-06-01T11:59:08,떼그라대,dani,KR,Ranked Flex,Dani,843,Bronze II (93 LP),439,Iron I (64 LP)
2026-06-01T11:59:15,떼그라월,1234,KR,Ranked Flex,Wallace,843,Bronze II (93 LP),717,Bronze III (92 LP)
2026-06-01T11:59:25,떼그라호,0627,KR,Ranked Flex,함팀장님,979,Bronze I (100 LP),961,Bronze I (86 LP)
2026-06-01T11:59:32,qwer,a000,KR,Ranked Flex,함팀장님,1610,Gold IV (100 LP),1703,Gold III (78 LP)
2026-06-01T11:59:38,거북이,0627,KR,Ranked Flex,함팀장님,1675,Gold III (50 LP),1514,Gold IV (14 LP)
2026-06-01T11:59:49,떼그라클,k91,KR,Ranked Flex,Michael,762,Bronze II (12 LP),893,Bronze I (18 LP)
2026-06-01T11:59:55,펑키왈숙,6117,KR,Ranked Flex,Motaju,815,Bronze II (65 LP),1047,Silver IV (47 LP)
2026-06-01T12:00:05,떼그라쥬,RTG,KR,Ranked Flex,Motaju,2104,Platinum IV (100 LP),1347,Silver II (97 LP)
2026-06-01T12:00:15,떼그라떼그라떼그라떼그라떼그라떼,kr12,KR,Ranked Flex,Motaju,1371,Silver II (100 LP),802,Bronze II (52 LP)
2026-06-01T12:24:56,SasimySean,4174,KR,Ranked Flex,Sean,955,Bronze I (80 LP),889,Bronze I (14 LP)
2026-06-01T12:25:10,일회용라이타,KR1,KR,Ranked Flex,Sean,1137,Silver III (12 LP),710,Bronze III (85 LP)
2026-06-01T12:25:23,떼그라션2,4174,KR,Ranked Flex,Sean,1045,Silver IV (45 LP),647,Bronze III (22 LP)
2026-06-01T12:25:33,떼그라션,4174,KR,Ranked Flex,Sean,860,Bronze II (100 LP),942,Bronze I (67 LP)
2026-06-01T12:25:46,떼그라숀,4174,KR,Ranked Flex,Sean,1153,Silver III (28 LP),880,Bronze I (5 LP)
2026-06-01T12:25:59,떼그라대,dani,KR,Ranked Flex,Dani,788,Bronze II (38 LP),439,Iron I (64 LP)
2026-06-01T12:26:09,떼그라월,1234,KR,Ranked Flex,Wallace,788,Bronze II (38 LP),717,Bronze III (92 LP)
2026-06-01T12:26:22,떼그라호,0627,KR,Ranked Flex,함팀장님,1088,Silver IV (88 LP),961,Bronze I (86 LP)
2026-06-01T12:26:29,qwer,a000,KR,Ranked Flex,함팀장님,1610,Gold IV (100 LP),1703,Gold III (78 LP)
2026-06-01T12:26:39,거북이,0627,KR,Ranked Flex,함팀장님,1675,Gold III (50 LP),1514,Gold IV (14 LP)
2026-06-01T12:26:49,떼그라클,k91,KR,Ranked Flex,Michael,706,Bronze III (81 LP),893,Bronze I (18 LP)
2026-06-01T12:27:05,펑키왈숙,6117,KR,Ranked Flex,Motaju,815,Bronze II (65 LP),1047,Silver IV (47 LP)
2026-06-01T12:27:15,떼그라쥬,RTG,KR,Ranked Flex,Motaju,2104,Platinum IV (100 LP),1347,Silver II (97 LP)
2026-06-01T12:27:25,떼그라떼그라떼그라떼그라떼그라떼,kr12,KR,Ranked Flex,Motaju,1371,Silver II (100 LP),802,Bronze II (52 LP)
2026-06-01T16:41:55,SasimySean,4174,KR,Ranked Flex,Sean,955,Bronze I (80 LP),889,Bronze I (14 LP)
2026-06-01T16:42:08,일회용라이타,KR1,KR,Ranked Flex,Sean,1137,Silver III (12 LP),710,Bronze III (85 LP)
2026-06-01T16:42:18,떼그라션2,4174,KR,Ranked Flex,Sean,1026,Silver IV (26 LP),647,Bronze III (22 LP)
2026-06-01T16:42:34,떼그라션,4174,KR,Ranked Flex,Sean,860,Bronze II (100 LP),942,Bronze I (67 LP)
2026-06-01T16:42:44,떼그라숀,4174,KR,Ranked Flex,Sean,1153,Silver III (28 LP),880,Bronze I (5 LP)
2026-06-01T16:42:57,떼그라대,dani,KR,Ranked Flex,Dani,800,Bronze II (50 LP),520,Bronze IV (20 LP)
2026-06-01T16:43:07,떼그라월,1234,KR,Ranked Flex,Wallace,800,Bronze II (50 LP),781,Bronze II (31 LP)
2026-06-01T16:43:20,떼그라호,0627,KR,Ranked Flex,함팀장님,1021,Silver IV (21 LP),1024,Silver IV (24 LP)
2026-06-01T16:43:33,qwer,a000,KR,Ranked Flex,함팀장님,1610,Gold IV (100 LP),1703,Gold III (78 LP)
2026-06-01T16:43:46,거북이,0627,KR,Ranked Flex,함팀장님,1675,Gold III (50 LP),1514,Gold IV (14 LP)
2026-06-01T16:44:06,떼그라클,k91,KR,Ranked Flex,Michael,664,Bronze III (39 LP),933,Bronze I (58 LP)
2026-06-01T16:44:13,펑키왈숙,6117,KR,Ranked Flex,Motaju,815,Bronze II (65 LP),1047,Silver IV (47 LP)
2026-06-01T16:44:20,떼그라쥬,RTG,KR,Ranked Flex,Motaju,2104,Platinum IV (100 LP),1347,Silver II (97 LP)
2026-06-01T16:44:36,떼그라떼그라떼그라떼그라떼그라떼,kr12,KR,Ranked Flex,Motaju,1371,Silver II (100 LP),802,Bronze II (52 LP)
2026-06-01T17:55:28,SasimySean,4174,KR,Ranked Flex,Sean,955,Bronze I (80 LP),889,Bronze I (14 LP)
2026-06-01T17:55:35,일회용라이타,KR1,KR,Ranked Flex,Sean,1137,Silver III (12 LP),710,Bronze III (85 LP)
2026-06-01T17:56:14,떼그라션,4174,KR,Ranked Flex,Sean,860,Bronze II (100 LP),942,Bronze I (67 LP)
2026-06-01T17:56:20,떼그라숀,4174,KR,Ranked Flex,Sean,1153,Silver III (28 LP),880,Bronze I (5 LP)
2026-06-01T17:56:30,떼그라대,dani,KR,Ranked Flex,Dani,800,Bronze II (50 LP),520,Bronze IV (20 LP)
2026-06-01T17:56:46,떼그라월,1234,KR,Ranked Flex,Wallace,800,Bronze II (50 LP),781,Bronze II (31 LP)
2026-06-01T17:57:03,떼그라호,0627,KR,Ranked Flex,함팀장님,1021,Silver IV (21 LP),1024,Silver IV (24 LP)
2026-06-01T17:57:13,qwer,a000,KR,Ranked Flex,함팀장님,1610,Gold IV (100 LP),1703,Gold III (78 LP)
2026-06-01T17:57:26,거북이,0627,KR,Ranked Flex,함팀장님,1675,Gold III (50 LP),1514,Gold IV (14 LP)
2026-06-01T17:57:46,떼그라클,k91,KR,Ranked Flex,Michael,664,Bronze III (39 LP),933,Bronze I (58 LP)
2026-06-01T17:57:52,펑키왈숙,6117,KR,Ranked Flex,Motaju,815,Bronze II (65 LP),1047,Silver IV (47 LP)
2026-06-01T17:58:05,떼그라쥬,RTG,KR,Ranked Flex,Motaju,2104,Platinum IV (100 LP),1347,Silver II (97 LP)
2026-06-01T17:58:15,떼그라떼그라떼그라떼그라떼그라떼,kr12,KR,Ranked Flex,Motaju,1371,Silver II (100 LP),802,Bronze II (52 LP)
2026-06-01T18:34:57,SasimySean,4174,KR,Ranked Flex,Sean,955,Bronze I (80 LP),889,Bronze I (14 LP)
2026-06-01T18:35:04,일회용라이타,KR1,KR,Ranked Flex,Sean,1137,Silver III (12 LP),710,Bronze III (85 LP)
2026-06-01T18:35:17,떼그라션2,4174,KR,Ranked Flex,Sean,1026,Silver IV (26 LP),647,Bronze III (22 LP)
2026-06-01T18:35:27,떼그라션,4174,KR,Ranked Flex,Sean,887,Bronze I (12 LP),922,Bronze I (47 LP)
2026-06-01T18:35:34,떼그라숀,4174,KR,Ranked Flex,Sean,1153,Silver III (28 LP),880,Bronze I (5 LP)
2026-06-01T18:35:47,떼그라대,dani,KR,Ranked Flex,Dani,729,Bronze III (100 LP),500,Bronze IV (0 LP)
2026-06-01T18:36:00,떼그라월,1234,KR,Ranked Flex,Wallace,729,Bronze III (100 LP),761,Bronze II (11 LP)
2026-06-01T18:36:20,떼그라호,0627,KR,Ranked Flex,함팀장님,1070,Silver IV (70 LP),1003,Silver IV (3 LP)
2026-06-01T18:36:26,qwer,a000,KR,Ranked Flex,함팀장님,1610,Gold IV (100 LP),1703,Gold III (78 LP)
2026-06-01T18:36:43,거북이,0627,KR,Ranked Flex,함팀장님,1675,Gold III (50 LP),1514,Gold IV (14 LP)
2026-06-01T18:36:53,떼그라클,k91,KR,Ranked Flex,Michael,706,Bronze III (81 LP),913,Bronze I (38 LP)
2026-06-01T18:37:06,펑키왈숙,6117,KR,Ranked Flex,Motaju,815,Bronze II (65 LP),1047,Silver IV (47 LP)
2026-06-01T18:37:16,떼그라쥬,RTG,KR,Ranked Flex,Motaju,2104,Platinum IV (100 LP),1347,Silver II (97 LP)
2026-06-01T18:37:23,떼그라떼그라떼그라떼그라떼그라떼,kr12,KR,Ranked Flex,Motaju,1371,Silver II (100 LP),802,Bronze II (52 LP)
2026-06-01T19:09:47,SasimySean,4174,KR,Ranked Flex,Sean,951,Bronze I (76 LP),889,Bronze I (14 LP)
2026-06-01T19:10:00,일회용라이타,KR1,KR,Ranked Flex,Sean,1137,Silver III (12 LP),710,Bronze III (85 LP)
2026-06-01T19:10:16,떼그라션2,4174,KR,Ranked Flex,Sean,1026,Silver IV (26 LP),647,Bronze III (22 LP)
2026-06-01T19:10:23,떼그라션,4174,KR,Ranked Flex,Sean,925,Bronze I (50 LP),901,Bronze I (26 LP)
2026-06-01T19:10:36,떼그라숀,4174,KR,Ranked Flex,Sean,1153,Silver III (28 LP),880,Bronze I (5 LP)
2026-06-01T19:10:46,떼그라대,dani,KR,Ranked Flex,Dani,857,Bronze II (100 LP),425,Iron I (50 LP)
2026-06-01T19:10:59,떼그라월,1234,KR,Ranked Flex,Wallace,857,Bronze II (100 LP),715,Bronze III (90 LP)
2026-06-01T19:11:22,떼그라호,0627,KR,Ranked Flex,함팀장님,894,Bronze I (19 LP),1000,Silver IV (0 LP)
2026-06-01T19:11:29,qwer,a000,KR,Ranked Flex,함팀장님,1610,Gold IV (100 LP),1703,Gold III (78 LP)
2026-06-01T19:11:33,거북이,0627,KR,Ranked Flex,함팀장님,1675,Gold III (50 LP),1514,Gold IV (14 LP)
2026-06-01T19:11:47,떼그라클,k91,KR,Ranked Flex,Michael,820,Bronze II (70 LP),893,Bronze I (18 LP)
2026-06-01T19:11:54,펑키왈숙,6117,KR,Ranked Flex,Motaju,815,Bronze II (65 LP),1047,Silver IV (47 LP)
2026-06-01T19:12:00,떼그라쥬,RTG,KR,Ranked Flex,Motaju,2104,Platinum IV (100 LP),1347,Silver II (97 LP)
2026-06-01T19:12:07,떼그라떼그라떼그라떼그라떼그라떼,kr12,KR,Ranked Flex,Motaju,1371,Silver II (100 LP),802,Bronze II (52 LP)
2026-06-01T20:11:05,SasimySean,4174,KR,Ranked Flex,Sean,955,Bronze I (80 LP),889,Bronze I (14 LP)
2026-06-01T20:11:12,일회용라이타,KR1,KR,Ranked Flex,Sean,1137,Silver III (12 LP),710,Bronze III (85 LP)
2026-06-01T20:11:19,떼그라션2,4174,KR,Ranked Flex,Sean,1026,Silver IV (26 LP),647,Bronze III (22 LP)
2026-06-01T20:11:32,떼그라션,4174,KR,Ranked Flex,Sean,900,Bronze I (25 LP),880,Bronze I (5 LP)
2026-06-01T20:11:35,떼그라숀,4174,KR,Ranked Flex,Sean,1153,Silver III (28 LP),880,Bronze I (5 LP)
2026-06-01T20:11:48,떼그라대,dani,KR,Ranked Flex,Dani,857,Bronze II (100 LP),425,Iron I (50 LP)
2026-06-01T20:12:04,떼그라월,1234,KR,Ranked Flex,Wallace,948,Bronze I (73 LP),694,Bronze III (69 LP)
2026-06-01T20:12:21,떼그라호,0627,KR,Ranked Flex,함팀장님,880,Bronze I (5 LP),1000,Silver IV (0 LP)
2026-06-01T20:12:28,qwer,a000,KR,Ranked Flex,함팀장님,1610,Gold IV (100 LP),1703,Gold III (78 LP)
2026-06-01T20:12:38,거북이,0627,KR,Ranked Flex,함팀장님,1675,Gold III (50 LP),1514,Gold IV (14 LP)
2026-06-01T20:12:54,떼그라클,k91,KR,Ranked Flex,Michael,820,Bronze II (70 LP),893,Bronze I (18 LP)
2026-06-01T20:13:01,펑키왈숙,6117,KR,Ranked Flex,Motaju,815,Bronze II (65 LP),1047,Silver IV (47 LP)
2026-06-01T20:13:14,떼그라쥬,RTG,KR,Ranked Flex,Motaju,2104,Platinum IV (100 LP),1347,Silver II (97 LP)
2026-06-01T20:13:21,떼그라떼그라떼그라떼그라떼그라떼,kr12,KR,Ranked Flex,Motaju,1371,Silver II (100 LP),802,Bronze II (52 LP)
2026-06-02T09:02:26,SasimySean,4174,KR,Ranked Flex,Sean,959,Bronze I (84 LP),889,Bronze I (14 LP)
2026-06-02T09:02:36,일회용라이타,KR1,KR,Ranked Flex,Sean,1132,Silver III (7 LP),710,Bronze III (85 LP)
2026-06-02T09:02:42,떼그라션2,4174,KR,Ranked Flex,Sean,1026,Silver IV (26 LP),647,Bronze III (22 LP)
2026-06-02T09:02:55,떼그라션,4174,KR,Ranked Flex,Sean,1076,Silver IV (76 LP),899,Bronze I (24 LP)
2026-06-02T09:03:02,떼그라숀,4174,KR,Ranked Flex,Sean,1164,Silver III (39 LP),880,Bronze I (5 LP)
2026-06-02T09:03:15,떼그라대,dani,KR,Ranked Flex,Dani,845,Bronze II (95 LP),425,Iron I (50 LP)
2026-06-02T09:03:25,떼그라월,1234,KR,Ranked Flex,Wallace,1151,Silver III (26 LP),713,Bronze III (88 LP)
2026-06-02T09:03:39,떼그라호,0627,KR,Ranked Flex,함팀장님,1080,Silver IV (80 LP),1018,Silver IV (18 LP)
2026-06-02T09:03:45,qwer,a000,KR,Ranked Flex,함팀장님,1600,Gold IV (100 LP),1703,Gold III (78 LP)
2026-06-02T09:03:59,거북이,0627,KR,Ranked Flex,함팀장님,1675,Gold III (50 LP),1514,Gold IV (14 LP)
2026-06-02T09:04:12,떼그라클,k91,KR,Ranked Flex,Michael,810,Bronze II (60 LP),893,Bronze I (18 LP)
2026-06-02T09:04:31,펑키왈숙,6117,KR,Ranked Flex,Motaju,815,Bronze II (65 LP),1047,Silver IV (47 LP)
2026-06-02T09:04:38,떼그라쥬,RTG,KR,Ranked Flex,Motaju,2104,Platinum IV (100 LP),1347,Silver II (97 LP)
2026-06-02T09:04:48,떼그라떼그라떼그라떼그라떼그라떼,kr12,KR,Ranked Flex,Motaju,1371,Silver II (100 LP),802,Bronze II (52 LP)
2026-06-02T11:22:46,SasimySean,4174,KR,Ranked Flex,Sean,959,Bronze I (84 LP),889,Bronze I (14 LP)
2026-06-02T11:22:53,일회용라이타,KR1,KR,Ranked Flex,Sean,1132,Silver III (7 LP),710,Bronze III (85 LP)
2026-06-02T11:23:03,떼그라션2,4174,KR,Ranked Flex,Sean,1026,Silver IV (26 LP),647,Bronze III (22 LP)
2026-06-02T11:23:13,떼그라션,4174,KR,Ranked Flex,Sean,1076,Silver IV (76 LP),899,Bronze I (24 LP)
2026-06-02T11:23:23,떼그라숀,4174,KR,Ranked Flex,Sean,1164,Silver III (39 LP),880,Bronze I (5 LP)
2026-06-02T11:23:33,떼그라대,dani,KR,Ranked Flex,Dani,845,Bronze II (95 LP),425,Iron I (50 LP)
2026-06-02T11:23:40,떼그라월,1234,KR,Ranked Flex,Wallace,1151,Silver III (26 LP),713,Bronze III (88 LP)
2026-06-02T11:23:59,떼그라호,0627,KR,Ranked Flex,함팀장님,1080,Silver IV (80 LP),1018,Silver IV (18 LP)
2026-06-02T11:24:09,qwer,a000,KR,Ranked Flex,함팀장님,1600,Gold IV (100 LP),1703,Gold III (78 LP)
2026-06-02T11:24:23,거북이,0627,KR,Ranked Flex,함팀장님,1675,Gold III (50 LP),1514,Gold IV (14 LP)
2026-06-02T11:24:39,떼그라클,k91,KR,Ranked Flex,Michael,810,Bronze II (60 LP),893,Bronze I (18 LP)
2026-06-02T11:24:44,펑키왈숙,6117,KR,Ranked Flex,Motaju,815,Bronze II (65 LP),1047,Silver IV (47 LP)
2026-06-02T11:24:53,떼그라쥬,RTG,KR,Ranked Flex,Motaju,2104,Platinum IV (100 LP),1347,Silver II (97 LP)
2026-06-02T11:25:07,떼그라떼그라떼그라떼그라떼그라떼,kr12,KR,Ranked Flex,Motaju,1371,Silver II (100 LP),802,Bronze II (52 LP)
2026-06-02T13:56:52,SasimySean,4174,KR,Ranked Flex,Sean,959,Bronze I (84 LP),889,Bronze I (14 LP)
2026-06-02T13:57:02,일회용라이타,KR1,KR,Ranked Flex,Sean,1132,Silver III (7 LP),710,Bronze III (85 LP)
2026-06-02T13:57:09,떼그라션2,4174,KR,Ranked Flex,Sean,1026,Silver IV (26 LP),647,Bronze III (22 LP)
2026-06-02T13:57:19,떼그라션,4174,KR,Ranked Flex,Sean,1076,Silver IV (76 LP),899,Bronze I (24 LP)
2026-06-02T13:57:32,떼그라숀,4174,KR,Ranked Flex,Sean,1164,Silver III (39 LP),880,Bronze I (5 LP)
2026-06-02T13:57:45,떼그라대,dani,KR,Ranked Flex,Dani,847,Bronze II (97 LP),444,Iron I (69 LP)
2026-06-02T13:57:58,떼그라월,1234,KR,Ranked Flex,Wallace,1032,Silver IV (32 LP),713,Bronze III (88 LP)
2026-06-02T13:58:14,떼그라호,0627,KR,Ranked Flex,함팀장님,1080,Silver IV (80 LP),1018,Silver IV (18 LP)
2026-06-02T13:58:27,qwer,a000,KR,Ranked Flex,함팀장님,1600,Gold IV (100 LP),1703,Gold III (78 LP)
2026-06-02T13:58:37,거북이,0627,KR,Ranked Flex,함팀장님,1675,Gold III (50 LP),1514,Gold IV (14 LP)
2026-06-02T13:58:51,떼그라클,k91,KR,Ranked Flex,Michael,814,Bronze II (64 LP),893,Bronze I (18 LP)
2026-06-02T13:58:58,펑키왈숙,6117,KR,Ranked Flex,Motaju,815,Bronze II (65 LP),1047,Silver IV (47 LP)
2026-06-02T13:59:11,떼그라쥬,RTG,KR,Ranked Flex,Motaju,2104,Platinum IV (100 LP),1347,Silver II (97 LP)
2026-06-02T13:59:17,떼그라떼그라떼그라떼그라떼그라떼,kr12,KR,Ranked Flex,Motaju,1371,Silver II (100 LP),802,Bronze II (52 LP)
2026-06-02T14:13:49,SasimySean,4174,KR,Ranked Flex,Sean,959,Bronze I (84 LP),889,Bronze I (14 LP)
2026-06-02T14:13:50,일회용라이타,KR1,KR,Ranked Flex,Sean,1132,Silver III (7 LP),710,Bronze III (85 LP)
2026-06-02T14:13:54,떼그라션2,4174,KR,Ranked Flex,Sean,1026,Silver IV (26 LP),647,Bronze III (22 LP)
2026-06-02T14:13:57,떼그라션,4174,KR,Ranked Flex,Sean,1076,Silver IV (76 LP),899,Bronze I (24 LP)
2026-06-02T14:13:58,떼그라숀,4174,KR,Ranked Flex,Sean,1164,Silver III (39 LP),880,Bronze I (5 LP)
2026-06-02T14:14:03,떼그라대,dani,KR,Ranked Flex,Dani,847,Bronze II (97 LP),444,Iron I (69 LP)
2026-06-02T14:14:06,떼그라월,1234,KR,Ranked Flex,Wallace,1032,Silver IV (32 LP),713,Bronze III (88 LP)
2026-06-02T14:14:10,떼그라호,0627,KR,Ranked Flex,함팀장님,1080,Silver IV (80 LP),1018,Silver IV (18 LP)
2026-06-02T14:14:13,qwer,a000,KR,Ranked Flex,함팀장님,1600,Gold IV (100 LP),1703,Gold III (78 LP)
2026-06-02T14:14:17,거북이,0627,KR,Ranked Flex,함팀장님,1675,Gold III (50 LP),1514,Gold IV (14 LP)
2026-06-02T14:14:21,떼그라클,k91,KR,Ranked Flex,Michael,814,Bronze II (64 LP),893,Bronze I (18 LP)
2026-06-02T14:14:26,펑키왈숙,6117,KR,Ranked Flex,Motaju,815,Bronze II (65 LP),1047,Silver IV (47 LP)
2026-06-02T14:14:27,떼그라쥬,RTG,KR,Ranked Flex,Motaju,2104,Platinum IV (100 LP),1347,Silver II (97 LP)
2026-06-02T14:14:29,떼그라떼그라떼그라떼그라떼그라떼,kr12,KR,Ranked Flex,Motaju,1371,Silver II (100 LP),802,Bronze II (52 LP)
2026-06-02T17:02:06,SasimySean,4174,KR,Ranked Flex,Sean,959,Bronze I (84 LP),889,Bronze I (14 LP)
2026-06-02T17:02:13,일회용라이타,KR1,KR,Ranked Flex,Sean,1132,Silver III (7 LP),710,Bronze III (85 LP)
2026-06-02T17:02:20,떼그라션2,4174,KR,Ranked Flex,Sean,1026,Silver IV (26 LP),647,Bronze III (22 LP)
2026-06-02T17:02:36,떼그라션,4174,KR,Ranked Flex,Sean,1076,Silver IV (76 LP),899,Bronze I (24 LP)
2026-06-02T17:02:46,떼그라숀,4174,KR,Ranked Flex,Sean,1164,Silver III (39 LP),880,Bronze I (5 LP)
2026-06-02T17:02:53,떼그라대,dani,KR,Ranked Flex,Dani,812,Bronze II (62 LP),423,Iron I (48 LP)
2026-06-02T17:03:03,떼그라월,1234,KR,Ranked Flex,Wallace,988,Bronze I (100 LP),712,Bronze III (87 LP)
2026-06-02T17:03:13,떼그라호,0627,KR,Ranked Flex,함팀장님,1080,Silver IV (80 LP),1018,Silver IV (18 LP)
2026-06-02T17:03:26,qwer,a000,KR,Ranked Flex,함팀장님,1720,Gold III (95 LP),1682,Gold III (57 LP)
2026-06-02T17:03:36,거북이,0627,KR,Ranked Flex,함팀장님,1675,Gold III (50 LP),1514,Gold IV (14 LP)
2026-06-02T17:03:46,떼그라클,k91,KR,Ranked Flex,Michael,779,Bronze II (29 LP),893,Bronze I (18 LP)
2026-06-02T17:03:59,펑키왈숙,6117,KR,Ranked Flex,Motaju,815,Bronze II (65 LP),1047,Silver IV (47 LP)
2026-06-02T17:04:13,떼그라쥬,RTG,KR,Ranked Flex,Motaju,2104,Platinum IV (100 LP),1347,Silver II (97 LP)
2026-06-02T17:04:23,떼그라떼그라떼그라떼그라떼그라떼,kr12,KR,Ranked Flex,Motaju,1371,Silver II (100 LP),802,Bronze II (52 LP)
2026-06-02T17:54:42,SasimySean,4174,KR,Ranked Flex,Sean,959,Bronze I (84 LP),889,Bronze I (14 LP)
2026-06-02T17:54:51,일회용라이타,KR1,KR,Ranked Flex,Sean,1132,Silver III (7 LP),710,Bronze III (85 LP)
2026-06-02T17:54:58,떼그라션2,4174,KR,Ranked Flex,Sean,1026,Silver IV (26 LP),647,Bronze III (22 LP)
2026-06-02T17:55:08,떼그라션,4174,KR,Ranked Flex,Sean,1076,Silver IV (76 LP),899,Bronze I (24 LP)
2026-06-02T17:55:18,떼그라숀,4174,KR,Ranked Flex,Sean,1164,Silver III (39 LP),880,Bronze I (5 LP)
2026-06-02T17:55:28,떼그라대,dani,KR,Ranked Flex,Dani,812,Bronze II (62 LP),402,Iron I (27 LP)
2026-06-02T17:55:41,떼그라월,1234,KR,Ranked Flex,Wallace,988,Bronze I (100 LP),712,Bronze III (87 LP)
2026-06-02T17:55:51,떼그라호,0627,KR,Ranked Flex,함팀장님,1080,Silver IV (80 LP),1018,Silver IV (18 LP)
2026-06-02T17:56:01,qwer,a000,KR,Ranked Flex,함팀장님,1720,Gold III (95 LP),1682,Gold III (57 LP)
2026-06-02T17:56:18,거북이,0627,KR,Ranked Flex,함팀장님,1675,Gold III (50 LP),1514,Gold IV (14 LP)
2026-06-02T17:56:28,떼그라클,k91,KR,Ranked Flex,Michael,779,Bronze II (29 LP),893,Bronze I (18 LP)
2026-06-02T17:56:35,펑키왈숙,6117,KR,Ranked Flex,Motaju,815,Bronze II (65 LP),1047,Silver IV (47 LP)
2026-06-02T17:56:41,떼그라쥬,RTG,KR,Ranked Flex,Motaju,2104,Platinum IV (100 LP),1347,Silver II (97 LP)
2026-06-02T17:56:54,떼그라떼그라떼그라떼그라떼그라떼,kr12,KR,Ranked Flex,Motaju,1371,Silver II (100 LP),802,Bronze II (52 LP)
2026-06-02T18:50:18,일회용라이타,KR1,KR,Ranked Flex,Sean,1132,Silver III (7 LP),710,Bronze III (85 LP)
2026-06-02T18:50:25,떼그라션2,4174,KR,Ranked Flex,Sean,1021,Silver IV (21 LP),647,Bronze III (22 LP)
2026-06-02T18:50:32,떼그라션,4174,KR,Ranked Flex,Sean,1076,Silver IV (76 LP),899,Bronze I (24 LP)
2026-06-02T18:50:42,떼그라숀,4174,KR,Ranked Flex,Sean,1164,Silver III (39 LP),880,Bronze I (5 LP)
2026-06-02T18:50:55,떼그라대,dani,KR,Ranked Flex,Dani,885,Bronze I (10 LP),402,Iron I (27 LP)
2026-06-02T18:51:01,떼그라월,1234,KR,Ranked Flex,Wallace,885,Bronze I (10 LP),691,Bronze III (66 LP)
2026-06-02T18:51:12,떼그라호,0627,KR,Ranked Flex,함팀장님,1141,Silver III (16 LP),1000,Silver IV (0 LP)
2026-06-02T18:51:21,qwer,a000,KR,Ranked Flex,함팀장님,1720,Gold III (95 LP),1682,Gold III (57 LP)
2026-06-02T18:51:35,거북이,0627,KR,Ranked Flex,함팀장님,1675,Gold III (50 LP),1514,Gold IV (14 LP)
2026-06-02T18:51:51,떼그라클,k91,KR,Ranked Flex,Michael,845,Bronze II (95 LP),848,Bronze II (98 LP)
2026-06-02T18:52:04,펑키왈숙,6117,KR,Ranked Flex,Motaju,810,Bronze II (60 LP),1047,Silver IV (47 LP)
2026-06-02T18:52:14,떼그라쥬,RTG,KR,Ranked Flex,Motaju,2104,Platinum IV (100 LP),1347,Silver II (97 LP)
2026-06-02T18:52:18,떼그라떼그라떼그라떼그라떼그라떼,kr12,KR,Ranked Flex,Motaju,1371,Silver II (100 LP),802,Bronze II (52 LP)
2026-06-02T18:55:17,SasimySean,4174,KR,Ranked Flex,Sean,1024,Silver IV (24 LP),877,Bronze I (2 LP)
2026-06-02T19:58:34,SasimySean,4174,KR,Ranked Flex,Sean,958,Bronze I (83 LP),840,Bronze II (90 LP)
2026-06-02T19:58:47,일회용라이타,KR1,KR,Ranked Flex,Sean,1132,Silver III (7 LP),710,Bronze III (85 LP)
2026-06-02T19:58:57,떼그라션2,4174,KR,Ranked Flex,Sean,1021,Silver IV (21 LP),647,Bronze III (22 LP)
2026-06-02T19:59:03,떼그라션,4174,KR,Ranked Flex,Sean,1076,Silver IV (76 LP),899,Bronze I (24 LP)
2026-06-02T19:59:10,떼그라숀,4174,KR,Ranked Flex,Sean,1164,Silver III (39 LP),880,Bronze I (5 LP)
2026-06-02T19:59:17,떼그라대,dani,KR,Ranked Flex,Dani,925,Bronze I (50 LP),381,Iron I (6 LP)
2026-06-02T19:59:27,떼그라월,1234,KR,Ranked Flex,Wallace,925,Bronze I (50 LP),670,Bronze III (45 LP)
2026-06-02T19:59:40,떼그라호,0627,KR,Ranked Flex,함팀장님,1065,Silver IV (65 LP),1001,Silver IV (1 LP)
2026-06-02T19:59:53,qwer,a000,KR,Ranked Flex,함팀장님,1720,Gold III (95 LP),1682,Gold III (57 LP)
2026-06-02T19:59:58,거북이,0627,KR,Ranked Flex,함팀장님,1675,Gold III (50 LP),1514,Gold IV (14 LP)
2026-06-02T20:00:15,떼그라클,k91,KR,Ranked Flex,Michael,882,Bronze I (7 LP),828,Bronze II (78 LP)
2026-06-02T20:00:28,펑키왈숙,6117,KR,Ranked Flex,Motaju,810,Bronze II (60 LP),1047,Silver IV (47 LP)
2026-06-02T20:00:35,떼그라쥬,RTG,KR,Ranked Flex,Motaju,2104,Platinum IV (100 LP),1347,Silver II (97 LP)
2026-06-02T20:00:45,떼그라떼그라떼그라떼그라떼그라떼,kr12,KR,Ranked Flex,Motaju,1371,Silver II (100 LP),802,Bronze II (52 LP)
2026-06-02T20:46:26,SasimySean,4174,KR,Ranked Flex,Sean,958,Bronze I (83 LP),840,Bronze II (90 LP)
2026-06-02T20:46:33,일회용라이타,KR1,KR,Ranked Flex,Sean,1132,Silver III (7 LP),710,Bronze III (85 LP)
2026-06-02T20:46:40,떼그라션2,4174,KR,Ranked Flex,Sean,1021,Silver IV (21 LP),647,Bronze III (22 LP)
2026-06-02T20:46:43,떼그라션,4174,KR,Ranked Flex,Sean,1076,Silver IV (76 LP),899,Bronze I (24 LP)
2026-06-02T20:46:57,떼그라숀,4174,KR,Ranked Flex,Sean,1164,Silver III (39 LP),880,Bronze I (5 LP)
2026-06-02T20:47:10,떼그라대,dani,KR,Ranked Flex,Dani,925,Bronze I (50 LP),381,Iron I (6 LP)
2026-06-02T20:47:16,떼그라월,1234,KR,Ranked Flex,Wallace,925,Bronze I (50 LP),670,Bronze III (45 LP)
2026-06-02T20:47:33,떼그라호,0627,KR,Ranked Flex,함팀장님,1065,Silver IV (65 LP),1001,Silver IV (1 LP)
2026-06-02T20:47:43,qwer,a000,KR,Ranked Flex,함팀장님,1720,Gold III (95 LP),1682,Gold III (57 LP)
2026-06-02T20:47:53,거북이,0627,KR,Ranked Flex,함팀장님,1675,Gold III (50 LP),1514,Gold IV (14 LP)
2026-06-02T20:48:09,떼그라클,k91,KR,Ranked Flex,Michael,882,Bronze I (7 LP),828,Bronze II (78 LP)
2026-06-02T20:48:19,펑키왈숙,6117,KR,Ranked Flex,Motaju,810,Bronze II (60 LP),1047,Silver IV (47 LP)
2026-06-02T20:48:26,떼그라쥬,RTG,KR,Ranked Flex,Motaju,2104,Platinum IV (100 LP),1347,Silver II (97 LP)
2026-06-02T20:48:36,떼그라떼그라떼그라떼그라떼그라떼,kr12,KR,Ranked Flex,Motaju,1371,Silver II (100 LP),802,Bronze II (52 LP)
2026-06-02T21:20:24,SasimySean,4174,KR,Ranked Flex,Sean,963,Bronze I (88 LP),840,Bronze II (90 LP)
2026-06-02T21:20:34,일회용라이타,KR1,KR,Ranked Flex,Sean,1132,Silver III (7 LP),710,Bronze III (85 LP)
2026-06-02T21:20:50,떼그라션2,4174,KR,Ranked Flex,Sean,1021,Silver IV (21 LP),647,Bronze III (22 LP)
2026-06-02T21:21:23,떼그라숀,4174,KR,Ranked Flex,Sean,1164,Silver III (39 LP),880,Bronze I (5 LP)
2026-06-02T21:21:33,떼그라대,dani,KR,Ranked Flex,Dani,925,Bronze I (50 LP),381,Iron I (6 LP)
2026-06-02T21:21:39,떼그라월,1234,KR,Ranked Flex,Wallace,925,Bronze I (50 LP),670,Bronze III (45 LP)
2026-06-02T21:21:59,떼그라호,0627,KR,Ranked Flex,함팀장님,1065,Silver IV (65 LP),1001,Silver IV (1 LP)
2026-06-02T21:22:09,qwer,a000,KR,Ranked Flex,함팀장님,1720,Gold III (95 LP),1682,Gold III (57 LP)
2026-06-02T21:22:19,거북이,0627,KR,Ranked Flex,함팀장님,1675,Gold III (50 LP),1514,Gold IV (14 LP)
2026-06-02T21:22:33,떼그라클,k91,KR,Ranked Flex,Michael,882,Bronze I (7 LP),828,Bronze II (78 LP)
2026-06-02T21:22:42,펑키왈숙,6117,KR,Ranked Flex,Motaju,810,Bronze II (60 LP),1047,Silver IV (47 LP)
2026-06-02T21:22:52,떼그라쥬,RTG,KR,Ranked Flex,Motaju,2104,Platinum IV (100 LP),1347,Silver II (97 LP)
2026-06-02T21:23:05,떼그라떼그라떼그라떼그라떼그라떼,kr12,KR,Ranked Flex,Motaju,1371,Silver II (100 LP),802,Bronze II (52 LP)
2026-06-02T22:16:37,SasimySean,4174,KR,Ranked Flex,Sean,963,Bronze I (88 LP),840,Bronze II (90 LP)
2026-06-02T22:16:53,일회용라이타,KR1,KR,Ranked Flex,Sean,1137,Silver III (12 LP),710,Bronze III (85 LP)
2026-06-02T22:17:09,떼그라션2,4174,KR,Ranked Flex,Sean,1021,Silver IV (21 LP),647,Bronze III (22 LP)
2026-06-02T22:17:16,떼그라션,4174,KR,Ranked Flex,Sean,1076,Silver IV (76 LP),899,Bronze I (24 LP)
2026-06-02T22:17:26,떼그라숀,4174,KR,Ranked Flex,Sean,1164,Silver III (39 LP),880,Bronze I (5 LP)
2026-06-02T22:17:33,떼그라대,dani,KR,Ranked Flex,Dani,925,Bronze I (50 LP),381,Iron I (6 LP)
2026-06-02T22:17:43,떼그라월,1234,KR,Ranked Flex,Wallace,925,Bronze I (50 LP),670,Bronze III (45 LP)
2026-06-02T22:17:59,떼그라호,0627,KR,Ranked Flex,함팀장님,1065,Silver IV (65 LP),1001,Silver IV (1 LP)
2026-06-02T22:18:06,qwer,a000,KR,Ranked Flex,함팀장님,1720,Gold III (95 LP),1682,Gold III (57 LP)
2026-06-02T22:18:16,거북이,0627,KR,Ranked Flex,함팀장님,1648,Gold III (23 LP),1514,Gold IV (14 LP)
2026-06-02T22:19:34,떼그라쥬,RTG,KR,Ranked Flex,Motaju,2104,Platinum IV (100 LP),1347,Silver II (97 LP)
2026-06-02T22:19:40,떼그라떼그라떼그라떼그라떼그라떼,kr12,KR,Ranked Flex,Motaju,1371,Silver II (100 LP),802,Bronze II (52 LP)
2026-06-02T22:58:36,SasimySean,4174,KR,Ranked Flex,Sean,963,Bronze I (88 LP),840,Bronze II (90 LP)
2026-06-02T22:58:43,일회용라이타,KR1,KR,Ranked Flex,Sean,1137,Silver III (12 LP),710,Bronze III (85 LP)
2026-06-02T22:58:50,떼그라션2,4174,KR,Ranked Flex,Sean,1021,Silver IV (21 LP),647,Bronze III (22 LP)
2026-06-02T22:58:56,떼그라션,4174,KR,Ranked Flex,Sean,1076,Silver IV (76 LP),899,Bronze I (24 LP)
2026-06-02T22:59:03,떼그라숀,4174,KR,Ranked Flex,Sean,1164,Silver III (39 LP),880,Bronze I (5 LP)
2026-06-02T22:59:10,떼그라대,dani,KR,Ranked Flex,Dani,925,Bronze I (50 LP),381,Iron I (6 LP)
2026-06-02T22:59:23,떼그라월,1234,KR,Ranked Flex,Wallace,925,Bronze I (50 LP),670,Bronze III (45 LP)
2026-06-02T22:59:39,떼그라호,0627,KR,Ranked Flex,함팀장님,1065,Silver IV (65 LP),1001,Silver IV (1 LP)
2026-06-02T22:59:53,qwer,a000,KR,Ranked Flex,함팀장님,1715,Gold III (90 LP),1682,Gold III (57 LP)
2026-06-02T22:59:59,거북이,0627,KR,Ranked Flex,함팀장님,1648,Gold III (23 LP),1514,Gold IV (14 LP)
2026-06-02T23:00:14,떼그라클,k91,KR,Ranked Flex,Michael,882,Bronze I (7 LP),828,Bronze II (78 LP)
2026-06-02T23:00:24,펑키왈숙,6117,KR,Ranked Flex,Motaju,810,Bronze II (60 LP),1047,Silver IV (47 LP)
2026-06-02T23:00:34,떼그라쥬,RTG,KR,Ranked Flex,Motaju,2099,Platinum IV (99 LP),1347,Silver II (97 LP)
2026-06-02T23:00:53,떼그라떼그라떼그라떼그라떼그라떼,kr12,KR,Ranked Flex,Motaju,1371,Silver II (100 LP),802,Bronze II (52 LP)
2026-06-02T23:38:59,SasimySean,4174,KR,Ranked Flex,Sean,963,Bronze I (88 LP),840,Bronze II (90 LP)
2026-06-02T23:39:06,일회용라이타,KR1,KR,Ranked Flex,Sean,1137,Silver III (12 LP),710,Bronze III (85 LP)
2026-06-02T23:39:16,떼그라션2,4174,KR,Ranked Flex,Sean,1021,Silver IV (21 LP),647,Bronze III (22 LP)
2026-06-02T23:39:23,떼그라션,4174,KR,Ranked Flex,Sean,1076,Silver IV (76 LP),899,Bronze I (24 LP)
2026-06-02T23:39:36,떼그라숀,4174,KR,Ranked Flex,Sean,1164,Silver III (39 LP),880,Bronze I (5 LP)
2026-06-02T23:39:49,떼그라대,dani,KR,Ranked Flex,Dani,925,Bronze I (50 LP),381,Iron I (6 LP)
2026-06-02T23:39:59,떼그라월,1234,KR,Ranked Flex,Wallace,925,Bronze I (50 LP),670,Bronze III (45 LP)
2026-06-02T23:40:13,떼그라호,0627,KR,Ranked Flex,함팀장님,1065,Silver IV (65 LP),1001,Silver IV (1 LP)
2026-06-02T23:40:29,qwer,a000,KR,Ranked Flex,함팀장님,1715,Gold III (90 LP),1682,Gold III (57 LP)
2026-06-02T23:40:45,거북이,0627,KR,Ranked Flex,함팀장님,1648,Gold III (23 LP),1514,Gold IV (14 LP)
2026-06-02T23:41:08,떼그라클,k91,KR,Ranked Flex,Michael,882,Bronze I (7 LP),828,Bronze II (78 LP)
2026-06-02T23:41:15,펑키왈숙,6117,KR,Ranked Flex,Motaju,810,Bronze II (60 LP),1047,Silver IV (47 LP)
2026-06-02T23:41:22,떼그라쥬,RTG,KR,Ranked Flex,Motaju,2099,Platinum IV (99 LP),1347,Silver II (97 LP)
2026-06-02T23:41:29,떼그라떼그라떼그라떼그라떼그라떼,kr12,KR,Ranked Flex,Motaju,1371,Silver II (100 LP),802,Bronze II (52 LP)
2026-06-03T00:09:31,SasimySean,4174,KR,Ranked Flex,Sean,963,Bronze I (88 LP),840,Bronze II (90 LP)
2026-06-03T00:09:38,일회용라이타,KR1,KR,Ranked Flex,Sean,1137,Silver III (12 LP),710,Bronze III (85 LP)
2026-06-03T00:09:48,떼그라션2,4174,KR,Ranked Flex,Sean,1021,Silver IV (21 LP),647,Bronze III (22 LP)
2026-06-03T00:09:55,떼그라션,4174,KR,Ranked Flex,Sean,1076,Silver IV (76 LP),899,Bronze I (24 LP)
2026-06-03T00:10:05,떼그라숀,4174,KR,Ranked Flex,Sean,1170,Silver III (45 LP),880,Bronze I (5 LP)
2026-06-03T00:10:12,떼그라대,dani,KR,Ranked Flex,Dani,925,Bronze I (50 LP),381,Iron I (6 LP)
2026-06-03T00:10:25,떼그라월,1234,KR,Ranked Flex,Wallace,925,Bronze I (50 LP),670,Bronze III (45 LP)
2026-06-03T00:10:51,떼그라호,0627,KR,Ranked Flex,함팀장님,1065,Silver IV (65 LP),1001,Silver IV (1 LP)
2026-06-03T00:11:01,qwer,a000,KR,Ranked Flex,함팀장님,1715,Gold III (90 LP),1682,Gold III (57 LP)
2026-06-03T00:11:14,거북이,0627,KR,Ranked Flex,함팀장님,1648,Gold III (23 LP),1514,Gold IV (14 LP)
2026-06-03T00:11:27,떼그라클,k91,KR,Ranked Flex,Michael,882,Bronze I (7 LP),828,Bronze II (78 LP)
2026-06-03T00:11:47,펑키왈숙,6117,KR,Ranked Flex,Motaju,810,Bronze II (60 LP),1047,Silver IV (47 LP)
2026-06-03T00:11:57,떼그라쥬,RTG,KR,Ranked Flex,Motaju,2099,Platinum IV (99 LP),1347,Silver II (97 LP)
2026-06-03T00:12:03,떼그라떼그라떼그라떼그라떼그라떼,kr12,KR,Ranked Flex,Motaju,1371,Silver II (100 LP),802,Bronze II (52 LP)
2026-06-03T02:50:29,SasimySean,4174,KR,Ranked Flex,Sean,963,Bronze I (88 LP),840,Bronze II (90 LP)
2026-06-03T02:50:48,일회용라이타,KR1,KR,Ranked Flex,Sean,1137,Silver III (12 LP),710,Bronze III (85 LP)
2026-06-03T02:50:58,떼그라션2,4174,KR,Ranked Flex,Sean,1021,Silver IV (21 LP),647,Bronze III (22 LP)
2026-06-03T02:51:08,떼그라션,4174,KR,Ranked Flex,Sean,1076,Silver IV (76 LP),899,Bronze I (24 LP)
2026-06-03T02:51:22,떼그라숀,4174,KR,Ranked Flex,Sean,1170,Silver III (45 LP),880,Bronze I (5 LP)
2026-06-03T02:51:35,떼그라대,dani,KR,Ranked Flex,Dani,925,Bronze I (50 LP),381,Iron I (6 LP)
2026-06-03T02:51:48,떼그라월,1234,KR,Ranked Flex,Wallace,925,Bronze I (50 LP),670,Bronze III (45 LP)
2026-06-03T02:52:01,떼그라호,0627,KR,Ranked Flex,함팀장님,1065,Silver IV (65 LP),1001,Silver IV (1 LP)
2026-06-03T02:52:15,qwer,a000,KR,Ranked Flex,함팀장님,1720,Gold III (95 LP),1682,Gold III (57 LP)
2026-06-03T02:52:28,거북이,0627,KR,Ranked Flex,함팀장님,1648,Gold III (23 LP),1514,Gold IV (14 LP)
2026-06-03T02:52:48,떼그라클,k91,KR,Ranked Flex,Michael,882,Bronze I (7 LP),828,Bronze II (78 LP)
2026-06-03T02:52:54,펑키왈숙,6117,KR,Ranked Flex,Motaju,810,Bronze II (60 LP),1047,Silver IV (47 LP)
2026-06-03T02:53:04,떼그라쥬,RTG,KR,Ranked Flex,Motaju,2099,Platinum IV (99 LP),1347,Silver II (97 LP)
2026-06-03T02:53:14,떼그라떼그라떼그라떼그라떼그라떼,kr12,KR,Ranked Flex,Motaju,1371,Silver II (100 LP),802,Bronze II (52 LP)
2026-06-03T12:55:28,SasimySean,4174,KR,Ranked Flex,Sean,967,Bronze I (92 LP),840,Bronze II (90 LP)
2026-06-03T12:55:42,일회용라이타,KR1,KR,Ranked Flex,Sean,1137,Silver III (12 LP),710,Bronze III (85 LP)
2026-06-03T12:55:48,떼그라션2,4174,KR,Ranked Flex,Sean,1026,Silver IV (26 LP),647,Bronze III (22 LP)
2026-06-03T12:55:59,떼그라션,4174,KR,Ranked Flex,Sean,1076,Silver IV (76 LP),899,Bronze I (24 LP)
2026-06-03T12:56:12,떼그라숀,4174,KR,Ranked Flex,Sean,1170,Silver III (45 LP),880,Bronze I (5 LP)
2026-06-03T12:56:19,떼그라대,dani,KR,Ranked Flex,Dani,925,Bronze I (50 LP),381,Iron I (6 LP)
2026-06-03T12:56:26,떼그라월,1234,KR,Ranked Flex,Wallace,925,Bronze I (50 LP),670,Bronze III (45 LP)
2026-06-03T12:56:42,떼그라호,0627,KR,Ranked Flex,함팀장님,1065,Silver IV (65 LP),1001,Silver IV (1 LP)
2026-06-03T12:56:52,qwer,a000,KR,Ranked Flex,함팀장님,1715,Gold III (90 LP),1682,Gold III (57 LP)
2026-06-03T12:57:02,거북이,0627,KR,Ranked Flex,함팀장님,1648,Gold III (23 LP),1514,Gold IV (14 LP)
2026-06-03T12:57:16,떼그라클,k91,KR,Ranked Flex,Michael,882,Bronze I (7 LP),828,Bronze II (78 LP)
2026-06-03T12:57:23,펑키왈숙,6117,KR,Ranked Flex,Motaju,810,Bronze II (60 LP),1047,Silver IV (47 LP)
2026-06-03T12:57:29,떼그라쥬,RTG,KR,Ranked Flex,Motaju,2099,Platinum IV (99 LP),1347,Silver II (97 LP)
2026-06-03T12:57:36,떼그라떼그라떼그라떼그라떼그라떼,kr12,KR,Ranked Flex,Motaju,1376,Silver I (1 LP),802,Bronze II (52 LP)
2026-06-03T15:52:23,SasimySean,4174,KR,Ranked Flex,Sean,967,Bronze I (92 LP),840,Bronze II (90 LP)
2026-06-03T15:52:33,일회용라이타,KR1,KR,Ranked Flex,Sean,1137,Silver III (12 LP),710,Bronze III (85 LP)
2026-06-03T15:52:40,떼그라션2,4174,KR,Ranked Flex,Sean,1026,Silver IV (26 LP),647,Bronze III (22 LP)
2026-06-03T15:52:50,떼그라션,4174,KR,Ranked Flex,Sean,1071,Silver IV (71 LP),899,Bronze I (24 LP)
2026-06-03T15:53:00,떼그라숀,4174,KR,Ranked Flex,Sean,1170,Silver III (45 LP),880,Bronze I (5 LP)
2026-06-03T15:53:16,떼그라대,dani,KR,Ranked Flex,Dani,920,Bronze I (45 LP),381,Iron I (6 LP)
2026-06-03T15:53:23,떼그라월,1234,KR,Ranked Flex,Wallace,920,Bronze I (45 LP),670,Bronze III (45 LP)
2026-06-03T15:53:43,떼그라호,0627,KR,Ranked Flex,함팀장님,1060,Silver IV (60 LP),1001,Silver IV (1 LP)
2026-06-03T15:53:56,qwer,a000,KR,Ranked Flex,함팀장님,1715,Gold III (90 LP),1682,Gold III (57 LP)
2026-06-03T15:54:03,거북이,0627,KR,Ranked Flex,함팀장님,1648,Gold III (23 LP),1514,Gold IV (14 LP)
2026-06-03T15:54:13,떼그라클,k91,KR,Ranked Flex,Michael,877,Bronze I (2 LP),828,Bronze II (78 LP)
2026-06-03T15:54:20,펑키왈숙,6117,KR,Ranked Flex,Motaju,810,Bronze II (60 LP),1047,Silver IV (47 LP)
2026-06-03T15:54:30,떼그라쥬,RTG,KR,Ranked Flex,Motaju,2099,Platinum IV (99 LP),1347,Silver II (97 LP)
2026-06-03T15:54:43,떼그라떼그라떼그라떼그라떼그라떼,kr12,KR,Ranked Flex,Motaju,1376,Silver I (1 LP),802,Bronze II (52 LP)
2026-06-04T08:22:11,SasimySean,4174,KR,Ranked Flex,Sean,963,Bronze I (88 LP),840,Bronze II (90 LP)
2026-06-04T08:22:21,일회용라이타,KR1,KR,Ranked Flex,Sean,1137,Silver III (12 LP),710,Bronze III (85 LP)
2026-06-04T08:22:37,떼그라션2,4174,KR,Ranked Flex,Sean,1026,Silver IV (26 LP),647,Bronze III (22 LP)
2026-06-04T08:22:50,떼그라션,4174,KR,Ranked Flex,Sean,1076,Silver IV (76 LP),899,Bronze I (24 LP)
2026-06-04T08:23:00,떼그라숀,4174,KR,Ranked Flex,Sean,1175,Silver III (50 LP),880,Bronze I (5 LP)
2026-06-04T08:23:13,떼그라대,dani,KR,Ranked Flex,Dani,920,Bronze I (45 LP),381,Iron I (6 LP)
2026-06-04T08:23:23,떼그라월,1234,KR,Ranked Flex,Wallace,920,Bronze I (45 LP),670,Bronze III (45 LP)
2026-06-04T08:23:36,떼그라호,0627,KR,Ranked Flex,함팀장님,1060,Silver IV (60 LP),1001,Silver IV (1 LP)
2026-06-04T08:23:46,qwer,a000,KR,Ranked Flex,함팀장님,1703,Gold III (78 LP),1682,Gold III (57 LP)
2026-06-04T08:23:56,거북이,0627,KR,Ranked Flex,함팀장님,1653,Gold III (28 LP),1514,Gold IV (14 LP)
2026-06-04T08:24:10,떼그라클,k91,KR,Ranked Flex,Michael,877,Bronze I (2 LP),828,Bronze II (78 LP)
2026-06-04T08:24:20,펑키왈숙,6117,KR,Ranked Flex,Motaju,810,Bronze II (60 LP),1047,Silver IV (47 LP)
2026-06-04T08:24:27,떼그라쥬,RTG,KR,Ranked Flex,Motaju,2099,Platinum IV (99 LP),1347,Silver II (97 LP)
2026-06-04T08:24:37,떼그라떼그라떼그라떼그라떼그라떼,kr12,KR,Ranked Flex,Motaju,1371,Silver II (100 LP),802,Bronze II (52 LP)
2026-06-04T13:01:02,SasimySean,4174,KR,Ranked Flex,Sean,963,Bronze I (88 LP),840,Bronze II (90 LP)
2026-06-04T13:01:12,일회용라이타,KR1,KR,Ranked Flex,Sean,1137,Silver III (12 LP),710,Bronze III (85 LP)
2026-06-04T13:01:19,떼그라션2,4174,KR,Ranked Flex,Sean,1026,Silver IV (26 LP),647,Bronze III (22 LP)
2026-06-04T13:01:35,떼그라션,4174,KR,Ranked Flex,Sean,1076,Silver IV (76 LP),899,Bronze I (24 LP)
2026-06-04T13:01:45,떼그라숀,4174,KR,Ranked Flex,Sean,1175,Silver III (50 LP),880,Bronze I (5 LP)
2026-06-04T13:01:52,떼그라대,dani,KR,Ranked Flex,Dani,920,Bronze I (45 LP),381,Iron I (6 LP)
2026-06-04T13:02:37,떼그라호,0627,KR,Ranked Flex,함팀장님,1060,Silver IV (60 LP),1001,Silver IV (1 LP)
2026-06-04T13:02:44,qwer,a000,KR,Ranked Flex,함팀장님,1703,Gold III (78 LP),1682,Gold III (57 LP)
2026-06-04T13:02:50,거북이,0627,KR,Ranked Flex,함팀장님,1653,Gold III (28 LP),1514,Gold IV (14 LP)
2026-06-04T13:03:04,떼그라클,k91,KR,Ranked Flex,Michael,877,Bronze I (2 LP),828,Bronze II (78 LP)
2026-06-04T13:03:14,펑키왈숙,6117,KR,Ranked Flex,Motaju,810,Bronze II (60 LP),1047,Silver IV (47 LP)
2026-06-04T13:03:24,떼그라쥬,RTG,KR,Ranked Flex,Motaju,2099,Platinum IV (99 LP),1347,Silver II (97 LP)
2026-06-04T13:03:34,떼그라떼그라떼그라떼그라떼그라떼,kr12,KR,Ranked Flex,Motaju,1371,Silver II (100 LP),802,Bronze II (52 LP)
2026-06-04T16:02:08,일회용라이타,KR1,KR,Ranked Flex,Sean,1137,Silver III (12 LP),710,Bronze III (85 LP)
2026-06-04T16:02:14,떼그라션2,4174,KR,Ranked Flex,Sean,1031,Silver IV (31 LP),647,Bronze III (22 LP)
2026-06-04T16:02:24,떼그라션,4174,KR,Ranked Flex,Sean,1076,Silver IV (76 LP),899,Bronze I (24 LP)
2026-06-04T16:02:37,떼그라숀,4174,KR,Ranked Flex,Sean,1175,Silver III (50 LP),880,Bronze I (5 LP)
2026-06-04T16:02:47,떼그라대,dani,KR,Ranked Flex,Dani,935,Bronze I (60 LP),400,Iron I (25 LP)
2026-06-04T16:02:51,떼그라월,1234,KR,Ranked Flex,Wallace,935,Bronze I (60 LP),690,Bronze III (65 LP)
2026-06-04T16:03:11,떼그라호,0627,KR,Ranked Flex,함팀장님,1060,Silver IV (60 LP),1001,Silver IV (1 LP)
2026-06-04T16:03:21,qwer,a000,KR,Ranked Flex,함팀장님,1401,Silver I (26 LP),1700,Gold III (75 LP)
2026-06-04T16:03:24,거북이,0627,KR,Ranked Flex,함팀장님,1653,Gold III (28 LP),1514,Gold IV (14 LP)
2026-06-04T16:03:38,떼그라클,k91,KR,Ranked Flex,Michael,893,Bronze I (18 LP),848,Bronze II (98 LP)
2026-06-04T16:03:45,펑키왈숙,6117,KR,Ranked Flex,Motaju,810,Bronze II (60 LP),1047,Silver IV (47 LP)
2026-06-04T16:03:54,떼그라쥬,RTG,KR,Ranked Flex,Motaju,2099,Platinum IV (99 LP),1347,Silver II (97 LP)
2026-06-04T16:03:58,떼그라떼그라떼그라떼그라떼그라떼,kr12,KR,Ranked Flex,Motaju,1371,Silver II (100 LP),802,Bronze II (52 LP)
2026-06-04T16:18:57,SasimySean,4174,KR,Ranked Flex,Sean,963,Bronze I (88 LP),840,Bronze II (90 LP)
2026-06-04T16:18:58,일회용라이타,KR1,KR,Ranked Flex,Sean,1137,Silver III (12 LP),710,Bronze III (85 LP)
2026-06-04T16:19:01,떼그라션2,4174,KR,Ranked Flex,Sean,1031,Silver IV (31 LP),647,Bronze III (22 LP)
2026-06-04T16:19:05,떼그라션,4174,KR,Ranked Flex,Sean,1076,Silver IV (76 LP),899,Bronze I (24 LP)
2026-06-04T16:19:07,떼그라숀,4174,KR,Ranked Flex,Sean,1175,Silver III (50 LP),880,Bronze I (5 LP)
2026-06-04T16:19:11,떼그라대,dani,KR,Ranked Flex,Dani,935,Bronze I (60 LP),400,Iron I (25 LP)
2026-06-04T16:19:15,떼그라월,1234,KR,Ranked Flex,Wallace,935,Bronze I (60 LP),690,Bronze III (65 LP)
2026-06-04T16:19:21,떼그라호,0627,KR,Ranked Flex,함팀장님,1060,Silver IV (60 LP),1001,Silver IV (1 LP)
2026-06-04T16:19:23,qwer,a000,KR,Ranked Flex,함팀장님,1401,Silver I (26 LP),1700,Gold III (75 LP)
2026-06-04T16:19:28,거북이,0627,KR,Ranked Flex,함팀장님,1653,Gold III (28 LP),1514,Gold IV (14 LP)
2026-06-04T16:19:36,떼그라클,k91,KR,Ranked Flex,Michael,893,Bronze I (18 LP),848,Bronze II (98 LP)
2026-06-04T16:19:39,펑키왈숙,6117,KR,Ranked Flex,Motaju,810,Bronze II (60 LP),1047,Silver IV (47 LP)
2026-06-04T16:19:41,떼그라쥬,RTG,KR,Ranked Flex,Motaju,2099,Platinum IV (99 LP),1347,Silver II (97 LP)
2026-06-04T16:19:43,떼그라떼그라떼그라떼그라떼그라떼,kr12,KR,Ranked Flex,Motaju,1371,Silver II (100 LP),802,Bronze II (52 LP)
2026-06-04T18:11:00,SasimySean,4174,KR,Ranked Flex,Sean,963,Bronze I (88 LP),840,Bronze II (90 LP)
2026-06-04T18:11:10,일회용라이타,KR1,KR,Ranked Flex,Sean,1137,Silver III (12 LP),710,Bronze III (85 LP)
2026-06-04T18:11:20,떼그라션2,4174,KR,Ranked Flex,Sean,1031,Silver IV (31 LP),647,Bronze III (22 LP)
2026-06-04T18:11:27,떼그라션,4174,KR,Ranked Flex,Sean,1076,Silver IV (76 LP),899,Bronze I (24 LP)
2026-06-04T18:11:40,떼그라숀,4174,KR,Ranked Flex,Sean,1175,Silver III (50 LP),880,Bronze I (5 LP)
2026-06-04T18:11:46,떼그라대,dani,KR,Ranked Flex,Dani,935,Bronze I (60 LP),400,Iron I (25 LP)
2026-06-04T18:12:17,떼그라월,1234,KR,Ranked Flex,Wallace,935,Bronze I (60 LP),690,Bronze III (65 LP)
2026-06-04T18:12:27,떼그라호,0627,KR,Ranked Flex,함팀장님,1060,Silver IV (60 LP),1001,Silver IV (1 LP)
2026-06-04T18:12:34,qwer,a000,KR,Ranked Flex,함팀장님,1401,Silver I (26 LP),1700,Gold III (75 LP)
2026-06-04T18:12:44,거북이,0627,KR,Ranked Flex,함팀장님,1653,Gold III (28 LP),1514,Gold IV (14 LP)
2026-06-04T18:13:03,떼그라클,k91,KR,Ranked Flex,Michael,893,Bronze I (18 LP),848,Bronze II (98 LP)
2026-06-04T18:13:10,펑키왈숙,6117,KR,Ranked Flex,Motaju,810,Bronze II (60 LP),1047,Silver IV (47 LP)
2026-06-04T18:13:26,떼그라쥬,RTG,KR,Ranked Flex,Motaju,2099,Platinum IV (99 LP),1347,Silver II (97 LP)
2026-06-04T18:13:30,떼그라떼그라떼그라떼그라떼그라떼,kr12,KR,Ranked Flex,Motaju,1371,Silver II (100 LP),802,Bronze II (52 LP)
2026-06-04T18:54:14,SasimySean,4174,KR,Ranked Flex,Sean,934,Bronze I (59 LP),828,Bronze II (78 LP)
2026-06-04T18:54:24,일회용라이타,KR1,KR,Ranked Flex,Sean,1137,Silver III (12 LP),710,Bronze III (85 LP)
2026-06-04T18:54:34,떼그라션2,4174,KR,Ranked Flex,Sean,1031,Silver IV (31 LP),647,Bronze III (22 LP)
2026-06-04T18:54:44,떼그라션,4174,KR,Ranked Flex,Sean,1076,Silver IV (76 LP),899,Bronze I (24 LP)
2026-06-04T18:54:54,떼그라숀,4174,KR,Ranked Flex,Sean,1175,Silver III (50 LP),880,Bronze I (5 LP)
2026-06-04T18:55:04,떼그라대,dani,KR,Ranked Flex,Dani,882,Bronze I (7 LP),379,Iron I (4 LP)
2026-06-04T18:55:13,떼그라월,1234,KR,Ranked Flex,Wallace,882,Bronze I (7 LP),669,Bronze III (44 LP)
2026-06-04T18:55:30,떼그라호,0627,KR,Ranked Flex,함팀장님,935,Bronze I (60 LP),1000,Silver IV (0 LP)
2026-06-04T18:55:40,qwer,a000,KR,Ranked Flex,함팀장님,1401,Silver I (26 LP),1700,Gold III (75 LP)
2026-06-04T18:55:50,거북이,0627,KR,Ranked Flex,함팀장님,1653,Gold III (28 LP),1514,Gold IV (14 LP)
2026-06-04T18:56:03,떼그라클,k91,KR,Ranked Flex,Michael,843,Bronze II (93 LP),828,Bronze II (78 LP)
2026-06-04T18:56:13,펑키왈숙,6117,KR,Ranked Flex,Motaju,810,Bronze II (60 LP),1047,Silver IV (47 LP)
2026-06-04T18:56:23,떼그라쥬,RTG,KR,Ranked Flex,Motaju,2099,Platinum IV (99 LP),1347,Silver II (97 LP)
2026-06-04T18:56:33,떼그라떼그라떼그라떼그라떼그라떼,kr12,KR,Ranked Flex,Motaju,1371,Silver II (100 LP),802,Bronze II (52 LP)
2026-06-04T19:26:47,SasimySean,4174,KR,Ranked Flex,Sean,952,Bronze I (77 LP),881,Bronze I (6 LP)
2026-06-04T19:26:57,일회용라이타,KR1,KR,Ranked Flex,Sean,1137,Silver III (12 LP),710,Bronze III (85 LP)
2026-06-04T19:27:07,떼그라션2,4174,KR,Ranked Flex,Sean,1031,Silver IV (31 LP),647,Bronze III (22 LP)
2026-06-04T19:27:14,떼그라션,4174,KR,Ranked Flex,Sean,1076,Silver IV (76 LP),899,Bronze I (24 LP)
2026-06-04T19:27:20,떼그라숀,4174,KR,Ranked Flex,Sean,1175,Silver III (50 LP),880,Bronze I (5 LP)
2026-06-04T19:27:27,떼그라대,dani,KR,Ranked Flex,Dani,887,Bronze I (12 LP),379,Iron I (4 LP)
2026-06-04T19:27:43,떼그라월,1234,KR,Ranked Flex,Wallace,887,Bronze I (12 LP),669,Bronze III (44 LP)
2026-06-04T19:27:57,떼그라호,0627,KR,Ranked Flex,함팀장님,940,Bronze I (65 LP),1017,Silver IV (17 LP)
2026-06-04T19:28:07,qwer,a000,KR,Ranked Flex,함팀장님,1401,Silver I (26 LP),1700,Gold III (75 LP)
2026-06-04T19:28:13,거북이,0627,KR,Ranked Flex,함팀장님,1653,Gold III (28 LP),1514,Gold IV (14 LP)
2026-06-04T19:28:30,떼그라클,k91,KR,Ranked Flex,Michael,848,Bronze II (98 LP),828,Bronze II (78 LP)
2026-06-04T19:28:34,펑키왈숙,6117,KR,Ranked Flex,Motaju,810,Bronze II (60 LP),1047,Silver IV (47 LP)
2026-06-04T19:28:44,떼그라쥬,RTG,KR,Ranked Flex,Motaju,2099,Platinum IV (99 LP),1347,Silver II (97 LP)
2026-06-04T19:28:50,떼그라떼그라떼그라떼그라떼그라떼,kr12,KR,Ranked Flex,Motaju,1365,Silver II (100 LP),802,Bronze II (52 LP)
2026-06-04T19:55:51,SasimySean,4174,KR,Ranked Flex,Sean,970,Bronze I (95 LP),843,Bronze II (93 LP)
2026-06-04T19:55:57,일회용라이타,KR1,KR,Ranked Flex,Sean,1137,Silver III (12 LP),710,Bronze III (85 LP)
2026-06-04T19:56:07,떼그라션2,4174,KR,Ranked Flex,Sean,1031,Silver IV (31 LP),647,Bronze III (22 LP)
2026-06-04T19:56:11,떼그라션,4174,KR,Ranked Flex,Sean,1076,Silver IV (76 LP),899,Bronze I (24 LP)
2026-06-04T19:56:17,떼그라숀,4174,KR,Ranked Flex,Sean,1175,Silver III (50 LP),880,Bronze I (5 LP)
2026-06-04T19:56:34,떼그라대,dani,KR,Ranked Flex,Dani,887,Bronze I (12 LP),379,Iron I (4 LP)
2026-06-04T19:56:43,떼그라월,1234,KR,Ranked Flex,Wallace,887,Bronze I (12 LP),669,Bronze III (44 LP)
2026-06-04T19:56:54,떼그라호,0627,KR,Ranked Flex,함팀장님,960,Bronze I (85 LP),1000,Silver IV (0 LP)
2026-06-04T19:57:00,qwer,a000,KR,Ranked Flex,함팀장님,1401,Silver I (26 LP),1700,Gold III (75 LP)
2026-06-04T19:57:10,거북이,0627,KR,Ranked Flex,함팀장님,1653,Gold III (28 LP),1514,Gold IV (14 LP)
2026-06-04T19:57:24,떼그라클,k91,KR,Ranked Flex,Michael,848,Bronze II (98 LP),828,Bronze II (78 LP)
2026-06-04T19:57:34,펑키왈숙,6117,KR,Ranked Flex,Motaju,810,Bronze II (60 LP),1047,Silver IV (47 LP)
2026-06-04T19:57:40,떼그라쥬,RTG,KR,Ranked Flex,Motaju,2099,Platinum IV (99 LP),1347,Silver II (97 LP)
2026-06-04T19:57:50,떼그라떼그라떼그라떼그라떼그라떼,kr12,KR,Ranked Flex,Motaju,1365,Silver II (100 LP),802,Bronze II (52 LP)
2026-06-04T20:46:05,SasimySean,4174,KR,Ranked Flex,Sean,1020,Silver IV (20 LP),896,Bronze I (21 LP)
2026-06-04T20:46:18,일회용라이타,KR1,KR,Ranked Flex,Sean,1137,Silver III (12 LP),710,Bronze III (85 LP)
2026-06-04T20:46:25,떼그라션2,4174,KR,Ranked Flex,Sean,1031,Silver IV (31 LP),647,Bronze III (22 LP)
2026-06-04T20:46:32,떼그라션,4174,KR,Ranked Flex,Sean,1076,Silver IV (76 LP),899,Bronze I (24 LP)
2026-06-04T20:46:48,떼그라숀,4174,KR,Ranked Flex,Sean,1175,Silver III (50 LP),880,Bronze I (5 LP)
2026-06-04T20:46:58,떼그라대,dani,KR,Ranked Flex,Dani,887,Bronze I (12 LP),379,Iron I (4 LP)
2026-06-04T20:47:20,떼그라월,1234,KR,Ranked Flex,Wallace,887,Bronze I (12 LP),669,Bronze III (44 LP)
2026-06-04T20:47:56,qwer,a000,KR,Ranked Flex,함팀장님,1380,Silver I (5 LP),1700,Gold III (75 LP)
2026-06-04T20:48:03,거북이,0627,KR,Ranked Flex,함팀장님,1653,Gold III (28 LP),1514,Gold IV (14 LP)
2026-06-04T20:48:13,떼그라클,k91,KR,Ranked Flex,Michael,848,Bronze II (98 LP),828,Bronze II (78 LP)
2026-06-04T20:48:23,펑키왈숙,6117,KR,Ranked Flex,Motaju,810,Bronze II (60 LP),1047,Silver IV (47 LP)
2026-06-04T20:48:33,떼그라쥬,RTG,KR,Ranked Flex,Motaju,2099,Platinum IV (99 LP),1347,Silver II (97 LP)
2026-06-04T20:48:43,떼그라떼그라떼그라떼그라떼그라떼,kr12,KR,Ranked Flex,Motaju,1365,Silver II (100 LP),802,Bronze II (52 LP)
2026-06-04T21:23:00,SasimySean,4174,KR,Ranked Flex,Sean,979,Bronze I (100 LP),924,Bronze I (49 LP)
2026-06-04T21:23:10,일회용라이타,KR1,KR,Ranked Flex,Sean,1132,Silver III (7 LP),710,Bronze III (85 LP)
2026-06-04T21:23:20,떼그라션2,4174,KR,Ranked Flex,Sean,1031,Silver IV (31 LP),647,Bronze III (22 LP)
2026-06-04T21:23:27,떼그라션,4174,KR,Ranked Flex,Sean,1081,Silver IV (81 LP),899,Bronze I (24 LP)
2026-06-04T21:23:37,떼그라숀,4174,KR,Ranked Flex,Sean,1175,Silver III (50 LP),880,Bronze I (5 LP)
2026-06-04T21:23:43,떼그라대,dani,KR,Ranked Flex,Dani,887,Bronze I (12 LP),379,Iron I (4 LP)
2026-06-04T21:23:47,떼그라월,1234,KR,Ranked Flex,Wallace,887,Bronze I (12 LP),669,Bronze III (44 LP)
2026-06-04T21:23:57,떼그라호,0627,KR,Ranked Flex,함팀장님,970,Bronze I (95 LP),1032,Silver IV (32 LP)
2026-06-04T21:24:10,qwer,a000,KR,Ranked Flex,함팀장님,1380,Silver I (5 LP),1700,Gold III (75 LP)
2026-06-04T21:24:20,거북이,0627,KR,Ranked Flex,함팀장님,1653,Gold III (28 LP),1514,Gold IV (14 LP)
2026-06-04T21:24:34,떼그라클,k91,KR,Ranked Flex,Michael,848,Bronze II (98 LP),828,Bronze II (78 LP)
2026-06-04T21:24:44,펑키왈숙,6117,KR,Ranked Flex,Motaju,810,Bronze II (60 LP),1047,Silver IV (47 LP)
2026-06-04T21:24:53,떼그라쥬,RTG,KR,Ranked Flex,Motaju,2099,Platinum IV (99 LP),1347,Silver II (97 LP)
2026-06-04T21:25:03,떼그라떼그라떼그라떼그라떼그라떼,kr12,KR,Ranked Flex,Motaju,1365,Silver II (100 LP),802,Bronze II (52 LP)
2026-06-04T21:52:03,SasimySean,4174,KR,Ranked Flex,Sean,1139,Silver III (14 LP),911,Bronze I (36 LP)
2026-06-04T21:52:10,일회용라이타,KR1,KR,Ranked Flex,Sean,1132,Silver III (7 LP),710,Bronze III (85 LP)
2026-06-04T21:52:23,떼그라션2,4174,KR,Ranked Flex,Sean,1031,Silver IV (31 LP),647,Bronze III (22 LP)
2026-06-04T21:52:33,떼그라션,4174,KR,Ranked Flex,Sean,1081,Silver IV (81 LP),899,Bronze I (24 LP)
2026-06-04T21:52:43,떼그라숀,4174,KR,Ranked Flex,Sean,1175,Silver III (50 LP),880,Bronze I (5 LP)
2026-06-04T21:53:02,떼그라대,dani,KR,Ranked Flex,Dani,887,Bronze I (12 LP),379,Iron I (4 LP)
2026-06-04T21:53:09,떼그라월,1234,KR,Ranked Flex,Wallace,887,Bronze I (12 LP),669,Bronze III (44 LP)
2026-06-04T21:53:19,떼그라호,0627,KR,Ranked Flex,함팀장님,1150,Silver III (25 LP),1008,Silver IV (8 LP)
2026-06-04T21:53:32,qwer,a000,KR,Ranked Flex,함팀장님,1380,Silver I (5 LP),1700,Gold III (75 LP)
2026-06-04T21:53:42,거북이,0627,KR,Ranked Flex,함팀장님,1653,Gold III (28 LP),1514,Gold IV (14 LP)
2026-06-04T21:53:53,떼그라클,k91,KR,Ranked Flex,Michael,848,Bronze II (98 LP),828,Bronze II (78 LP)
2026-06-04T21:54:03,펑키왈숙,6117,KR,Ranked Flex,Motaju,810,Bronze II (60 LP),1047,Silver IV (47 LP)
2026-06-04T21:54:13,떼그라쥬,RTG,KR,Ranked Flex,Motaju,2099,Platinum IV (99 LP),1347,Silver II (97 LP)
2026-06-04T21:54:19,떼그라떼그라떼그라떼그라떼그라떼,kr12,KR,Ranked Flex,Motaju,1360,Silver II (100 LP),802,Bronze II (52 LP)
2026-06-04T22:35:13,SasimySean,4174,KR,Ranked Flex,Sean,1133,Silver III (8 LP),938,Bronze I (63 LP)
2026-06-04T22:35:20,일회용라이타,KR1,KR,Ranked Flex,Sean,1132,Silver III (7 LP),710,Bronze III (85 LP)
2026-06-04T22:35:30,떼그라션2,4174,KR,Ranked Flex,Sean,1031,Silver IV (31 LP),647,Bronze III (22 LP)
2026-06-04T22:35:40,떼그라션,4174,KR,Ranked Flex,Sean,1076,Silver IV (76 LP),899,Bronze I (24 LP)
2026-06-04T22:35:50,떼그라숀,4174,KR,Ranked Flex,Sean,1175,Silver III (50 LP),880,Bronze I (5 LP)
2026-06-04T22:36:00,떼그라대,dani,KR,Ranked Flex,Dani,887,Bronze I (12 LP),379,Iron I (4 LP)
2026-06-04T22:36:07,떼그라월,1234,KR,Ranked Flex,Wallace,887,Bronze I (12 LP),669,Bronze III (44 LP)
2026-06-04T22:36:17,떼그라호,0627,KR,Ranked Flex,함팀장님,1145,Silver III (20 LP),1024,Silver IV (24 LP)
2026-06-04T22:36:23,qwer,a000,KR,Ranked Flex,함팀장님,1385,Silver I (10 LP),1700,Gold III (75 LP)
2026-06-04T22:36:30,거북이,0627,KR,Ranked Flex,함팀장님,1653,Gold III (28 LP),1514,Gold IV (14 LP)
2026-06-04T22:36:41,떼그라클,k91,KR,Ranked Flex,Michael,848,Bronze II (98 LP),828,Bronze II (78 LP)
2026-06-04T22:36:50,펑키왈숙,6117,KR,Ranked Flex,Motaju,810,Bronze II (60 LP),1047,Silver IV (47 LP)
2026-06-04T22:37:00,떼그라쥬,RTG,KR,Ranked Flex,Motaju,2099,Platinum IV (99 LP),1347,Silver II (97 LP)
2026-06-04T22:37:14,떼그라떼그라떼그라떼그라떼그라떼,kr12,KR,Ranked Flex,Motaju,1360,Silver II (100 LP),802,Bronze II (52 LP)
2026-06-04T23:15:02,SasimySean,4174,KR,Ranked Flex,Sean,1133,Silver III (8 LP),938,Bronze I (63 LP)
2026-06-04T23:15:05,일회용라이타,KR1,KR,Ranked Flex,Sean,1137,Silver III (12 LP),710,Bronze III (85 LP)
2026-06-04T23:15:12,떼그라션2,4174,KR,Ranked Flex,Sean,1031,Silver IV (31 LP),647,Bronze III (22 LP)
2026-06-04T23:15:25,떼그라션,4174,KR,Ranked Flex,Sean,1076,Silver IV (76 LP),899,Bronze I (24 LP)
2026-06-04T23:15:38,떼그라숀,4174,KR,Ranked Flex,Sean,1175,Silver III (50 LP),880,Bronze I (5 LP)
2026-06-04T23:15:48,떼그라대,dani,KR,Ranked Flex,Dani,887,Bronze I (12 LP),379,Iron I (4 LP)
2026-06-04T23:15:58,떼그라월,1234,KR,Ranked Flex,Wallace,887,Bronze I (12 LP),669,Bronze III (44 LP)
2026-06-04T23:16:12,떼그라호,0627,KR,Ranked Flex,함팀장님,1145,Silver III (20 LP),1024,Silver IV (24 LP)
2026-06-04T23:16:18,qwer,a000,KR,Ranked Flex,함팀장님,1385,Silver I (10 LP),1700,Gold III (75 LP)
2026-06-04T23:16:32,거북이,0627,KR,Ranked Flex,함팀장님,1653,Gold III (28 LP),1514,Gold IV (14 LP)
2026-06-04T23:16:45,떼그라클,k91,KR,Ranked Flex,Michael,848,Bronze II (98 LP),828,Bronze II (78 LP)
2026-06-04T23:16:55,펑키왈숙,6117,KR,Ranked Flex,Motaju,810,Bronze II (60 LP),1047,Silver IV (47 LP)
2026-06-04T23:16:59,떼그라쥬,RTG,KR,Ranked Flex,Motaju,2099,Platinum IV (99 LP),1347,Silver II (97 LP)
2026-06-04T23:17:05,떼그라떼그라떼그라떼그라떼그라떼,kr12,KR,Ranked Flex,Motaju,1360,Silver II (100 LP),802,Bronze II (52 LP)
2026-06-04T23:42:36,SasimySean,4174,KR,Ranked Flex,Sean,1133,Silver III (8 LP),938,Bronze I (63 LP)
2026-06-04T23:42:46,일회용라이타,KR1,KR,Ranked Flex,Sean,1137,Silver III (12 LP),710,Bronze III (85 LP)
2026-06-04T23:42:55,떼그라션2,4174,KR,Ranked Flex,Sean,1031,Silver IV (31 LP),647,Bronze III (22 LP)
2026-06-04T23:43:12,떼그라션,4174,KR,Ranked Flex,Sean,1076,Silver IV (76 LP),899,Bronze I (24 LP)
2026-06-04T23:43:22,떼그라숀,4174,KR,Ranked Flex,Sean,1175,Silver III (50 LP),880,Bronze I (5 LP)
2026-06-04T23:43:28,떼그라대,dani,KR,Ranked Flex,Dani,887,Bronze I (12 LP),379,Iron I (4 LP)
2026-06-04T23:43:35,떼그라월,1234,KR,Ranked Flex,Wallace,887,Bronze I (12 LP),669,Bronze III (44 LP)
2026-06-04T23:43:48,떼그라호,0627,KR,Ranked Flex,함팀장님,1145,Silver III (20 LP),1024,Silver IV (24 LP)
2026-06-04T23:43:58,qwer,a000,KR,Ranked Flex,함팀장님,1385,Silver I (10 LP),1700,Gold III (75 LP)
2026-06-04T23:44:08,거북이,0627,KR,Ranked Flex,함팀장님,1653,Gold III (28 LP),1514,Gold IV (14 LP)
2026-06-04T23:44:18,떼그라클,k91,KR,Ranked Flex,Michael,848,Bronze II (98 LP),828,Bronze II (78 LP)
2026-06-04T23:44:25,펑키왈숙,6117,KR,Ranked Flex,Motaju,810,Bronze II (60 LP),1047,Silver IV (47 LP)
2026-06-04T23:44:35,떼그라쥬,RTG,KR,Ranked Flex,Motaju,2099,Platinum IV (99 LP),1347,Silver II (97 LP)
2026-06-04T23:44:45,떼그라떼그라떼그라떼그라떼그라떼,kr12,KR,Ranked Flex,Motaju,1360,Silver II (100 LP),802,Bronze II (52 LP)
2026-06-05T00:03:28,SasimySean,4174,KR,Ranked Flex,Sean,1133,Silver III (8 LP),938,Bronze I (63 LP)
2026-06-05T00:03:44,일회용라이타,KR1,KR,Ranked Flex,Sean,1137,Silver III (12 LP),710,Bronze III (85 LP)
2026-06-05T00:03:51,떼그라션2,4174,KR,Ranked Flex,Sean,1031,Silver IV (31 LP),647,Bronze III (22 LP)
2026-06-05T00:03:57,떼그라션,4174,KR,Ranked Flex,Sean,1076,Silver IV (76 LP),899,Bronze I (24 LP)
2026-06-05T00:04:04,떼그라숀,4174,KR,Ranked Flex,Sean,1175,Silver III (50 LP),880,Bronze I (5 LP)
2026-06-05T00:04:17,떼그라대,dani,KR,Ranked Flex,Dani,887,Bronze I (12 LP),379,Iron I (4 LP)
2026-06-05T00:04:40,떼그라월,1234,KR,Ranked Flex,Wallace,887,Bronze I (12 LP),669,Bronze III (44 LP)
2026-06-05T00:04:57,떼그라호,0627,KR,Ranked Flex,함팀장님,1145,Silver III (20 LP),1024,Silver IV (24 LP)
2026-06-05T00:05:10,qwer,a000,KR,Ranked Flex,함팀장님,1385,Silver I (10 LP),1700,Gold III (75 LP)
2026-06-05T00:05:13,거북이,0627,KR,Ranked Flex,함팀장님,1653,Gold III (28 LP),1514,Gold IV (14 LP)
2026-06-05T00:05:49,펑키왈숙,6117,KR,Ranked Flex,Motaju,810,Bronze II (60 LP),1047,Silver IV (47 LP)
2026-06-05T00:06:05,떼그라쥬,RTG,KR,Ranked Flex,Motaju,2099,Platinum IV (99 LP),1347,Silver II (97 LP)
2026-06-05T00:06:12,떼그라떼그라떼그라떼그라떼그라떼,kr12,KR,Ranked Flex,Motaju,1360,Silver II (100 LP),802,Bronze II (52 LP)
2026-06-05T13:16:18,SasimySean,4174,KR,Ranked Flex,Sean,1133,Silver III (8 LP),938,Bronze I (63 LP)
2026-06-05T13:16:24,일회용라이타,KR1,KR,Ranked Flex,Sean,1137,Silver III (12 LP),710,Bronze III (85 LP)
2026-06-05T13:16:31,떼그라션2,4174,KR,Ranked Flex,Sean,1031,Silver IV (31 LP),647,Bronze III (22 LP)
2026-06-05T13:16:38,떼그라션,4174,KR,Ranked Flex,Sean,1076,Silver IV (76 LP),899,Bronze I (24 LP)
2026-06-05T13:16:51,떼그라숀,4174,KR,Ranked Flex,Sean,1180,Silver III (55 LP),880,Bronze I (5 LP)
2026-06-05T13:16:58,떼그라대,dani,KR,Ranked Flex,Dani,943,Bronze I (68 LP),379,Iron I (4 LP)
2026-06-05T13:17:11,떼그라월,1234,KR,Ranked Flex,Wallace,943,Bronze I (68 LP),669,Bronze III (44 LP)
2026-06-05T13:17:24,떼그라호,0627,KR,Ranked Flex,함팀장님,1145,Silver III (20 LP),1024,Silver IV (24 LP)
2026-06-05T13:17:34,qwer,a000,KR,Ranked Flex,함팀장님,1566,Gold IV (66 LP),1700,Gold III (75 LP)
2026-06-05T13:17:41,거북이,0627,KR,Ranked Flex,함팀장님,1653,Gold III (28 LP),1514,Gold IV (14 LP)
2026-06-05T13:17:51,떼그라클,k91,KR,Ranked Flex,Michael,894,Bronze I (19 LP),828,Bronze II (78 LP)
2026-06-05T13:17:58,펑키왈숙,6117,KR,Ranked Flex,Motaju,810,Bronze II (60 LP),1047,Silver IV (47 LP)
2026-06-05T13:18:08,떼그라쥬,RTG,KR,Ranked Flex,Motaju,2099,Platinum IV (99 LP),1347,Silver II (97 LP)
2026-06-05T13:18:21,떼그라떼그라떼그라떼그라떼그라떼,kr12,KR,Ranked Flex,Motaju,1360,Silver II (100 LP),802,Bronze II (52 LP)
2026-06-05T15:25:14,qwer,a000,KR,Ranked Flex,함팀장님,1685,Gold III (60 LP),1674,Gold III (49 LP)
2026-06-05T15:46:01,qwer,a000,KR,Ranked Flex,함팀장님,1320,Silver II (70 LP),1674,Gold III (49 LP)
2026-06-05T16:19:30,qwer,a000,KR,Ranked Flex,함팀장님,1320,Silver II (70 LP),1711,Gold III (86 LP)
2026-06-05T17:49:02,qwer,a000,KR,Ranked Flex,함팀장님,1685,Gold III (60 LP),1775,Gold II (25 LP)
2026-06-06T14:21:39,SasimySean,4174,KR,Ranked Flex,Sean,1128,Silver III (3 LP),938,Bronze I (63 LP)
2026-06-06T14:21:49,일회용라이타,KR1,KR,Ranked Flex,Sean,1132,Silver III (7 LP),710,Bronze III (85 LP)
2026-06-06T14:21:59,떼그라션2,4174,KR,Ranked Flex,Sean,1026,Silver IV (26 LP),647,Bronze III (22 LP)
2026-06-06T14:22:04,떼그라션,4174,KR,Ranked Flex,Sean,1076,Silver IV (76 LP),899,Bronze I (24 LP)
2026-06-06T14:22:14,떼그라숀,4174,KR,Ranked Flex,Sean,1180,Silver III (55 LP),880,Bronze I (5 LP)
2026-06-06T14:22:24,떼그라대,dani,KR,Ranked Flex,Dani,800,Bronze II (50 LP),330,Iron II (80 LP)
2026-06-06T14:22:28,떼그라월,1234,KR,Ranked Flex,Wallace,941,Bronze I (66 LP),644,Bronze III (19 LP)
2026-06-06T14:22:51,떼그라호,0627,KR,Ranked Flex,함팀장님,840,Bronze II (90 LP),1051,Silver IV (51 LP)
2026-06-06T14:23:04,qwer,a000,KR,Ranked Flex,함팀장님,1732,Gold III (100 LP),1775,Gold II (25 LP)
2026-06-06T14:23:14,거북이,0627,KR,Ranked Flex,함팀장님,1653,Gold III (28 LP),1514,Gold IV (14 LP)
2026-06-06T14:23:27,떼그라클,k91,KR,Ranked Flex,Michael,1005,Silver IV (5 LP),826,Bronze II (76 LP)
2026-06-06T14:23:34,펑키왈숙,6117,KR,Ranked Flex,Motaju,805,Bronze II (55 LP),1047,Silver IV (47 LP)
2026-06-06T14:23:41,떼그라쥬,RTG,KR,Ranked Flex,Motaju,2099,Platinum IV (99 LP),1347,Silver II (97 LP)
2026-06-06T14:23:47,떼그라떼그라떼그라떼그라떼그라떼,kr12,KR,Ranked Flex,Motaju,1360,Silver II (100 LP),802,Bronze II (52 LP)
2026-06-06T15:53:12,SasimySean,4174,KR,Ranked Flex,Sean,1128,Silver III (3 LP),938,Bronze I (63 LP)
2026-06-06T15:53:19,일회용라이타,KR1,KR,Ranked Flex,Sean,1132,Silver III (7 LP),710,Bronze III (85 LP)
2026-06-06T15:53:26,떼그라션2,4174,KR,Ranked Flex,Sean,1026,Silver IV (26 LP),647,Bronze III (22 LP)
2026-06-06T15:53:35,떼그라션,4174,KR,Ranked Flex,Sean,1076,Silver IV (76 LP),899,Bronze I (24 LP)
2026-06-06T15:53:42,떼그라숀,4174,KR,Ranked Flex,Sean,1180,Silver III (55 LP),880,Bronze I (5 LP)
2026-06-06T15:53:55,떼그라대,dani,KR,Ranked Flex,Dani,795,Bronze II (45 LP),330,Iron II (80 LP)
2026-06-06T15:54:15,떼그라월,1234,KR,Ranked Flex,Wallace,941,Bronze I (66 LP),644,Bronze III (19 LP)
2026-06-06T15:54:25,떼그라호,0627,KR,Ranked Flex,함팀장님,840,Bronze II (90 LP),1051,Silver IV (51 LP)
2026-06-06T15:54:32,qwer,a000,KR,Ranked Flex,함팀장님,1732,Gold III (100 LP),1775,Gold II (25 LP)
2026-06-06T15:54:38,거북이,0627,KR,Ranked Flex,함팀장님,1653,Gold III (28 LP),1514,Gold IV (14 LP)
2026-06-06T15:54:45,떼그라클,k91,KR,Ranked Flex,Michael,1005,Silver IV (5 LP),826,Bronze II (76 LP)
2026-06-06T15:54:52,펑키왈숙,6117,KR,Ranked Flex,Motaju,810,Bronze II (60 LP),1047,Silver IV (47 LP)
2026-06-06T15:55:27,떼그라떼그라떼그라떼그라떼그라떼,kr12,KR,Ranked Flex,Motaju,1360,Silver II (100 LP),802,Bronze II (52 LP)
2026-06-06T15:55:52,떼그라쥬,RTG,KR,Ranked Flex,Motaju,2099,Platinum IV (99 LP),1347,Silver II (97 LP)
2026-06-06T16:47:43,떼그라호,0627,KR,Ranked Flex,함팀장님,887,Bronze I (12 LP),1022,Silver IV (22 LP)
2026-06-06T20:48:17,SasimySean,4174,KR,Ranked Flex,Sean,1133,Silver III (8 LP),938,Bronze I (63 LP)
2026-06-06T20:48:27,일회용라이타,KR1,KR,Ranked Flex,Sean,1132,Silver III (7 LP),710,Bronze III (85 LP)
2026-06-06T20:48:40,떼그라션2,4174,KR,Ranked Flex,Sean,1026,Silver IV (26 LP),647,Bronze III (22 LP)
2026-06-06T20:49:00,떼그라션,4174,KR,Ranked Flex,Sean,1076,Silver IV (76 LP),899,Bronze I (24 LP)
2026-06-06T20:49:10,떼그라숀,4174,KR,Ranked Flex,Sean,1186,Silver III (61 LP),880,Bronze I (5 LP)
2026-06-06T20:49:20,떼그라대,dani,KR,Ranked Flex,Dani,805,Bronze II (55 LP),330,Iron II (80 LP)
2026-06-06T20:49:30,떼그라월,1234,KR,Ranked Flex,Wallace,941,Bronze I (66 LP),644,Bronze III (19 LP)
2026-06-06T20:49:46,떼그라호,0627,KR,Ranked Flex,함팀장님,898,Bronze I (23 LP),1022,Silver IV (22 LP)
2026-06-06T20:50:00,qwer,a000,KR,Ranked Flex,함팀장님,1732,Gold III (100 LP),1775,Gold II (25 LP)
2026-06-06T20:50:10,거북이,0627,KR,Ranked Flex,함팀장님,1648,Gold III (23 LP),1514,Gold IV (14 LP)
2026-06-06T20:50:23,떼그라클,k91,KR,Ranked Flex,Michael,1005,Silver IV (5 LP),826,Bronze II (76 LP)
2026-06-06T20:50:28,펑키왈숙,6117,KR,Ranked Flex,Motaju,810,Bronze II (60 LP),1047,Silver IV (47 LP)
2026-06-06T20:50:38,떼그라쥬,RTG,KR,Ranked Flex,Motaju,2113,Platinum IV (100 LP),1347,Silver II (97 LP)
2026-06-06T20:50:54,떼그라떼그라떼그라떼그라떼그라떼,kr12,KR,Ranked Flex,Motaju,1365,Silver II (100 LP),802,Bronze II (52 LP)
2026-06-07T11:13:28,떼그라월,1234,KR,Ranked Flex,Wallace,941,Bronze I (66 LP),644,Bronze III (19 LP)
2026-06-07T11:13:49,떼그라호,0627,KR,Ranked Flex,함팀장님,898,Bronze I (23 LP),1022,Silver IV (22 LP)
2026-06-07T11:14:54,떼그라클,k91,KR,Ranked Flex,Michael,1005,Silver IV (5 LP),826,Bronze II (76 LP)
2026-06-07T11:15:01,펑키왈숙,6117,KR,Ranked Flex,Motaju,800,Bronze II (50 LP),1047,Silver IV (47 LP)
2026-06-07T11:15:11,떼그라쥬,RTG,KR,Ranked Flex,Motaju,2113,Platinum IV (100 LP),1347,Silver II (97 LP)
2026-06-07T11:15:18,떼그라떼그라떼그라떼그라떼그라떼,kr12,KR,Ranked Flex,Motaju,1365,Silver II (100 LP),802,Bronze II (52 LP)
2026-06-07T12:44:18,SasimySean,4174,KR,Ranked Flex,Sean,1133,Silver III (8 LP),938,Bronze I (63 LP)
2026-06-07T12:44:25,일회용라이타,KR1,KR,Ranked Flex,Sean,1132,Silver III (7 LP),710,Bronze III (85 LP)
2026-06-07T12:44:31,떼그라션2,4174,KR,Ranked Flex,Sean,1016,Silver IV (16 LP),647,Bronze III (22 LP)
2026-06-07T12:44:45,떼그라션,4174,KR,Ranked Flex,Sean,1076,Silver IV (76 LP),899,Bronze I (24 LP)
2026-06-07T12:44:58,떼그라숀,4174,KR,Ranked Flex,Sean,1186,Silver III (61 LP),880,Bronze I (5 LP)
2026-06-07T12:45:08,떼그라대,dani,KR,Ranked Flex,Dani,805,Bronze II (55 LP),330,Iron II (80 LP)
2026-06-07T12:45:15,떼그라월,1234,KR,Ranked Flex,Wallace,941,Bronze I (66 LP),644,Bronze III (19 LP)
2026-06-07T12:45:25,떼그라호,0627,KR,Ranked Flex,함팀장님,898,Bronze I (23 LP),1022,Silver IV (22 LP)
2026-06-07T12:45:32,qwer,a000,KR,Ranked Flex,함팀장님,1743,Gold III (100 LP),1775,Gold II (25 LP)
2026-06-07T12:45:48,거북이,0627,KR,Ranked Flex,함팀장님,1642,Gold III (17 LP),1514,Gold IV (14 LP)
2026-06-07T12:45:59,떼그라클,k91,KR,Ranked Flex,Michael,1005,Silver IV (5 LP),826,Bronze II (76 LP)
2026-06-07T12:46:15,펑키왈숙,6117,KR,Ranked Flex,Motaju,800,Bronze II (50 LP),1047,Silver IV (47 LP)
2026-06-07T12:46:25,떼그라쥬,RTG,KR,Ranked Flex,Motaju,2113,Platinum IV (100 LP),1347,Silver II (97 LP)
2026-06-07T12:46:32,떼그라떼그라떼그라떼그라떼그라떼,kr12,KR,Ranked Flex,Motaju,1365,Silver II (100 LP),802,Bronze II (52 LP)
2026-06-07T22:27:19,SasimySean,4174,KR,Ranked Flex,Sean,1133,Silver III (8 LP),938,Bronze I (63 LP)
2026-06-07T22:27:29,일회용라이타,KR1,KR,Ranked Flex,Sean,1122,Silver IV (100 LP),710,Bronze III (85 LP)
2026-06-07T22:27:39,떼그라션2,4174,KR,Ranked Flex,Sean,1016,Silver IV (16 LP),647,Bronze III (22 LP)
2026-06-07T22:27:49,떼그라션,4174,KR,Ranked Flex,Sean,1081,Silver IV (81 LP),899,Bronze I (24 LP)
2026-06-07T22:27:52,떼그라숀,4174,KR,Ranked Flex,Sean,1191,Silver III (66 LP),880,Bronze I (5 LP)
2026-06-07T22:28:25,떼그라월,1234,KR,Ranked Flex,Wallace,946,Bronze I (71 LP),644,Bronze III (19 LP)
2026-06-07T22:28:35,떼그라호,0627,KR,Ranked Flex,함팀장님,925,Bronze I (50 LP),1017,Silver IV (17 LP)
2026-06-07T22:28:42,qwer,a000,KR,Ranked Flex,함팀장님,1755,Gold II (5 LP),1775,Gold II (25 LP)
2026-06-07T22:28:46,거북이,0627,KR,Ranked Flex,함팀장님,1642,Gold III (17 LP),1514,Gold IV (14 LP)
2026-06-07T22:29:09,떼그라클,k91,KR,Ranked Flex,Michael,1005,Silver IV (5 LP),826,Bronze II (76 LP)
2026-06-07T22:29:16,펑키왈숙,6117,KR,Ranked Flex,Motaju,800,Bronze II (50 LP),1047,Silver IV (47 LP)
2026-06-07T22:29:26,떼그라쥬,RTG,KR,Ranked Flex,Motaju,2113,Platinum IV (100 LP),1347,Silver II (97 LP)
2026-06-07T22:29:33,떼그라떼그라떼그라떼그라떼그라떼,kr12,KR,Ranked Flex,Motaju,1371,Silver II (100 LP),802,Bronze II (52 LP)
2026-06-08T09:26:05,SasimySean,4174,KR,Ranked Flex,Sean,1133,Silver III (8 LP),938,Bronze I (63 LP)
2026-06-08T09:26:25,일회용라이타,KR1,KR,Ranked Flex,Sean,1122,Silver IV (100 LP),710,Bronze III (85 LP)
2026-06-08T09:26:35,떼그라션2,4174,KR,Ranked Flex,Sean,1016,Silver IV (16 LP),647,Bronze III (22 LP)
2026-06-08T09:26:42,떼그라션,4174,KR,Ranked Flex,Sean,1081,Silver IV (81 LP),899,Bronze I (24 LP)
2026-06-08T09:26:49,떼그라숀,4174,KR,Ranked Flex,Sean,1186,Silver III (61 LP),880,Bronze I (5 LP)
2026-06-08T09:26:56,떼그라대,dani,KR,Ranked Flex,Dani,805,Bronze II (55 LP),330,Iron II (80 LP)
2026-06-08T09:27:18,떼그라월,1234,KR,Ranked Flex,Wallace,946,Bronze I (71 LP),644,Bronze III (19 LP)
2026-06-08T09:27:32,떼그라호,0627,KR,Ranked Flex,함팀장님,1210,Silver III (85 LP),1005,Silver IV (5 LP)
2026-06-08T09:27:42,qwer,a000,KR,Ranked Flex,함팀장님,1766,Gold II (16 LP),1775,Gold II (25 LP)
2026-06-08T09:27:52,거북이,0627,KR,Ranked Flex,함팀장님,1637,Gold III (12 LP),1514,Gold IV (14 LP)
2026-06-08T09:28:02,떼그라클,k91,KR,Ranked Flex,Michael,1010,Silver IV (10 LP),826,Bronze II (76 LP)
2026-06-08T09:28:12,펑키왈숙,6117,KR,Ranked Flex,Motaju,800,Bronze II (50 LP),1047,Silver IV (47 LP)
2026-06-08T09:28:29,떼그라쥬,RTG,KR,Ranked Flex,Motaju,2113,Platinum IV (100 LP),1347,Silver II (97 LP)
2026-06-08T09:28:36,떼그라떼그라떼그라떼그라떼그라떼,kr12,KR,Ranked Flex,Motaju,1371,Silver II (100 LP),802,Bronze II (52 LP)
2026-06-08T12:17:23,SasimySean,4174,KR,Ranked Flex,Sean,1133,Silver III (8 LP),938,Bronze I (63 LP)
2026-06-08T12:17:33,일회용라이타,KR1,KR,Ranked Flex,Sean,1122,Silver IV (100 LP),710,Bronze III (85 LP)
2026-06-08T12:17:40,떼그라션2,4174,KR,Ranked Flex,Sean,1016,Silver IV (16 LP),647,Bronze III (22 LP)
2026-06-08T12:17:50,떼그라션,4174,KR,Ranked Flex,Sean,1081,Silver IV (81 LP),899,Bronze I (24 LP)
2026-06-08T12:18:06,떼그라숀,4174,KR,Ranked Flex,Sean,1186,Silver III (61 LP),880,Bronze I (5 LP)
2026-06-08T12:18:13,떼그라대,dani,KR,Ranked Flex,Dani,805,Bronze II (55 LP),330,Iron II (80 LP)
2026-06-08T12:18:17,떼그라월,1234,KR,Ranked Flex,Wallace,946,Bronze I (71 LP),644,Bronze III (19 LP)
2026-06-08T12:18:34,떼그라호,0627,KR,Ranked Flex,함팀장님,1210,Silver III (85 LP),1005,Silver IV (5 LP)
2026-06-08T12:18:44,qwer,a000,KR,Ranked Flex,함팀장님,1766,Gold II (16 LP),1775,Gold II (25 LP)
2026-06-08T12:18:54,거북이,0627,KR,Ranked Flex,함팀장님,1637,Gold III (12 LP),1514,Gold IV (14 LP)
2026-06-08T12:19:04,떼그라클,k91,KR,Ranked Flex,Michael,1010,Silver IV (10 LP),826,Bronze II (76 LP)
2026-06-08T12:19:14,펑키왈숙,6117,KR,Ranked Flex,Motaju,800,Bronze II (50 LP),1047,Silver IV (47 LP)
2026-06-08T12:19:21,떼그라쥬,RTG,KR,Ranked Flex,Motaju,2113,Platinum IV (100 LP),1347,Silver II (97 LP)
2026-06-08T12:19:37,떼그라떼그라떼그라떼그라떼그라떼,kr12,KR,Ranked Flex,Motaju,1371,Silver II (100 LP),802,Bronze II (52 LP)
2026-06-08T13:09:43,SasimySean,4174,KR,Ranked Flex,Sean,1133,Silver III (8 LP),938,Bronze I (63 LP)
2026-06-08T13:10:22,떼그라션2,4174,KR,Ranked Flex,Sean,1016,Silver IV (16 LP),647,Bronze III (22 LP)
2026-06-08T13:10:32,떼그라션,4174,KR,Ranked Flex,Sean,1081,Silver IV (81 LP),899,Bronze I (24 LP)
2026-06-08T13:10:42,떼그라숀,4174,KR,Ranked Flex,Sean,1186,Silver III (61 LP),880,Bronze I (5 LP)
2026-06-08T13:10:52,떼그라대,dani,KR,Ranked Flex,Dani,805,Bronze II (55 LP),330,Iron II (80 LP)
2026-06-08T13:10:59,떼그라월,1234,KR,Ranked Flex,Wallace,946,Bronze I (71 LP),644,Bronze III (19 LP)
2026-06-08T13:11:25,떼그라호,0627,KR,Ranked Flex,함팀장님,1210,Silver III (85 LP),1005,Silver IV (5 LP)
2026-06-08T13:11:35,qwer,a000,KR,Ranked Flex,함팀장님,1766,Gold II (16 LP),1775,Gold II (25 LP)
2026-06-08T13:11:42,거북이,0627,KR,Ranked Flex,함팀장님,1637,Gold III (12 LP),1514,Gold IV (14 LP)
2026-06-08T13:12:02,떼그라클,k91,KR,Ranked Flex,Michael,1010,Silver IV (10 LP),826,Bronze II (76 LP)
2026-06-08T13:12:18,펑키왈숙,6117,KR,Ranked Flex,Motaju,800,Bronze II (50 LP),1047,Silver IV (47 LP)
2026-06-08T13:12:32,떼그라쥬,RTG,KR,Ranked Flex,Motaju,2113,Platinum IV (100 LP),1347,Silver II (97 LP)
2026-06-08T13:12:38,떼그라떼그라떼그라떼그라떼그라떼,kr12,KR,Ranked Flex,Motaju,1371,Silver II (100 LP),802,Bronze II (52 LP)
2026-06-08T13:47:20,SasimySean,4174,KR,Ranked Flex,Sean,1133,Silver III (8 LP),938,Bronze I (63 LP)
2026-06-08T13:47:34,일회용라이타,KR1,KR,Ranked Flex,Sean,1122,Silver IV (100 LP),710,Bronze III (85 LP)
2026-06-08T13:47:40,떼그라션2,4174,KR,Ranked Flex,Sean,850,Bronze II (100 LP),674,Bronze III (49 LP)
2026-06-08T13:47:57,떼그라션,4174,KR,Ranked Flex,Sean,1081,Silver IV (81 LP),899,Bronze I (24 LP)
2026-06-08T13:48:07,떼그라숀,4174,KR,Ranked Flex,Sean,1186,Silver III (61 LP),880,Bronze I (5 LP)
2026-06-08T13:48:13,떼그라대,dani,KR,Ranked Flex,Dani,775,Bronze II (25 LP),349,Iron II (99 LP)
2026-06-08T13:48:23,떼그라월,1234,KR,Ranked Flex,Wallace,775,Bronze II (25 LP),663,Bronze III (38 LP)
2026-06-08T13:48:34,떼그라호,0627,KR,Ranked Flex,함팀장님,1040,Silver IV (40 LP),1022,Silver IV (22 LP)
2026-06-08T13:48:41,qwer,a000,KR,Ranked Flex,함팀장님,1766,Gold II (16 LP),1775,Gold II (25 LP)
2026-06-08T13:48:51,거북이,0627,KR,Ranked Flex,함팀장님,1637,Gold III (12 LP),1514,Gold IV (14 LP)
2026-06-08T13:49:05,떼그라클,k91,KR,Ranked Flex,Michael,920,Bronze I (45 LP),845,Bronze II (95 LP)
2026-06-08T13:49:15,펑키왈숙,6117,KR,Ranked Flex,Motaju,800,Bronze II (50 LP),1047,Silver IV (47 LP)
2026-06-08T13:49:21,떼그라쥬,RTG,KR,Ranked Flex,Motaju,2113,Platinum IV (100 LP),1347,Silver II (97 LP)
2026-06-08T13:49:31,떼그라떼그라떼그라떼그라떼그라떼,kr12,KR,Ranked Flex,Motaju,1371,Silver II (100 LP),802,Bronze II (52 LP)
2026-06-08T15:43:54,SasimySean,4174,KR,Ranked Flex,Sean,1133,Silver III (8 LP),938,Bronze I (63 LP)
2026-06-08T15:44:04,일회용라이타,KR1,KR,Ranked Flex,Sean,1122,Silver IV (100 LP),710,Bronze III (85 LP)
2026-06-08T15:44:11,떼그라션2,4174,KR,Ranked Flex,Sean,850,Bronze II (100 LP),661,Bronze III (36 LP)
2026-06-08T15:44:24,떼그라션,4174,KR,Ranked Flex,Sean,1081,Silver IV (81 LP),899,Bronze I (24 LP)
2026-06-08T15:44:37,떼그라숀,4174,KR,Ranked Flex,Sean,1186,Silver III (61 LP),880,Bronze I (5 LP)
2026-06-08T15:44:53,떼그라대,dani,KR,Ranked Flex,Dani,775,Bronze II (25 LP),329,Iron II (79 LP)
2026-06-08T15:45:00,떼그라월,1234,KR,Ranked Flex,Wallace,775,Bronze II (25 LP),663,Bronze III (38 LP)
2026-06-08T15:45:24,떼그라호,0627,KR,Ranked Flex,함팀장님,1040,Silver IV (40 LP),1000,Silver IV (0 LP)
2026-06-08T15:45:37,qwer,a000,KR,Ranked Flex,함팀장님,1766,Gold II (16 LP),1775,Gold II (25 LP)
2026-06-08T15:45:44,거북이,0627,KR,Ranked Flex,함팀장님,1637,Gold III (12 LP),1514,Gold IV (14 LP)
2026-06-08T15:45:57,떼그라클,k91,KR,Ranked Flex,Michael,920,Bronze I (45 LP),824,Bronze II (74 LP)
2026-06-08T15:46:07,펑키왈숙,6117,KR,Ranked Flex,Motaju,800,Bronze II (50 LP),1047,Silver IV (47 LP)
2026-06-08T15:46:14,떼그라쥬,RTG,KR,Ranked Flex,Motaju,2113,Platinum IV (100 LP),1347,Silver II (97 LP)
2026-06-08T15:46:30,떼그라떼그라떼그라떼그라떼그라떼,kr12,KR,Ranked Flex,Motaju,1371,Silver II (100 LP),802,Bronze II (52 LP)
2026-06-08T17:18:35,SasimySean,4174,KR,Ranked Flex,Sean,1133,Silver III (8 LP),938,Bronze I (63 LP)
2026-06-08T17:18:45,일회용라이타,KR1,KR,Ranked Flex,Sean,1122,Silver IV (100 LP),710,Bronze III (85 LP)
2026-06-08T17:19:24,떼그라션,4174,KR,Ranked Flex,Sean,1081,Silver IV (81 LP),899,Bronze I (24 LP)
2026-06-08T17:19:31,떼그라숀,4174,KR,Ranked Flex,Sean,1186,Silver III (61 LP),880,Bronze I (5 LP)
2026-06-08T17:19:41,떼그라대,dani,KR,Ranked Flex,Dani,775,Bronze II (25 LP),329,Iron II (79 LP)
2026-06-08T17:19:48,떼그라월,1234,KR,Ranked Flex,Wallace,775,Bronze II (25 LP),663,Bronze III (38 LP)
2026-06-08T17:20:01,떼그라호,0627,KR,Ranked Flex,함팀장님,1040,Silver IV (40 LP),1000,Silver IV (0 LP)
2026-06-08T17:20:17,qwer,a000,KR,Ranked Flex,함팀장님,1766,Gold II (16 LP),1775,Gold II (25 LP)
2026-06-08T17:20:24,거북이,0627,KR,Ranked Flex,함팀장님,1637,Gold III (12 LP),1514,Gold IV (14 LP)
2026-06-08T17:20:35,떼그라클,k91,KR,Ranked Flex,Michael,920,Bronze I (45 LP),824,Bronze II (74 LP)
2026-06-08T17:20:42,펑키왈숙,6117,KR,Ranked Flex,Motaju,800,Bronze II (50 LP),1047,Silver IV (47 LP)
2026-06-08T17:20:49,떼그라쥬,RTG,KR,Ranked Flex,Motaju,2113,Platinum IV (100 LP),1347,Silver II (97 LP)
2026-06-08T17:20:55,떼그라떼그라떼그라떼그라떼그라떼,kr12,KR,Ranked Flex,Motaju,1371,Silver II (100 LP),802,Bronze II (52 LP)
2026-06-08T17:51:29,일회용라이타,KR1,KR,Ranked Flex,Sean,1117,Silver IV (100 LP),710,Bronze III (85 LP)
2026-06-08T17:51:35,떼그라션2,4174,KR,Ranked Flex,Sean,850,Bronze II (100 LP),661,Bronze III (36 LP)
2026-06-08T17:51:48,떼그라션,4174,KR,Ranked Flex,Sean,1081,Silver IV (81 LP),899,Bronze I (24 LP)
2026-06-08T17:51:58,떼그라숀,4174,KR,Ranked Flex,Sean,1186,Silver III (61 LP),880,Bronze I (5 LP)
2026-06-08T17:52:18,떼그라대,dani,KR,Ranked Flex,Dani,775,Bronze II (25 LP),329,Iron II (79 LP)
2026-06-08T17:52:31,떼그라월,1234,KR,Ranked Flex,Wallace,775,Bronze II (25 LP),663,Bronze III (38 LP)
2026-06-08T17:52:47,떼그라호,0627,KR,Ranked Flex,함팀장님,1040,Silver IV (40 LP),1000,Silver IV (0 LP)
2026-06-08T17:53:04,qwer,a000,KR,Ranked Flex,함팀장님,1777,Gold II (27 LP),1775,Gold II (25 LP)
2026-06-08T17:53:10,거북이,0627,KR,Ranked Flex,함팀장님,1637,Gold III (12 LP),1514,Gold IV (14 LP)
2026-06-08T17:53:21,떼그라클,k91,KR,Ranked Flex,Michael,920,Bronze I (45 LP),824,Bronze II (74 LP)
2026-06-08T17:53:31,펑키왈숙,6117,KR,Ranked Flex,Motaju,800,Bronze II (50 LP),1047,Silver IV (47 LP)
2026-06-08T17:53:34,떼그라쥬,RTG,KR,Ranked Flex,Motaju,2113,Platinum IV (100 LP),1347,Silver II (97 LP)
2026-06-08T17:53:41,떼그라떼그라떼그라떼그라떼그라떼,kr12,KR,Ranked Flex,Motaju,1371,Silver II (100 LP),802,Bronze II (52 LP)
2026-06-08T18:27:20,SasimySean,4174,KR,Ranked Flex,Sean,1133,Silver III (8 LP),938,Bronze I (63 LP)
2026-06-08T18:27:40,일회용라이타,KR1,KR,Ranked Flex,Sean,1122,Silver IV (100 LP),710,Bronze III (85 LP)
2026-06-08T18:27:50,떼그라션2,4174,KR,Ranked Flex,Sean,850,Bronze II (100 LP),661,Bronze III (36 LP)
2026-06-08T18:28:35,떼그라숀,4174,KR,Ranked Flex,Sean,1186,Silver III (61 LP),880,Bronze I (5 LP)
2026-06-08T18:28:42,떼그라대,dani,KR,Ranked Flex,Dani,775,Bronze II (25 LP),329,Iron II (79 LP)
2026-06-08T18:28:49,떼그라월,1234,KR,Ranked Flex,Wallace,775,Bronze II (25 LP),663,Bronze III (38 LP)
2026-06-08T18:29:11,떼그라호,0627,KR,Ranked Flex,함팀장님,1040,Silver IV (40 LP),1000,Silver IV (0 LP)
2026-06-08T18:29:31,qwer,a000,KR,Ranked Flex,함팀장님,1756,Gold II (6 LP),1754,Gold II (4 LP)
2026-06-08T18:29:38,거북이,0627,KR,Ranked Flex,함팀장님,1637,Gold III (12 LP),1514,Gold IV (14 LP)
2026-06-08T18:29:54,떼그라클,k91,KR,Ranked Flex,Michael,920,Bronze I (45 LP),824,Bronze II (74 LP)
2026-06-08T18:30:01,펑키왈숙,6117,KR,Ranked Flex,Motaju,800,Bronze II (50 LP),1047,Silver IV (47 LP)
2026-06-08T18:30:08,떼그라쥬,RTG,KR,Ranked Flex,Motaju,2113,Platinum IV (100 LP),1347,Silver II (97 LP)
2026-06-08T18:30:18,떼그라떼그라떼그라떼그라떼그라떼,kr12,KR,Ranked Flex,Motaju,1371,Silver II (100 LP),802,Bronze II (52 LP)
2026-06-08T18:49:42,SasimySean,4174,KR,Ranked Flex,Sean,1133,Silver III (8 LP),938,Bronze I (63 LP)
2026-06-08T18:49:58,일회용라이타,KR1,KR,Ranked Flex,Sean,1122,Silver IV (100 LP),710,Bronze III (85 LP)
2026-06-08T18:50:05,떼그라션2,4174,KR,Ranked Flex,Sean,748,Bronze III (100 LP),688,Bronze III (63 LP)
2026-06-08T18:50:12,떼그라션,4174,KR,Ranked Flex,Sean,1081,Silver IV (81 LP),899,Bronze I (24 LP)
2026-06-08T18:50:18,떼그라숀,4174,KR,Ranked Flex,Sean,1186,Silver III (61 LP),880,Bronze I (5 LP)
2026-06-08T18:50:35,떼그라대,dani,KR,Ranked Flex,Dani,764,Bronze II (14 LP),348,Iron II (98 LP)
2026-06-08T18:50:41,떼그라월,1234,KR,Ranked Flex,Wallace,764,Bronze II (14 LP),682,Bronze III (57 LP)
2026-06-08T18:50:52,떼그라호,0627,KR,Ranked Flex,함팀장님,701,Bronze III (76 LP),1018,Silver IV (18 LP)
2026-06-08T18:51:02,qwer,a000,KR,Ranked Flex,함팀장님,1756,Gold II (6 LP),1754,Gold II (4 LP)
2026-06-08T18:51:18,거북이,0627,KR,Ranked Flex,함팀장님,1637,Gold III (12 LP),1514,Gold IV (14 LP)
2026-06-08T18:51:31,떼그라클,k91,KR,Ranked Flex,Michael,740,Bronze III (100 LP),843,Bronze II (93 LP)
2026-06-08T18:51:48,펑키왈숙,6117,KR,Ranked Flex,Motaju,800,Bronze II (50 LP),1047,Silver IV (47 LP)
2026-06-08T18:51:54,떼그라쥬,RTG,KR,Ranked Flex,Motaju,2113,Platinum IV (100 LP),1347,Silver II (97 LP)
2026-06-08T18:52:11,떼그라떼그라떼그라떼그라떼그라떼,kr12,KR,Ranked Flex,Motaju,1371,Silver II (100 LP),802,Bronze II (52 LP)
2026-06-08T19:44:26,SasimySean,4174,KR,Ranked Flex,Sean,1133,Silver III (8 LP),938,Bronze I (63 LP)
2026-06-08T19:44:36,일회용라이타,KR1,KR,Ranked Flex,Sean,1122,Silver IV (100 LP),710,Bronze III (85 LP)
2026-06-08T19:44:46,떼그라션2,4174,KR,Ranked Flex,Sean,720,Bronze III (95 LP),716,Bronze III (91 LP)
2026-06-08T19:44:59,떼그라션,4174,KR,Ranked Flex,Sean,1081,Silver IV (81 LP),899,Bronze I (24 LP)
2026-06-08T19:45:21,떼그라숀,4174,KR,Ranked Flex,Sean,1186,Silver III (61 LP),880,Bronze I (5 LP)
2026-06-08T19:45:31,떼그라대,dani,KR,Ranked Flex,Dani,738,Bronze III (100 LP),393,Iron I (18 LP)
2026-06-08T19:45:38,떼그라월,1234,KR,Ranked Flex,Wallace,738,Bronze III (100 LP),701,Bronze III (76 LP)
2026-06-08T19:46:17,떼그라호,0627,KR,Ranked Flex,함팀장님,669,Bronze III (44 LP),1036,Silver IV (36 LP)
2026-06-08T19:46:27,qwer,a000,KR,Ranked Flex,함팀장님,1756,Gold II (6 LP),1754,Gold II (4 LP)
2026-06-08T19:46:40,거북이,0627,KR,Ranked Flex,함팀장님,1637,Gold III (12 LP),1514,Gold IV (14 LP)
2026-06-08T19:47:00,떼그라클,k91,KR,Ranked Flex,Michael,715,Bronze III (90 LP),887,Bronze I (12 LP)
2026-06-08T19:47:10,펑키왈숙,6117,KR,Ranked Flex,Motaju,800,Bronze II (50 LP),1047,Silver IV (47 LP)
2026-06-08T19:47:16,떼그라쥬,RTG,KR,Ranked Flex,Motaju,2113,Platinum IV (100 LP),1347,Silver II (97 LP)
2026-06-08T19:47:26,떼그라떼그라떼그라떼그라떼그라떼,kr12,KR,Ranked Flex,Motaju,1371,Silver II (100 LP),802,Bronze II (52 LP)
2026-06-08T21:58:56,SasimySean,4174,KR,Ranked Flex,Sean,1133,Silver III (8 LP),938,Bronze I (63 LP)
2026-06-08T21:59:09,일회용라이타,KR1,KR,Ranked Flex,Sean,1122,Silver IV (100 LP),710,Bronze III (85 LP)
2026-06-08T21:59:16,떼그라션2,4174,KR,Ranked Flex,Sean,715,Bronze III (90 LP),769,Bronze II (19 LP)
2026-06-08T21:59:29,떼그라션,4174,KR,Ranked Flex,Sean,1081,Silver IV (81 LP),899,Bronze I (24 LP)
2026-06-08T21:59:39,떼그라숀,4174,KR,Ranked Flex,Sean,1180,Silver III (55 LP),880,Bronze I (5 LP)
2026-06-08T21:59:49,떼그라대,dani,KR,Ranked Flex,Dani,732,Bronze III (100 LP),413,Iron I (38 LP)
2026-06-08T21:59:59,떼그라월,1234,KR,Ranked Flex,Wallace,732,Bronze III (100 LP),720,Bronze III (95 LP)
2026-06-08T22:00:09,떼그라호,0627,KR,Ranked Flex,함팀장님,664,Bronze III (39 LP),1054,Silver IV (54 LP)
2026-06-08T22:00:17,qwer,a000,KR,Ranked Flex,함팀장님,1763,Gold II (13 LP),1754,Gold II (4 LP)
2026-06-08T22:00:56,떼그라클,k91,KR,Ranked Flex,Michael,710,Bronze III (85 LP),907,Bronze I (32 LP)
2026-06-08T22:01:06,펑키왈숙,6117,KR,Ranked Flex,Motaju,800,Bronze II (50 LP),1047,Silver IV (47 LP)
2026-06-08T22:01:16,떼그라쥬,RTG,KR,Ranked Flex,Motaju,2113,Platinum IV (100 LP),1347,Silver II (97 LP)
2026-06-09T08:49:03,SasimySean,4174,KR,Ranked Flex,Sean,1133,Silver III (8 LP),938,Bronze I (63 LP)
2026-06-09T08:49:13,일회용라이타,KR1,KR,Ranked Flex,Sean,1127,Silver III (2 LP),710,Bronze III (85 LP)
2026-06-09T08:49:20,떼그라션2,4174,KR,Ranked Flex,Sean,715,Bronze III (90 LP),769,Bronze II (19 LP)
2026-06-09T08:49:27,떼그라션,4174,KR,Ranked Flex,Sean,1081,Silver IV (81 LP),899,Bronze I (24 LP)
2026-06-09T08:49:33,떼그라숀,4174,KR,Ranked Flex,Sean,1186,Silver III (61 LP),880,Bronze I (5 LP)
2026-06-09T08:49:43,떼그라대,dani,KR,Ranked Flex,Dani,732,Bronze III (100 LP),413,Iron I (38 LP)
2026-06-09T08:50:00,떼그라월,1234,KR,Ranked Flex,Wallace,732,Bronze III (100 LP),720,Bronze III (95 LP)
2026-06-09T08:50:13,떼그라호,0627,KR,Ranked Flex,함팀장님,930,Bronze I (55 LP),1028,Silver IV (28 LP)
2026-06-09T08:50:23,qwer,a000,KR,Ranked Flex,함팀장님,1763,Gold II (13 LP),1754,Gold II (4 LP)
2026-06-09T08:50:33,거북이,0627,KR,Ranked Flex,함팀장님,1632,Gold III (7 LP),1514,Gold IV (14 LP)
2026-06-09T08:50:46,떼그라클,k91,KR,Ranked Flex,Michael,959,Bronze I (84 LP),907,Bronze I (32 LP)
2026-06-09T08:50:53,펑키왈숙,6117,KR,Ranked Flex,Motaju,800,Bronze II (50 LP),1047,Silver IV (47 LP)
2026-06-09T08:51:00,떼그라쥬,RTG,KR,Ranked Flex,Motaju,2113,Platinum IV (100 LP),1347,Silver II (97 LP)
2026-06-09T08:51:07,떼그라떼그라떼그라떼그라떼그라떼,kr12,KR,Ranked Flex,Motaju,1365,Silver II (100 LP),802,Bronze II (52 LP)
2026-06-09T15:03:43,SasimySean,4174,KR,Ranked Flex,Sean,1133,Silver III (8 LP),938,Bronze I (63 LP)
2026-06-09T15:03:47,일회용라이타,KR1,KR,Ranked Flex,Sean,1127,Silver III (2 LP),710,Bronze III (85 LP)
2026-06-09T15:03:54,떼그라션2,4174,KR,Ranked Flex,Sean,715,Bronze III (90 LP),769,Bronze II (19 LP)
2026-06-09T15:04:04,떼그라션,4174,KR,Ranked Flex,Sean,1081,Silver IV (81 LP),899,Bronze I (24 LP)
2026-06-09T15:04:14,떼그라숀,4174,KR,Ranked Flex,Sean,1186,Silver III (61 LP),880,Bronze I (5 LP)
2026-06-09T15:04:18,떼그라대,dani,KR,Ranked Flex,Dani,740,Bronze III (100 LP),393,Iron I (18 LP)
2026-06-09T15:04:25,떼그라월,1234,KR,Ranked Flex,Wallace,740,Bronze III (100 LP),699,Bronze III (74 LP)
2026-06-09T15:04:41,떼그라호,0627,KR,Ranked Flex,함팀장님,930,Bronze I (55 LP),1028,Silver IV (28 LP)
2026-06-09T15:04:51,qwer,a000,KR,Ranked Flex,함팀장님,1702,Gold III (77 LP),1792,Gold II (42 LP)
2026-06-09T15:05:01,거북이,0627,KR,Ranked Flex,함팀장님,1632,Gold III (7 LP),1514,Gold IV (14 LP)
2026-06-09T15:05:23,떼그라클,k91,KR,Ranked Flex,Michael,925,Bronze I (50 LP),906,Bronze I (31 LP)
2026-06-09T15:05:33,펑키왈숙,6117,KR,Ranked Flex,Motaju,800,Bronze II (50 LP),1047,Silver IV (47 LP)
2026-06-09T15:05:46,떼그라쥬,RTG,KR,Ranked Flex,Motaju,2113,Platinum IV (100 LP),1347,Silver II (97 LP)
2026-06-09T15:05:56,떼그라떼그라떼그라떼그라떼그라떼,kr12,KR,Ranked Flex,Motaju,1365,Silver II (100 LP),802,Bronze II (52 LP)
2026-06-09T16:03:39,SasimySean,4174,KR,Ranked Flex,Sean,1133,Silver III (8 LP),938,Bronze I (63 LP)
2026-06-09T16:03:52,일회용라이타,KR1,KR,Ranked Flex,Sean,1127,Silver III (2 LP),710,Bronze III (85 LP)
2026-06-09T16:04:27,떼그라션,4174,KR,Ranked Flex,Sean,1081,Silver IV (81 LP),899,Bronze I (24 LP)
2026-06-09T16:04:34,떼그라숀,4174,KR,Ranked Flex,Sean,1186,Silver III (61 LP),880,Bronze I (5 LP)
2026-06-09T16:04:47,떼그라대,dani,KR,Ranked Flex,Dani,740,Bronze III (100 LP),393,Iron I (18 LP)
2026-06-09T16:04:57,떼그라월,1234,KR,Ranked Flex,Wallace,740,Bronze III (100 LP),699,Bronze III (74 LP)
2026-06-09T16:05:11,떼그라호,0627,KR,Ranked Flex,함팀장님,930,Bronze I (55 LP),1028,Silver IV (28 LP)
2026-06-09T16:05:18,qwer,a000,KR,Ranked Flex,함팀장님,1702,Gold III (77 LP),1792,Gold II (42 LP)
2026-06-09T16:05:27,거북이,0627,KR,Ranked Flex,함팀장님,1632,Gold III (7 LP),1514,Gold IV (14 LP)
2026-06-09T16:05:35,떼그라클,k91,KR,Ranked Flex,Michael,929,Bronze I (54 LP),906,Bronze I (31 LP)
2026-06-09T16:05:51,펑키왈숙,6117,KR,Ranked Flex,Motaju,800,Bronze II (50 LP),1047,Silver IV (47 LP)
2026-06-09T16:06:01,떼그라쥬,RTG,KR,Ranked Flex,Motaju,2113,Platinum IV (100 LP),1347,Silver II (97 LP)
2026-06-09T16:06:05,떼그라떼그라떼그라떼그라떼그라떼,kr12,KR,Ranked Flex,Motaju,1365,Silver II (100 LP),802,Bronze II (52 LP)
2026-06-09T16:38:47,SasimySean,4174,KR,Ranked Flex,Sean,1133,Silver III (8 LP),938,Bronze I (63 LP)
2026-06-09T16:39:00,일회용라이타,KR1,KR,Ranked Flex,Sean,1127,Silver III (2 LP),710,Bronze III (85 LP)
2026-06-09T16:39:10,떼그라션2,4174,KR,Ranked Flex,Sean,715,Bronze III (90 LP),769,Bronze II (19 LP)
2026-06-09T16:39:23,떼그라션,4174,KR,Ranked Flex,Sean,1081,Silver IV (81 LP),899,Bronze I (24 LP)
2026-06-09T16:39:33,떼그라숀,4174,KR,Ranked Flex,Sean,1186,Silver III (61 LP),880,Bronze I (5 LP)
2026-06-09T16:39:46,떼그라대,dani,KR,Ranked Flex,Dani,740,Bronze III (100 LP),393,Iron I (18 LP)
2026-06-09T16:39:52,떼그라월,1234,KR,Ranked Flex,Wallace,740,Bronze III (100 LP),699,Bronze III (74 LP)
2026-06-09T16:40:03,떼그라호,0627,KR,Ranked Flex,함팀장님,930,Bronze I (55 LP),1028,Silver IV (28 LP)
2026-06-09T16:40:16,qwer,a000,KR,Ranked Flex,함팀장님,1702,Gold III (77 LP),1792,Gold II (42 LP)
2026-06-09T16:40:29,거북이,0627,KR,Ranked Flex,함팀장님,1632,Gold III (7 LP),1514,Gold IV (14 LP)
2026-06-09T16:40:52,떼그라클,k91,KR,Ranked Flex,Michael,929,Bronze I (54 LP),906,Bronze I (31 LP)
2026-06-09T16:41:01,펑키왈숙,6117,KR,Ranked Flex,Motaju,800,Bronze II (50 LP),1047,Silver IV (47 LP)
2026-06-09T16:41:05,떼그라쥬,RTG,KR,Ranked Flex,Motaju,2113,Platinum IV (100 LP),1347,Silver II (97 LP)
2026-06-09T16:41:15,떼그라떼그라떼그라떼그라떼그라떼,kr12,KR,Ranked Flex,Motaju,1365,Silver II (100 LP),802,Bronze II (52 LP)
2026-06-09T17:23:26,SasimySean,4174,KR,Ranked Flex,Sean,1133,Silver III (8 LP),938,Bronze I (63 LP)
2026-06-09T17:23:36,일회용라이타,KR1,KR,Ranked Flex,Sean,1127,Silver III (2 LP),710,Bronze III (85 LP)
2026-06-09T17:23:43,떼그라션2,4174,KR,Ranked Flex,Sean,715,Bronze III (90 LP),769,Bronze II (19 LP)
2026-06-09T17:23:53,떼그라션,4174,KR,Ranked Flex,Sean,1081,Silver IV (81 LP),899,Bronze I (24 LP)
2026-06-09T17:24:03,떼그라숀,4174,KR,Ranked Flex,Sean,1186,Silver III (61 LP),880,Bronze I (5 LP)
2026-06-09T17:24:13,떼그라대,dani,KR,Ranked Flex,Dani,746,Bronze III (100 LP),393,Iron I (18 LP)
2026-06-09T17:24:19,떼그라월,1234,KR,Ranked Flex,Wallace,746,Bronze III (100 LP),699,Bronze III (74 LP)
2026-06-09T17:24:33,떼그라호,0627,KR,Ranked Flex,함팀장님,930,Bronze I (55 LP),1028,Silver IV (28 LP)
2026-06-09T17:24:52,qwer,a000,KR,Ranked Flex,함팀장님,1702,Gold III (77 LP),1792,Gold II (42 LP)
2026-06-09T17:24:59,거북이,0627,KR,Ranked Flex,함팀장님,1632,Gold III (7 LP),1514,Gold IV (14 LP)
2026-06-09T17:25:12,떼그라클,k91,KR,Ranked Flex,Michael,929,Bronze I (54 LP),906,Bronze I (31 LP)
2026-06-09T17:25:29,펑키왈숙,6117,KR,Ranked Flex,Motaju,800,Bronze II (50 LP),1047,Silver IV (47 LP)
2026-06-09T17:25:35,떼그라쥬,RTG,KR,Ranked Flex,Motaju,2113,Platinum IV (100 LP),1347,Silver II (97 LP)
2026-06-09T17:25:55,떼그라떼그라떼그라떼그라떼그라떼,kr12,KR,Ranked Flex,Motaju,1365,Silver II (100 LP),802,Bronze II (52 LP)
2026-06-09T18:01:08,SasimySean,4174,KR,Ranked Flex,Sean,1133,Silver III (8 LP),938,Bronze I (63 LP)
2026-06-09T18:01:15,일회용라이타,KR1,KR,Ranked Flex,Sean,1127,Silver III (2 LP),710,Bronze III (85 LP)
2026-06-09T18:01:28,떼그라션2,4174,KR,Ranked Flex,Sean,720,Bronze III (95 LP),769,Bronze II (19 LP)
2026-06-09T18:01:41,떼그라션,4174,KR,Ranked Flex,Sean,1081,Silver IV (81 LP),899,Bronze I (24 LP)
2026-06-09T18:01:54,떼그라숀,4174,KR,Ranked Flex,Sean,1186,Silver III (61 LP),880,Bronze I (5 LP)
2026-06-09T18:02:01,떼그라대,dani,KR,Ranked Flex,Dani,746,Bronze III (100 LP),393,Iron I (18 LP)
2026-06-09T18:02:08,떼그라월,1234,KR,Ranked Flex,Wallace,746,Bronze III (100 LP),699,Bronze III (74 LP)
2026-06-09T18:02:15,떼그라호,0627,KR,Ranked Flex,함팀장님,930,Bronze I (55 LP),1028,Silver IV (28 LP)
2026-06-09T18:02:25,qwer,a000,KR,Ranked Flex,함팀장님,1702,Gold III (77 LP),1792,Gold II (42 LP)
2026-06-09T18:02:35,거북이,0627,KR,Ranked Flex,함팀장님,1632,Gold III (7 LP),1514,Gold IV (14 LP)
2026-06-09T18:02:48,떼그라클,k91,KR,Ranked Flex,Michael,920,Bronze I (45 LP),926,Bronze I (51 LP)
2026-06-09T18:03:01,펑키왈숙,6117,KR,Ranked Flex,Motaju,800,Bronze II (50 LP),1047,Silver IV (47 LP)
2026-06-09T18:03:08,떼그라쥬,RTG,KR,Ranked Flex,Motaju,2113,Platinum IV (100 LP),1347,Silver II (97 LP)
2026-06-09T18:03:11,떼그라떼그라떼그라떼그라떼그라떼,kr12,KR,Ranked Flex,Motaju,1365,Silver II (100 LP),802,Bronze II (52 LP)
2026-06-09T18:29:06,SasimySean,4174,KR,Ranked Flex,Sean,1133,Silver III (8 LP),938,Bronze I (63 LP)
2026-06-09T18:29:16,일회용라이타,KR1,KR,Ranked Flex,Sean,1127,Silver III (2 LP),710,Bronze III (85 LP)
2026-06-09T18:29:23,떼그라션2,4174,KR,Ranked Flex,Sean,777,Bronze II (27 LP),797,Bronze II (47 LP)
2026-06-09T18:29:32,떼그라션,4174,KR,Ranked Flex,Sean,1081,Silver IV (81 LP),899,Bronze I (24 LP)
2026-06-09T18:29:42,떼그라숀,4174,KR,Ranked Flex,Sean,1186,Silver III (61 LP),880,Bronze I (5 LP)
2026-06-09T18:29:49,떼그라대,dani,KR,Ranked Flex,Dani,784,Bronze II (34 LP),413,Iron I (38 LP)
2026-06-09T18:29:56,떼그라월,1234,KR,Ranked Flex,Wallace,784,Bronze II (34 LP),718,Bronze III (93 LP)
2026-06-09T18:30:06,떼그라호,0627,KR,Ranked Flex,함팀장님,810,Bronze II (60 LP),1046,Silver IV (46 LP)
2026-06-09T18:30:25,qwer,a000,KR,Ranked Flex,함팀장님,1702,Gold III (77 LP),1792,Gold II (42 LP)
2026-06-09T18:30:32,거북이,0627,KR,Ranked Flex,함팀장님,1632,Gold III (7 LP),1514,Gold IV (14 LP)
2026-06-09T18:30:46,떼그라클,k91,KR,Ranked Flex,Michael,968,Bronze I (93 LP),946,Bronze I (71 LP)
2026-06-09T18:30:53,펑키왈숙,6117,KR,Ranked Flex,Motaju,800,Bronze II (50 LP),1047,Silver IV (47 LP)
2026-06-09T18:31:03,떼그라쥬,RTG,KR,Ranked Flex,Motaju,2113,Platinum IV (100 LP),1347,Silver II (97 LP)
2026-06-09T18:31:19,떼그라떼그라떼그라떼그라떼그라떼,kr12,KR,Ranked Flex,Motaju,1365,Silver II (100 LP),802,Bronze II (52 LP)
2026-06-09T19:10:56,SasimySean,4174,KR,Ranked Flex,Sean,1133,Silver III (8 LP),938,Bronze I (63 LP)
2026-06-09T19:11:06,일회용라이타,KR1,KR,Ranked Flex,Sean,1127,Silver III (2 LP),710,Bronze III (85 LP)
2026-06-09T19:11:19,떼그라션2,4174,KR,Ranked Flex,Sean,894,Bronze I (19 LP),785,Bronze II (35 LP)
2026-06-09T19:11:29,떼그라션,4174,KR,Ranked Flex,Sean,1081,Silver IV (81 LP),899,Bronze I (24 LP)
2026-06-09T19:11:36,떼그라숀,4174,KR,Ranked Flex,Sean,1186,Silver III (61 LP),880,Bronze I (5 LP)
2026-06-09T19:11:45,떼그라대,dani,KR,Ranked Flex,Dani,800,Bronze II (50 LP),393,Iron I (18 LP)
2026-06-09T19:11:55,떼그라월,1234,KR,Ranked Flex,Wallace,800,Bronze II (50 LP),697,Bronze III (72 LP)
2026-06-09T19:12:09,떼그라호,0627,KR,Ranked Flex,함팀장님,709,Bronze III (84 LP),1024,Silver IV (24 LP)
2026-06-09T19:12:28,qwer,a000,KR,Ranked Flex,함팀장님,1702,Gold III (77 LP),1792,Gold II (42 LP)
2026-06-09T19:12:35,거북이,0627,KR,Ranked Flex,함팀장님,1632,Gold III (7 LP),1514,Gold IV (14 LP)
2026-06-09T19:12:52,떼그라클,k91,KR,Ranked Flex,Michael,944,Bronze I (69 LP),926,Bronze I (51 LP)
2026-06-09T19:12:56,펑키왈숙,6117,KR,Ranked Flex,Motaju,800,Bronze II (50 LP),1047,Silver IV (47 LP)
2026-06-09T19:13:02,떼그라쥬,RTG,KR,Ranked Flex,Motaju,2113,Platinum IV (100 LP),1347,Silver II (97 LP)
2026-06-09T19:13:12,떼그라떼그라떼그라떼그라떼그라떼,kr12,KR,Ranked Flex,Motaju,1365,Silver II (100 LP),802,Bronze II (52 LP)
2026-06-09T19:39:09,SasimySean,4174,KR,Ranked Flex,Sean,1133,Silver III (8 LP),938,Bronze I (63 LP)
2026-06-09T19:39:19,일회용라이타,KR1,KR,Ranked Flex,Sean,1127,Silver III (2 LP),710,Bronze III (85 LP)
2026-06-09T19:39:26,떼그라션2,4174,KR,Ranked Flex,Sean,925,Bronze I (50 LP),773,Bronze II (23 LP)
2026-06-09T19:39:29,떼그라션,4174,KR,Ranked Flex,Sean,1081,Silver IV (81 LP),899,Bronze I (24 LP)
2026-06-09T19:39:39,떼그라숀,4174,KR,Ranked Flex,Sean,1186,Silver III (61 LP),880,Bronze I (5 LP)
2026-06-09T19:39:45,떼그라대,dani,KR,Ranked Flex,Dani,800,Bronze II (50 LP),393,Iron I (18 LP)
2026-06-09T19:40:01,떼그라월,1234,KR,Ranked Flex,Wallace,939,Bronze I (64 LP),676,Bronze III (51 LP)
2026-06-09T19:40:17,떼그라호,0627,KR,Ranked Flex,함팀장님,882,Bronze I (7 LP),1002,Silver IV (2 LP)
2026-06-09T19:40:24,qwer,a000,KR,Ranked Flex,함팀장님,1702,Gold III (77 LP),1792,Gold II (42 LP)
2026-06-09T19:40:37,거북이,0627,KR,Ranked Flex,함팀장님,1632,Gold III (7 LP),1514,Gold IV (14 LP)
2026-06-09T19:40:54,떼그라클,k91,KR,Ranked Flex,Michael,944,Bronze I (69 LP),926,Bronze I (51 LP)
2026-06-09T19:41:04,펑키왈숙,6117,KR,Ranked Flex,Motaju,800,Bronze II (50 LP),1047,Silver IV (47 LP)
2026-06-09T19:41:14,떼그라쥬,RTG,KR,Ranked Flex,Motaju,2113,Platinum IV (100 LP),1347,Silver II (97 LP)
2026-06-09T19:41:27,떼그라떼그라떼그라떼그라떼그라떼,kr12,KR,Ranked Flex,Motaju,1365,Silver II (100 LP),802,Bronze II (52 LP)
2026-06-09T20:47:30,SasimySean,4174,KR,Ranked Flex,Sean,1133,Silver III (8 LP),938,Bronze I (63 LP)
2026-06-09T20:47:40,일회용라이타,KR1,KR,Ranked Flex,Sean,1127,Silver III (2 LP),710,Bronze III (85 LP)
2026-06-09T20:47:47,떼그라션2,4174,KR,Ranked Flex,Sean,925,Bronze I (50 LP),773,Bronze II (23 LP)
2026-06-09T20:47:53,떼그라션,4174,KR,Ranked Flex,Sean,1081,Silver IV (81 LP),899,Bronze I (24 LP)
2026-06-09T20:48:00,떼그라숀,4174,KR,Ranked Flex,Sean,1186,Silver III (61 LP),880,Bronze I (5 LP)
2026-06-09T20:48:10,떼그라대,dani,KR,Ranked Flex,Dani,800,Bronze II (50 LP),393,Iron I (18 LP)
2026-06-09T20:48:16,떼그라월,1234,KR,Ranked Flex,Wallace,939,Bronze I (64 LP),676,Bronze III (51 LP)
2026-06-09T20:48:30,떼그라호,0627,KR,Ranked Flex,함팀장님,882,Bronze I (7 LP),1002,Silver IV (2 LP)
2026-06-09T20:48:34,qwer,a000,KR,Ranked Flex,함팀장님,1697,Gold III (72 LP),1792,Gold II (42 LP)
2026-06-09T20:48:50,거북이,0627,KR,Ranked Flex,함팀장님,1632,Gold III (7 LP),1514,Gold IV (14 LP)
2026-06-09T20:49:10,떼그라클,k91,KR,Ranked Flex,Michael,944,Bronze I (69 LP),926,Bronze I (51 LP)
2026-06-09T20:49:17,펑키왈숙,6117,KR,Ranked Flex,Motaju,800,Bronze II (50 LP),1047,Silver IV (47 LP)
2026-06-09T20:49:20,떼그라쥬,RTG,KR,Ranked Flex,Motaju,2113,Platinum IV (100 LP),1347,Silver II (97 LP)
2026-06-09T20:49:27,떼그라떼그라떼그라떼그라떼그라떼,kr12,KR,Ranked Flex,Motaju,1365,Silver II (100 LP),802,Bronze II (52 LP)
2026-06-09T21:25:01,SasimySean,4174,KR,Ranked Flex,Sean,1133,Silver III (8 LP),938,Bronze I (63 LP)
2026-06-09T21:25:11,일회용라이타,KR1,KR,Ranked Flex,Sean,1127,Silver III (2 LP),710,Bronze III (85 LP)
2026-06-09T21:25:27,떼그라션2,4174,KR,Ranked Flex,Sean,925,Bronze I (50 LP),773,Bronze II (23 LP)
2026-06-09T21:25:34,떼그라션,4174,KR,Ranked Flex,Sean,1081,Silver IV (81 LP),899,Bronze I (24 LP)
2026-06-09T21:25:41,떼그라숀,4174,KR,Ranked Flex,Sean,1186,Silver III (61 LP),880,Bronze I (5 LP)
2026-06-09T21:25:54,떼그라대,dani,KR,Ranked Flex,Dani,800,Bronze II (50 LP),393,Iron I (18 LP)
2026-06-09T21:26:07,떼그라월,1234,KR,Ranked Flex,Wallace,939,Bronze I (64 LP),676,Bronze III (51 LP)
2026-06-09T21:26:27,떼그라호,0627,KR,Ranked Flex,함팀장님,882,Bronze I (7 LP),1002,Silver IV (2 LP)
2026-06-09T21:26:37,qwer,a000,KR,Ranked Flex,함팀장님,1697,Gold III (72 LP),1792,Gold II (42 LP)
2026-06-09T21:26:44,거북이,0627,KR,Ranked Flex,함팀장님,1632,Gold III (7 LP),1514,Gold IV (14 LP)
2026-06-09T21:26:57,떼그라클,k91,KR,Ranked Flex,Michael,944,Bronze I (69 LP),926,Bronze I (51 LP)
2026-06-09T21:27:04,펑키왈숙,6117,KR,Ranked Flex,Motaju,805,Bronze II (55 LP),1047,Silver IV (47 LP)
2026-06-09T21:27:11,떼그라쥬,RTG,KR,Ranked Flex,Motaju,2113,Platinum IV (100 LP),1347,Silver II (97 LP)
2026-06-09T21:27:21,떼그라떼그라떼그라떼그라떼그라떼,kr12,KR,Ranked Flex,Motaju,1365,Silver II (100 LP),802,Bronze II (52 LP)
2026-06-10T12:34:33,SasimySean,4174,KR,Ranked Flex,Sean,1133,Silver III (8 LP),938,Bronze I (63 LP)
2026-06-10T12:34:49,일회용라이타,KR1,KR,Ranked Flex,Sean,1132,Silver III (7 LP),710,Bronze III (85 LP)
2026-06-10T12:35:06,떼그라션2,4174,KR,Ranked Flex,Sean,925,Bronze I (50 LP),773,Bronze II (23 LP)
2026-06-10T12:35:12,떼그라션,4174,KR,Ranked Flex,Sean,1081,Silver IV (81 LP),899,Bronze I (24 LP)
2026-06-10T12:35:22,떼그라숀,4174,KR,Ranked Flex,Sean,1180,Silver III (55 LP),880,Bronze I (5 LP)
2026-06-10T12:35:29,떼그라대,dani,KR,Ranked Flex,Dani,800,Bronze II (50 LP),393,Iron I (18 LP)
2026-06-10T12:35:45,떼그라월,1234,KR,Ranked Flex,Wallace,939,Bronze I (64 LP),676,Bronze III (51 LP)
2026-06-10T12:36:05,떼그라호,0627,KR,Ranked Flex,함팀장님,882,Bronze I (7 LP),1002,Silver IV (2 LP)
2026-06-10T12:36:18,qwer,a000,KR,Ranked Flex,함팀장님,1686,Gold III (61 LP),1792,Gold II (42 LP)
2026-06-10T12:36:28,거북이,0627,KR,Ranked Flex,함팀장님,1637,Gold III (12 LP),1514,Gold IV (14 LP)
2026-06-10T12:36:43,떼그라클,k91,KR,Ranked Flex,Michael,944,Bronze I (69 LP),926,Bronze I (51 LP)
2026-06-10T12:36:59,펑키왈숙,6117,KR,Ranked Flex,Motaju,805,Bronze II (55 LP),1047,Silver IV (47 LP)
2026-06-10T12:37:09,떼그라쥬,RTG,KR,Ranked Flex,Motaju,2113,Platinum IV (100 LP),1347,Silver II (97 LP)
2026-06-10T12:37:15,떼그라떼그라떼그라떼그라떼그라떼,kr12,KR,Ranked Flex,Motaju,1365,Silver II (100 LP),802,Bronze II (52 LP)
2026-06-10T15:45:12,SasimySean,4174,KR,Ranked Flex,Sean,1133,Silver III (8 LP),938,Bronze I (63 LP)
2026-06-10T15:45:13,일회용라이타,KR1,KR,Ranked Flex,Sean,1137,Silver III (12 LP),710,Bronze III (85 LP)
2026-06-10T15:45:18,떼그라션2,4174,KR,Ranked Flex,Sean,925,Bronze I (50 LP),773,Bronze II (23 LP)
2026-06-10T15:45:23,떼그라션,4174,KR,Ranked Flex,Sean,1081,Silver IV (81 LP),899,Bronze I (24 LP)
2026-06-10T15:45:26,떼그라숀,4174,KR,Ranked Flex,Sean,1180,Silver III (55 LP),880,Bronze I (5 LP)
2026-06-10T15:45:30,떼그라대,dani,KR,Ranked Flex,Dani,919,Bronze I (44 LP),393,Iron I (18 LP)
2026-06-10T15:45:34,떼그라월,1234,KR,Ranked Flex,Wallace,939,Bronze I (64 LP),676,Bronze III (51 LP)
2026-06-10T15:45:38,떼그라호,0627,KR,Ranked Flex,함팀장님,935,Bronze I (60 LP),1002,Silver IV (2 LP)
2026-06-10T15:45:41,qwer,a000,KR,Ranked Flex,함팀장님,1686,Gold III (61 LP),1792,Gold II (42 LP)
2026-06-10T15:45:51,거북이,0627,KR,Ranked Flex,함팀장님,1637,Gold III (12 LP),1514,Gold IV (14 LP)
2026-06-10T15:46:02,떼그라클,k91,KR,Ranked Flex,Michael,895,Bronze I (20 LP),925,Bronze I (50 LP)
2026-06-10T15:46:12,펑키왈숙,6117,KR,Ranked Flex,Motaju,805,Bronze II (55 LP),1047,Silver IV (47 LP)
2026-06-10T15:46:19,떼그라쥬,RTG,KR,Ranked Flex,Motaju,2113,Platinum IV (100 LP),1347,Silver II (97 LP)
2026-06-10T15:46:23,떼그라떼그라떼그라떼그라떼그라떼,kr12,KR,Ranked Flex,Motaju,1365,Silver II (100 LP),802,Bronze II (52 LP)
2026-06-10T16:56:32,SasimySean,4174,KR,Ranked Flex,Sean,1133,Silver III (8 LP),938,Bronze I (63 LP)
2026-06-10T16:56:39,일회용라이타,KR1,KR,Ranked Flex,Sean,1132,Silver III (7 LP),710,Bronze III (85 LP)
2026-06-10T16:56:46,떼그라션2,4174,KR,Ranked Flex,Sean,925,Bronze I (50 LP),773,Bronze II (23 LP)
2026-06-10T16:56:53,떼그라션,4174,KR,Ranked Flex,Sean,1076,Silver IV (76 LP),899,Bronze I (24 LP)
2026-06-10T16:57:00,떼그라숀,4174,KR,Ranked Flex,Sean,1180,Silver III (55 LP),880,Bronze I (5 LP)
2026-06-10T16:57:10,떼그라대,dani,KR,Ranked Flex,Dani,919,Bronze I (44 LP),393,Iron I (18 LP)
2026-06-10T16:57:17,떼그라월,1234,KR,Ranked Flex,Wallace,939,Bronze I (64 LP),676,Bronze III (51 LP)
2026-06-10T16:57:52,떼그라호,0627,KR,Ranked Flex,함팀장님,935,Bronze I (60 LP),1002,Silver IV (2 LP)
2026-06-10T16:57:59,qwer,a000,KR,Ranked Flex,함팀장님,1686,Gold III (61 LP),1792,Gold II (42 LP)
2026-06-10T16:58:19,거북이,0627,KR,Ranked Flex,함팀장님,1637,Gold III (12 LP),1514,Gold IV (14 LP)
2026-06-10T16:58:32,떼그라클,k91,KR,Ranked Flex,Michael,895,Bronze I (20 LP),925,Bronze I (50 LP)
2026-06-10T16:58:42,펑키왈숙,6117,KR,Ranked Flex,Motaju,810,Bronze II (60 LP),1047,Silver IV (47 LP)
2026-06-10T16:58:49,떼그라쥬,RTG,KR,Ranked Flex,Motaju,2113,Platinum IV (100 LP),1347,Silver II (97 LP)
2026-06-10T16:58:56,떼그라떼그라떼그라떼그라떼그라떼,kr12,KR,Ranked Flex,Motaju,1365,Silver II (100 LP),802,Bronze II (52 LP)
2026-06-10T17:23:23,SasimySean,4174,KR,Ranked Flex,Sean,1133,Silver III (8 LP),938,Bronze I (63 LP)
2026-06-10T17:23:36,일회용라이타,KR1,KR,Ranked Flex,Sean,1137,Silver III (12 LP),710,Bronze III (85 LP)
2026-06-10T17:23:46,떼그라션2,4174,KR,Ranked Flex,Sean,958,Bronze I (83 LP),801,Bronze II (51 LP)
2026-06-10T17:23:56,떼그라션,4174,KR,Ranked Flex,Sean,1081,Silver IV (81 LP),899,Bronze I (24 LP)
2026-06-10T17:24:13,떼그라숀,4174,KR,Ranked Flex,Sean,1180,Silver III (55 LP),880,Bronze I (5 LP)
2026-06-10T17:24:19,떼그라대,dani,KR,Ranked Flex,Dani,931,Bronze I (56 LP),411,Iron I (36 LP)
2026-06-10T17:24:26,떼그라월,1234,KR,Ranked Flex,Wallace,974,Bronze I (99 LP),695,Bronze III (70 LP)
2026-06-10T17:24:49,떼그라호,0627,KR,Ranked Flex,함팀장님,860,Bronze II (100 LP),1019,Silver IV (19 LP)
2026-06-10T17:24:56,qwer,a000,KR,Ranked Flex,함팀장님,1686,Gold III (61 LP),1792,Gold II (42 LP)
2026-06-10T17:25:03,거북이,0627,KR,Ranked Flex,함팀장님,1637,Gold III (12 LP),1514,Gold IV (14 LP)
2026-06-10T17:25:20,떼그라클,k91,KR,Ranked Flex,Michael,925,Bronze I (50 LP),944,Bronze I (69 LP)
2026-06-10T17:25:23,펑키왈숙,6117,KR,Ranked Flex,Motaju,810,Bronze II (60 LP),1047,Silver IV (47 LP)
2026-06-10T17:25:27,떼그라쥬,RTG,KR,Ranked Flex,Motaju,2113,Platinum IV (100 LP),1347,Silver II (97 LP)
2026-06-10T17:25:34,떼그라떼그라떼그라떼그라떼그라떼,kr12,KR,Ranked Flex,Motaju,1365,Silver II (100 LP),802,Bronze II (52 LP)
2026-06-10T18:12:20,SasimySean,4174,KR,Ranked Flex,Sean,1133,Silver III (8 LP),938,Bronze I (63 LP)
2026-06-10T18:12:30,일회용라이타,KR1,KR,Ranked Flex,Sean,1132,Silver III (7 LP),710,Bronze III (85 LP)
2026-06-10T18:12:43,떼그라션2,4174,KR,Ranked Flex,Sean,958,Bronze I (83 LP),788,Bronze II (38 LP)
2026-06-10T18:12:50,떼그라션,4174,KR,Ranked Flex,Sean,1081,Silver IV (81 LP),899,Bronze I (24 LP)
2026-06-10T18:13:00,떼그라숀,4174,KR,Ranked Flex,Sean,1180,Silver III (55 LP),880,Bronze I (5 LP)
2026-06-10T18:13:20,떼그라대,dani,KR,Ranked Flex,Dani,931,Bronze I (56 LP),389,Iron I (14 LP)
2026-06-10T18:13:30,떼그라월,1234,KR,Ranked Flex,Wallace,974,Bronze I (99 LP),674,Bronze III (49 LP)
2026-06-10T18:13:43,떼그라호,0627,KR,Ranked Flex,함팀장님,860,Bronze II (100 LP),1000,Silver IV (0 LP)
2026-06-10T18:13:56,qwer,a000,KR,Ranked Flex,함팀장님,1686,Gold III (61 LP),1792,Gold II (42 LP)
2026-06-10T18:14:06,거북이,0627,KR,Ranked Flex,함팀장님,1637,Gold III (12 LP),1514,Gold IV (14 LP)
2026-06-10T18:14:20,떼그라클,k91,KR,Ranked Flex,Michael,925,Bronze I (50 LP),923,Bronze I (48 LP)
2026-06-10T18:14:27,펑키왈숙,6117,KR,Ranked Flex,Motaju,810,Bronze II (60 LP),1047,Silver IV (47 LP)
2026-06-10T18:14:33,떼그라쥬,RTG,KR,Ranked Flex,Motaju,2113,Platinum IV (100 LP),1347,Silver II (97 LP)
2026-06-10T18:14:37,떼그라떼그라떼그라떼그라떼그라떼,kr12,KR,Ranked Flex,Motaju,1365,Silver II (100 LP),802,Bronze II (52 LP)
2026-06-10T18:53:56,SasimySean,4174,KR,Ranked Flex,Sean,1133,Silver III (8 LP),938,Bronze I (63 LP)
2026-06-10T18:54:03,일회용라이타,KR1,KR,Ranked Flex,Sean,1132,Silver III (7 LP),710,Bronze III (85 LP)
2026-06-10T18:54:09,떼그라션2,4174,KR,Ranked Flex,Sean,871,Bronze II (100 LP),815,Bronze II (65 LP)
2026-06-10T18:54:16,떼그라션,4174,KR,Ranked Flex,Sean,1081,Silver IV (81 LP),899,Bronze I (24 LP)
2026-06-10T18:54:23,떼그라숀,4174,KR,Ranked Flex,Sean,1180,Silver III (55 LP),880,Bronze I (5 LP)
2026-06-10T18:54:30,떼그라대,dani,KR,Ranked Flex,Dani,931,Bronze I (56 LP),389,Iron I (14 LP)
2026-06-10T18:54:40,떼그라월,1234,KR,Ranked Flex,Wallace,889,Bronze I (14 LP),693,Bronze III (68 LP)
2026-06-10T18:54:50,떼그라호,0627,KR,Ranked Flex,함팀장님,818,Bronze II (68 LP),1017,Silver IV (17 LP)
2026-06-10T18:54:57,qwer,a000,KR,Ranked Flex,함팀장님,1686,Gold III (61 LP),1792,Gold II (42 LP)
2026-06-10T18:55:07,거북이,0627,KR,Ranked Flex,함팀장님,1637,Gold III (12 LP),1514,Gold IV (14 LP)
2026-06-10T18:55:17,떼그라클,k91,KR,Ranked Flex,Michael,925,Bronze I (50 LP),923,Bronze I (48 LP)
2026-06-10T18:55:27,펑키왈숙,6117,KR,Ranked Flex,Motaju,810,Bronze II (60 LP),1047,Silver IV (47 LP)
2026-06-10T18:55:41,떼그라쥬,RTG,KR,Ranked Flex,Motaju,2113,Platinum IV (100 LP),1347,Silver II (97 LP)
2026-06-10T18:55:47,떼그라떼그라떼그라떼그라떼그라떼,kr12,KR,Ranked Flex,Motaju,1365,Silver II (100 LP),802,Bronze II (52 LP)
2026-06-10T21:07:24,SasimySean,4174,KR,Ranked Flex,Sean,1133,Silver III (8 LP),938,Bronze I (63 LP)
2026-06-10T21:07:31,일회용라이타,KR1,KR,Ranked Flex,Sean,1127,Silver III (2 LP),710,Bronze III (85 LP)
2026-06-10T21:07:41,떼그라션2,4174,KR,Ranked Flex,Sean,914,Bronze I (39 LP),842,Bronze II (92 LP)
2026-06-10T21:07:48,떼그라션,4174,KR,Ranked Flex,Sean,1076,Silver IV (76 LP),899,Bronze I (24 LP)
2026-06-10T21:07:58,떼그라숀,4174,KR,Ranked Flex,Sean,1180,Silver III (55 LP),880,Bronze I (5 LP)
2026-06-10T21:08:08,떼그라대,dani,KR,Ranked Flex,Dani,931,Bronze I (56 LP),389,Iron I (14 LP)
2026-06-10T21:08:24,떼그라월,1234,KR,Ranked Flex,Wallace,931,Bronze I (56 LP),712,Bronze III (87 LP)
2026-06-10T21:08:38,떼그라호,0627,KR,Ranked Flex,함팀장님,863,Bronze II (100 LP),1035,Silver IV (35 LP)
2026-06-10T21:08:42,qwer,a000,KR,Ranked Flex,함팀장님,1686,Gold III (61 LP),1792,Gold II (42 LP)
2026-06-10T21:08:49,거북이,0627,KR,Ranked Flex,함팀장님,1637,Gold III (12 LP),1514,Gold IV (14 LP)
2026-06-10T21:09:02,떼그라클,k91,KR,Ranked Flex,Michael,925,Bronze I (50 LP),923,Bronze I (48 LP)
2026-06-10T21:09:09,펑키왈숙,6117,KR,Ranked Flex,Motaju,810,Bronze II (60 LP),1047,Silver IV (47 LP)
2026-06-10T21:09:16,떼그라쥬,RTG,KR,Ranked Flex,Motaju,2113,Platinum IV (100 LP),1347,Silver II (97 LP)
2026-06-10T21:09:23,떼그라떼그라떼그라떼그라떼그라떼,kr12,KR,Ranked Flex,Motaju,1365,Silver II (100 LP),802,Bronze II (52 LP)
2026-06-11T02:55:05,SasimySean,4174,KR,Ranked Flex,Sean,1133,Silver III (8 LP),938,Bronze I (63 LP)
2026-06-11T02:55:15,일회용라이타,KR1,KR,Ranked Flex,Sean,1132,Silver III (7 LP),710,Bronze III (85 LP)
2026-06-11T02:55:22,떼그라션2,4174,KR,Ranked Flex,Sean,908,Bronze I (33 LP),842,Bronze II (92 LP)
2026-06-11T02:55:38,떼그라션,4174,KR,Ranked Flex,Sean,1076,Silver IV (76 LP),899,Bronze I (24 LP)
2026-06-11T02:55:48,떼그라숀,4174,KR,Ranked Flex,Sean,1142,Silver III (17 LP),845,Bronze II (95 LP)
2026-06-11T02:55:55,떼그라대,dani,KR,Ranked Flex,Dani,925,Bronze I (50 LP),389,Iron I (14 LP)
2026-06-11T02:56:02,떼그라월,1234,KR,Ranked Flex,Wallace,904,Bronze I (29 LP),691,Bronze III (66 LP)
2026-06-11T02:56:22,떼그라호,0627,KR,Ranked Flex,함팀장님,842,Bronze II (92 LP),1013,Silver IV (13 LP)
2026-06-11T02:56:32,qwer,a000,KR,Ranked Flex,함팀장님,1691,Gold III (66 LP),1792,Gold II (42 LP)
2026-06-11T02:56:38,거북이,0627,KR,Ranked Flex,함팀장님,1637,Gold III (12 LP),1514,Gold IV (14 LP)
2026-06-11T02:56:52,떼그라클,k91,KR,Ranked Flex,Michael,914,Bronze I (39 LP),923,Bronze I (48 LP)
2026-06-11T02:56:59,펑키왈숙,6117,KR,Ranked Flex,Motaju,815,Bronze II (65 LP),1047,Silver IV (47 LP)
2026-06-11T02:57:15,떼그라쥬,RTG,KR,Ranked Flex,Motaju,2113,Platinum IV (100 LP),1347,Silver II (97 LP)
2026-06-11T02:57:22,떼그라떼그라떼그라떼그라떼그라떼,kr12,KR,Ranked Flex,Motaju,1371,Silver II (100 LP),802,Bronze II (52 LP)
2026-06-11T10:33:33,SasimySean,4174,KR,Ranked Flex,Sean,1133,Silver III (8 LP),938,Bronze I (63 LP)
2026-06-11T10:33:39,일회용라이타,KR1,KR,Ranked Flex,Sean,1132,Silver III (7 LP),710,Bronze III (85 LP)
2026-06-11T10:33:49,떼그라션2,4174,KR,Ranked Flex,Sean,902,Bronze I (27 LP),842,Bronze II (92 LP)
2026-06-11T10:33:56,떼그라션,4174,KR,Ranked Flex,Sean,1076,Silver IV (76 LP),899,Bronze I (24 LP)
2026-06-11T10:34:03,떼그라숀,4174,KR,Ranked Flex,Sean,1142,Silver III (17 LP),845,Bronze II (95 LP)
2026-06-11T10:34:09,떼그라대,dani,KR,Ranked Flex,Dani,919,Bronze I (44 LP),389,Iron I (14 LP)
2026-06-11T10:34:19,떼그라월,1234,KR,Ranked Flex,Wallace,904,Bronze I (29 LP),691,Bronze III (66 LP)
2026-06-11T10:34:29,떼그라호,0627,KR,Ranked Flex,함팀장님,842,Bronze II (92 LP),1013,Silver IV (13 LP)
2026-06-11T10:34:42,qwer,a000,KR,Ranked Flex,함팀장님,1697,Gold III (72 LP),1792,Gold II (42 LP)
2026-06-11T10:34:49,거북이,0627,KR,Ranked Flex,함팀장님,1637,Gold III (12 LP),1514,Gold IV (14 LP)
2026-06-11T10:35:03,떼그라클,k91,KR,Ranked Flex,Michael,909,Bronze I (34 LP),923,Bronze I (48 LP)
2026-06-11T10:35:13,펑키왈숙,6117,KR,Ranked Flex,Motaju,815,Bronze II (65 LP),1047,Silver IV (47 LP)
2026-06-11T10:35:23,떼그라쥬,RTG,KR,Ranked Flex,Motaju,2113,Platinum IV (100 LP),1347,Silver II (97 LP)
2026-06-11T10:35:33,떼그라떼그라떼그라떼그라떼그라떼,kr12,KR,Ranked Flex,Motaju,1365,Silver II (100 LP),802,Bronze II (52 LP)
2026-06-11T11:27:48,SasimySean,4174,KR,Ranked Flex,Sean,1133,Silver III (8 LP),938,Bronze I (63 LP)
2026-06-11T11:27:55,일회용라이타,KR1,KR,Ranked Flex,Sean,1132,Silver III (7 LP),710,Bronze III (85 LP)
2026-06-11T11:28:05,떼그라션2,4174,KR,Ranked Flex,Sean,902,Bronze I (27 LP),842,Bronze II (92 LP)
2026-06-11T11:28:09,떼그라션,4174,KR,Ranked Flex,Sean,1076,Silver IV (76 LP),899,Bronze I (24 LP)
2026-06-11T11:28:15,떼그라숀,4174,KR,Ranked Flex,Sean,1142,Silver III (17 LP),845,Bronze II (95 LP)
2026-06-11T11:28:25,떼그라대,dani,KR,Ranked Flex,Dani,919,Bronze I (44 LP),389,Iron I (14 LP)
2026-06-11T11:28:35,떼그라월,1234,KR,Ranked Flex,Wallace,904,Bronze I (29 LP),691,Bronze III (66 LP)
2026-06-11T11:28:45,떼그라호,0627,KR,Ranked Flex,함팀장님,842,Bronze II (92 LP),1013,Silver IV (13 LP)
2026-06-11T11:28:55,qwer,a000,KR,Ranked Flex,함팀장님,1697,Gold III (72 LP),1792,Gold II (42 LP)
2026-06-11T11:29:18,거북이,0627,KR,Ranked Flex,함팀장님,1637,Gold III (12 LP),1514,Gold IV (14 LP)
2026-06-11T11:29:31,떼그라클,k91,KR,Ranked Flex,Michael,909,Bronze I (34 LP),923,Bronze I (48 LP)
2026-06-11T11:29:41,펑키왈숙,6117,KR,Ranked Flex,Motaju,815,Bronze II (65 LP),1047,Silver IV (47 LP)
2026-06-11T11:29:51,떼그라쥬,RTG,KR,Ranked Flex,Motaju,2113,Platinum IV (100 LP),1347,Silver II (97 LP)
2026-06-11T11:30:01,떼그라떼그라떼그라떼그라떼그라떼,kr12,KR,Ranked Flex,Motaju,1365,Silver II (100 LP),802,Bronze II (52 LP)
2026-06-11T14:58:44,SasimySean,4174,KR,Ranked Flex,Sean,1133,Silver III (8 LP),938,Bronze I (63 LP)
2026-06-11T14:58:54,일회용라이타,KR1,KR,Ranked Flex,Sean,1132,Silver III (7 LP),710,Bronze III (85 LP)
2026-06-11T14:59:01,떼그라션2,4174,KR,Ranked Flex,Sean,908,Bronze I (33 LP),842,Bronze II (92 LP)
2026-06-11T14:59:11,떼그라션,4174,KR,Ranked Flex,Sean,1076,Silver IV (76 LP),899,Bronze I (24 LP)
2026-06-11T14:59:21,떼그라숀,4174,KR,Ranked Flex,Sean,1142,Silver III (17 LP),845,Bronze II (95 LP)
2026-06-11T14:59:38,떼그라대,dani,KR,Ranked Flex,Dani,925,Bronze I (50 LP),404,Iron I (29 LP)
2026-06-11T14:59:43,떼그라월,1234,KR,Ranked Flex,Wallace,925,Bronze I (50 LP),708,Bronze III (83 LP)
2026-06-11T14:59:56,떼그라호,0627,KR,Ranked Flex,함팀장님,847,Bronze II (97 LP),1013,Silver IV (13 LP)
2026-06-11T15:00:06,qwer,a000,KR,Ranked Flex,함팀장님,1697,Gold III (72 LP),1792,Gold II (42 LP)
2026-06-11T15:00:16,거북이,0627,KR,Ranked Flex,함팀장님,1637,Gold III (12 LP),1514,Gold IV (14 LP)
2026-06-11T15:00:27,떼그라클,k91,KR,Ranked Flex,Michael,874,Bronze II (100 LP),940,Bronze I (65 LP)
2026-06-11T15:00:37,펑키왈숙,6117,KR,Ranked Flex,Motaju,820,Bronze II (70 LP),1047,Silver IV (47 LP)
2026-06-11T15:00:44,떼그라쥬,RTG,KR,Ranked Flex,Motaju,2113,Platinum IV (100 LP),1347,Silver II (97 LP)
2026-06-11T15:00:54,떼그라떼그라떼그라떼그라떼그라떼,kr12,KR,Ranked Flex,Motaju,1365,Silver II (100 LP),802,Bronze II (52 LP)
2026-06-11T16:51:31,SasimySean,4174,KR,Ranked Flex,Sean,1133,Silver III (8 LP),938,Bronze I (63 LP)
2026-06-11T16:51:38,일회용라이타,KR1,KR,Ranked Flex,Sean,1137,Silver III (12 LP),710,Bronze III (85 LP)
2026-06-11T16:51:48,떼그라션2,4174,KR,Ranked Flex,Sean,908,Bronze I (33 LP),842,Bronze II (92 LP)
2026-06-11T16:51:51,떼그라션,4174,KR,Ranked Flex,Sean,1076,Silver IV (76 LP),899,Bronze I (24 LP)
2026-06-11T16:52:05,떼그라숀,4174,KR,Ranked Flex,Sean,1142,Silver III (17 LP),845,Bronze II (95 LP)
2026-06-11T16:52:11,떼그라대,dani,KR,Ranked Flex,Dani,925,Bronze I (50 LP),404,Iron I (29 LP)
2026-06-11T16:52:15,떼그라월,1234,KR,Ranked Flex,Wallace,925,Bronze I (50 LP),708,Bronze III (83 LP)
2026-06-11T16:52:32,떼그라호,0627,KR,Ranked Flex,함팀장님,847,Bronze II (97 LP),1013,Silver IV (13 LP)
2026-06-11T16:52:42,qwer,a000,KR,Ranked Flex,함팀장님,1697,Gold III (72 LP),1792,Gold II (42 LP)
2026-06-11T16:52:52,거북이,0627,KR,Ranked Flex,함팀장님,1637,Gold III (12 LP),1514,Gold IV (14 LP)
2026-06-11T16:53:06,떼그라클,k91,KR,Ranked Flex,Michael,874,Bronze II (100 LP),940,Bronze I (65 LP)
2026-06-11T16:53:16,펑키왈숙,6117,KR,Ranked Flex,Motaju,820,Bronze II (70 LP),1047,Silver IV (47 LP)
2026-06-11T16:53:22,떼그라쥬,RTG,KR,Ranked Flex,Motaju,2113,Platinum IV (100 LP),1347,Silver II (97 LP)
2026-06-11T16:53:32,떼그라떼그라떼그라떼그라떼그라떼,kr12,KR,Ranked Flex,Motaju,1365,Silver II (100 LP),802,Bronze II (52 LP)
2026-06-11T17:45:42,SasimySean,4174,KR,Ranked Flex,Sean,1133,Silver III (8 LP),938,Bronze I (63 LP)
2026-06-11T17:45:58,일회용라이타,KR1,KR,Ranked Flex,Sean,1137,Silver III (12 LP),710,Bronze III (85 LP)
2026-06-11T17:46:08,떼그라션2,4174,KR,Ranked Flex,Sean,908,Bronze I (33 LP),842,Bronze II (92 LP)
2026-06-11T17:46:18,떼그라션,4174,KR,Ranked Flex,Sean,1076,Silver IV (76 LP),899,Bronze I (24 LP)
2026-06-11T17:46:25,떼그라숀,4174,KR,Ranked Flex,Sean,1142,Silver III (17 LP),845,Bronze II (95 LP)
2026-06-11T17:46:41,떼그라대,dani,KR,Ranked Flex,Dani,925,Bronze I (50 LP),404,Iron I (29 LP)
2026-06-11T17:46:46,떼그라월,1234,KR,Ranked Flex,Wallace,925,Bronze I (50 LP),708,Bronze III (83 LP)
2026-06-11T17:46:56,떼그라호,0627,KR,Ranked Flex,함팀장님,847,Bronze II (97 LP),1013,Silver IV (13 LP)
2026-06-11T17:47:09,qwer,a000,KR,Ranked Flex,함팀장님,1697,Gold III (72 LP),1792,Gold II (42 LP)
2026-06-11T17:47:29,거북이,0627,KR,Ranked Flex,함팀장님,1637,Gold III (12 LP),1514,Gold IV (14 LP)
2026-06-11T17:47:42,떼그라클,k91,KR,Ranked Flex,Michael,874,Bronze II (100 LP),940,Bronze I (65 LP)
2026-06-11T17:47:46,펑키왈숙,6117,KR,Ranked Flex,Motaju,820,Bronze II (70 LP),1047,Silver IV (47 LP)
2026-06-11T17:47:53,떼그라쥬,RTG,KR,Ranked Flex,Motaju,2113,Platinum IV (100 LP),1347,Silver II (97 LP)
2026-06-11T17:48:00,떼그라떼그라떼그라떼그라떼그라떼,kr12,KR,Ranked Flex,Motaju,1365,Silver II (100 LP),802,Bronze II (52 LP)
2026-06-11T18:37:59,SasimySean,4174,KR,Ranked Flex,Sean,1133,Silver III (8 LP),938,Bronze I (63 LP)
2026-06-11T18:38:06,일회용라이타,KR1,KR,Ranked Flex,Sean,1137,Silver III (12 LP),710,Bronze III (85 LP)
2026-06-11T18:38:16,떼그라션2,4174,KR,Ranked Flex,Sean,908,Bronze I (33 LP),894,Bronze I (19 LP)
2026-06-11T18:38:26,떼그라션,4174,KR,Ranked Flex,Sean,1076,Silver IV (76 LP),899,Bronze I (24 LP)
2026-06-11T18:38:36,떼그라숀,4174,KR,Ranked Flex,Sean,1142,Silver III (17 LP),845,Bronze II (95 LP)
2026-06-11T18:38:45,떼그라대,dani,KR,Ranked Flex,Dani,925,Bronze I (50 LP),423,Iron I (48 LP)
2026-06-11T18:38:55,떼그라월,1234,KR,Ranked Flex,Wallace,925,Bronze I (50 LP),753,Bronze II (3 LP)
2026-06-11T18:39:09,떼그라호,0627,KR,Ranked Flex,함팀장님,847,Bronze II (97 LP),1031,Silver IV (31 LP)
2026-06-11T18:39:19,qwer,a000,KR,Ranked Flex,함팀장님,1697,Gold III (72 LP),1792,Gold II (42 LP)
2026-06-11T18:39:29,거북이,0627,KR,Ranked Flex,함팀장님,1637,Gold III (12 LP),1514,Gold IV (14 LP)
2026-06-11T18:39:40,떼그라클,k91,KR,Ranked Flex,Michael,874,Bronze II (100 LP),959,Bronze I (84 LP)
2026-06-11T18:39:50,펑키왈숙,6117,KR,Ranked Flex,Motaju,820,Bronze II (70 LP),1047,Silver IV (47 LP)
2026-06-11T18:39:56,떼그라쥬,RTG,KR,Ranked Flex,Motaju,2113,Platinum IV (100 LP),1347,Silver II (97 LP)
2026-06-11T18:40:06,떼그라떼그라떼그라떼그라떼그라떼,kr12,KR,Ranked Flex,Motaju,1371,Silver II (100 LP),802,Bronze II (52 LP)
2026-06-11T19:22:32,SasimySean,4174,KR,Ranked Flex,Sean,1133,Silver III (8 LP),938,Bronze I (63 LP)
2026-06-11T19:22:42,일회용라이타,KR1,KR,Ranked Flex,Sean,1137,Silver III (12 LP),710,Bronze III (85 LP)
2026-06-11T19:22:52,떼그라션2,4174,KR,Ranked Flex,Sean,949,Bronze I (74 LP),881,Bronze I (6 LP)
2026-06-11T19:23:02,떼그라션,4174,KR,Ranked Flex,Sean,1076,Silver IV (76 LP),899,Bronze I (24 LP)
2026-06-11T19:23:15,떼그라숀,4174,KR,Ranked Flex,Sean,1142,Silver III (17 LP),845,Bronze II (95 LP)
2026-06-11T19:23:38,떼그라대,dani,KR,Ranked Flex,Dani,941,Bronze I (66 LP),423,Iron I (48 LP)
2026-06-11T19:23:48,떼그라월,1234,KR,Ranked Flex,Wallace,941,Bronze I (66 LP),753,Bronze II (3 LP)
2026-06-11T19:24:05,떼그라호,0627,KR,Ranked Flex,함팀장님,1055,Silver IV (55 LP),1009,Silver IV (9 LP)
2026-06-11T19:24:18,qwer,a000,KR,Ranked Flex,함팀장님,1697,Gold III (72 LP),1792,Gold II (42 LP)
2026-06-11T19:24:28,거북이,0627,KR,Ranked Flex,함팀장님,1637,Gold III (12 LP),1514,Gold IV (14 LP)
2026-06-11T19:24:51,떼그라클,k91,KR,Ranked Flex,Michael,896,Bronze I (21 LP),959,Bronze I (84 LP)
2026-06-11T19:24:58,펑키왈숙,6117,KR,Ranked Flex,Motaju,820,Bronze II (70 LP),1047,Silver IV (47 LP)
2026-06-11T19:25:05,떼그라쥬,RTG,KR,Ranked Flex,Motaju,2113,Platinum IV (100 LP),1347,Silver II (97 LP)
2026-06-11T19:25:18,떼그라떼그라떼그라떼그라떼그라떼,kr12,KR,Ranked Flex,Motaju,1371,Silver II (100 LP),802,Bronze II (52 LP)
2026-06-11T20:17:03,SasimySean,4174,KR,Ranked Flex,Sean,1133,Silver III (8 LP),938,Bronze I (63 LP)
2026-06-11T20:17:13,일회용라이타,KR1,KR,Ranked Flex,Sean,1137,Silver III (12 LP),710,Bronze III (85 LP)
2026-06-11T20:17:23,떼그라션2,4174,KR,Ranked Flex,Sean,1098,Silver IV (98 LP),842,Bronze II (92 LP)
2026-06-11T20:17:33,떼그라션,4174,KR,Ranked Flex,Sean,1076,Silver IV (76 LP),899,Bronze I (24 LP)
2026-06-11T20:17:43,떼그라숀,4174,KR,Ranked Flex,Sean,1142,Silver III (17 LP),845,Bronze II (95 LP)
2026-06-11T20:17:50,떼그라대,dani,KR,Ranked Flex,Dani,941,Bronze I (66 LP),423,Iron I (48 LP)
2026-06-11T20:18:00,떼그라월,1234,KR,Ranked Flex,Wallace,941,Bronze I (66 LP),753,Bronze II (3 LP)
2026-06-11T20:18:16,떼그라호,0627,KR,Ranked Flex,함팀장님,1055,Silver IV (55 LP),1000,Silver IV (0 LP)
2026-06-11T20:18:23,qwer,a000,KR,Ranked Flex,함팀장님,1697,Gold III (72 LP),1792,Gold II (42 LP)
2026-06-11T20:18:33,거북이,0627,KR,Ranked Flex,함팀장님,1637,Gold III (12 LP),1514,Gold IV (14 LP)
2026-06-11T20:18:47,떼그라클,k91,KR,Ranked Flex,Michael,896,Bronze I (21 LP),959,Bronze I (84 LP)
2026-06-11T20:19:03,펑키왈숙,6117,KR,Ranked Flex,Motaju,820,Bronze II (70 LP),1047,Silver IV (47 LP)
2026-06-11T20:19:10,떼그라쥬,RTG,KR,Ranked Flex,Motaju,2113,Platinum IV (100 LP),1347,Silver II (97 LP)
2026-06-11T20:19:17,떼그라떼그라떼그라떼그라떼그라떼,kr12,KR,Ranked Flex,Motaju,1371,Silver II (100 LP),802,Bronze II (52 LP)
2026-06-12T08:49:15,SasimySean,4174,KR,Ranked Flex,Sean,1139,Silver III (14 LP),938,Bronze I (63 LP)
2026-06-12T08:49:22,일회용라이타,KR1,KR,Ranked Flex,Sean,1137,Silver III (12 LP),710,Bronze III (85 LP)
2026-06-12T08:49:35,떼그라션2,4174,KR,Ranked Flex,Sean,1118,Silver IV (100 LP),893,Bronze I (18 LP)
2026-06-12T08:49:54,떼그라션,4174,KR,Ranked Flex,Sean,1076,Silver IV (76 LP),899,Bronze I (24 LP)
2026-06-12T08:50:01,떼그라숀,4174,KR,Ranked Flex,Sean,1132,Silver III (7 LP),845,Bronze II (95 LP)
2026-06-12T08:50:15,떼그라대,dani,KR,Ranked Flex,Dani,947,Bronze I (72 LP),423,Iron I (48 LP)
2026-06-12T08:50:25,떼그라월,1234,KR,Ranked Flex,Wallace,849,Bronze II (99 LP),773,Bronze II (23 LP)
2026-06-12T08:50:51,떼그라호,0627,KR,Ranked Flex,함팀장님,1071,Silver IV (71 LP),1017,Silver IV (17 LP)
2026-06-12T08:51:08,qwer,a000,KR,Ranked Flex,함팀장님,1697,Gold III (72 LP),1792,Gold II (42 LP)
2026-06-12T08:51:27,거북이,0627,KR,Ranked Flex,함팀장님,1637,Gold III (12 LP),1514,Gold IV (14 LP)
2026-06-12T08:51:47,떼그라클,k91,KR,Ranked Flex,Michael,901,Bronze I (26 LP),959,Bronze I (84 LP)
2026-06-12T08:51:57,펑키왈숙,6117,KR,Ranked Flex,Motaju,825,Bronze II (75 LP),1047,Silver IV (47 LP)
2026-06-12T08:52:07,떼그라쥬,RTG,KR,Ranked Flex,Motaju,2113,Platinum IV (100 LP),1347,Silver II (97 LP)
2026-06-12T08:52:14,떼그라떼그라떼그라떼그라떼그라떼,kr12,KR,Ranked Flex,Motaju,1376,Silver I (1 LP),802,Bronze II (52 LP)
2026-06-12T14:10:05,SasimySean,4174,KR,Ranked Flex,Sean,1139,Silver III (14 LP),938,Bronze I (63 LP)
2026-06-12T14:10:15,일회용라이타,KR1,KR,Ranked Flex,Sean,1137,Silver III (12 LP),710,Bronze III (85 LP)
2026-06-12T14:10:25,떼그라션2,4174,KR,Ranked Flex,Sean,1118,Silver IV (100 LP),893,Bronze I (18 LP)
2026-06-12T14:10:29,떼그라션,4174,KR,Ranked Flex,Sean,1076,Silver IV (76 LP),899,Bronze I (24 LP)
2026-06-12T14:10:36,떼그라숀,4174,KR,Ranked Flex,Sean,1132,Silver III (7 LP),845,Bronze II (95 LP)
2026-06-12T14:10:46,떼그라대,dani,KR,Ranked Flex,Dani,947,Bronze I (72 LP),423,Iron I (48 LP)
2026-06-12T14:10:56,떼그라월,1234,KR,Ranked Flex,Wallace,849,Bronze II (99 LP),773,Bronze II (23 LP)
2026-06-12T14:11:15,떼그라호,0627,KR,Ranked Flex,함팀장님,1071,Silver IV (71 LP),1017,Silver IV (17 LP)
2026-06-12T14:11:25,qwer,a000,KR,Ranked Flex,함팀장님,1697,Gold III (72 LP),1792,Gold II (42 LP)
2026-06-12T14:11:32,거북이,0627,KR,Ranked Flex,함팀장님,1637,Gold III (12 LP),1514,Gold IV (14 LP)
2026-06-12T14:11:56,떼그라클,k91,KR,Ranked Flex,Michael,901,Bronze I (26 LP),959,Bronze I (84 LP)
2026-06-12T14:12:06,펑키왈숙,6117,KR,Ranked Flex,Motaju,825,Bronze II (75 LP),1047,Silver IV (47 LP)
2026-06-12T14:12:12,떼그라쥬,RTG,KR,Ranked Flex,Motaju,2113,Platinum IV (100 LP),1347,Silver II (97 LP)
2026-06-12T14:12:29,떼그라떼그라떼그라떼그라떼그라떼,kr12,KR,Ranked Flex,Motaju,1376,Silver I (1 LP),802,Bronze II (52 LP)
2026-06-12T16:34:31,SasimySean,4174,KR,Ranked Flex,Sean,1139,Silver III (14 LP),938,Bronze I (63 LP)
2026-06-12T16:34:41,일회용라이타,KR1,KR,Ranked Flex,Sean,1137,Silver III (12 LP),710,Bronze III (85 LP)
2026-06-12T16:34:48,떼그라션2,4174,KR,Ranked Flex,Sean,1118,Silver IV (100 LP),893,Bronze I (18 LP)
2026-06-12T16:35:04,떼그라션,4174,KR,Ranked Flex,Sean,1076,Silver IV (76 LP),899,Bronze I (24 LP)
2026-06-12T16:35:17,떼그라숀,4174,KR,Ranked Flex,Sean,1132,Silver III (7 LP),845,Bronze II (95 LP)
2026-06-12T16:35:31,떼그라대,dani,KR,Ranked Flex,Dani,947,Bronze I (72 LP),423,Iron I (48 LP)
2026-06-12T16:35:37,떼그라월,1234,KR,Ranked Flex,Wallace,849,Bronze II (99 LP),773,Bronze II (23 LP)
2026-06-12T16:35:48,떼그라호,0627,KR,Ranked Flex,함팀장님,1071,Silver IV (71 LP),1017,Silver IV (17 LP)
2026-06-12T16:35:54,qwer,a000,KR,Ranked Flex,함팀장님,1697,Gold III (72 LP),1792,Gold II (42 LP)
2026-06-12T16:36:07,거북이,0627,KR,Ranked Flex,함팀장님,1637,Gold III (12 LP),1514,Gold IV (14 LP)
2026-06-12T16:36:18,떼그라클,k91,KR,Ranked Flex,Michael,901,Bronze I (26 LP),959,Bronze I (84 LP)
2026-06-12T16:36:31,펑키왈숙,6117,KR,Ranked Flex,Motaju,825,Bronze II (75 LP),1047,Silver IV (47 LP)
2026-06-12T16:36:38,떼그라쥬,RTG,KR,Ranked Flex,Motaju,2113,Platinum IV (100 LP),1347,Silver II (97 LP)
2026-06-12T16:36:57,떼그라떼그라떼그라떼그라떼그라떼,kr12,KR,Ranked Flex,Motaju,1376,Silver I (1 LP),802,Bronze II (52 LP)
2026-06-12T17:49:55,SasimySean,4174,KR,Ranked Flex,Sean,1139,Silver III (14 LP),938,Bronze I (63 LP)
2026-06-12T17:50:05,일회용라이타,KR1,KR,Ranked Flex,Sean,1141,Silver III (16 LP),710,Bronze III (85 LP)
2026-06-12T17:50:15,떼그라션2,4174,KR,Ranked Flex,Sean,1118,Silver IV (100 LP),893,Bronze I (18 LP)
2026-06-12T17:50:25,떼그라션,4174,KR,Ranked Flex,Sean,1076,Silver IV (76 LP),899,Bronze I (24 LP)
2026-06-12T17:50:35,떼그라숀,4174,KR,Ranked Flex,Sean,1132,Silver III (7 LP),845,Bronze II (95 LP)
2026-06-12T17:50:42,떼그라대,dani,KR,Ranked Flex,Dani,947,Bronze I (72 LP),423,Iron I (48 LP)
2026-06-12T17:50:48,떼그라월,1234,KR,Ranked Flex,Wallace,849,Bronze II (99 LP),773,Bronze II (23 LP)
2026-06-12T17:51:11,떼그라호,0627,KR,Ranked Flex,함팀장님,1071,Silver IV (71 LP),1017,Silver IV (17 LP)
2026-06-12T17:51:21,qwer,a000,KR,Ranked Flex,함팀장님,1697,Gold III (72 LP),1792,Gold II (42 LP)
2026-06-12T17:51:28,거북이,0627,KR,Ranked Flex,함팀장님,1637,Gold III (12 LP),1514,Gold IV (14 LP)
2026-06-12T17:51:41,떼그라클,k91,KR,Ranked Flex,Michael,901,Bronze I (26 LP),959,Bronze I (84 LP)
2026-06-12T17:51:51,펑키왈숙,6117,KR,Ranked Flex,Motaju,825,Bronze II (75 LP),1047,Silver IV (47 LP)
2026-06-12T17:51:58,떼그라쥬,RTG,KR,Ranked Flex,Motaju,2113,Platinum IV (100 LP),1347,Silver II (97 LP)
2026-06-12T17:52:04,떼그라떼그라떼그라떼그라떼그라떼,kr12,KR,Ranked Flex,Motaju,1376,Silver I (1 LP),802,Bronze II (52 LP)
2026-06-12T18:55:41,SasimySean,4174,KR,Ranked Flex,Sean,1139,Silver III (14 LP),938,Bronze I (63 LP)
2026-06-12T18:55:47,일회용라이타,KR1,KR,Ranked Flex,Sean,1141,Silver III (16 LP),710,Bronze III (85 LP)
2026-06-12T18:55:57,떼그라션2,4174,KR,Ranked Flex,Sean,1118,Silver IV (100 LP),893,Bronze I (18 LP)
2026-06-12T18:56:07,떼그라션,4174,KR,Ranked Flex,Sean,1076,Silver IV (76 LP),899,Bronze I (24 LP)
2026-06-12T18:56:17,떼그라숀,4174,KR,Ranked Flex,Sean,1132,Silver III (7 LP),845,Bronze II (95 LP)
2026-06-12T18:56:27,떼그라대,dani,KR,Ranked Flex,Dani,947,Bronze I (72 LP),423,Iron I (48 LP)
2026-06-12T18:56:34,떼그라월,1234,KR,Ranked Flex,Wallace,849,Bronze II (99 LP),773,Bronze II (23 LP)
2026-06-12T18:56:47,떼그라호,0627,KR,Ranked Flex,함팀장님,1071,Silver IV (71 LP),1017,Silver IV (17 LP)
2026-06-12T18:56:57,qwer,a000,KR,Ranked Flex,함팀장님,1697,Gold III (72 LP),1792,Gold II (42 LP)
2026-06-12T18:57:03,거북이,0627,KR,Ranked Flex,함팀장님,1637,Gold III (12 LP),1514,Gold IV (14 LP)
2026-06-12T18:57:14,떼그라클,k91,KR,Ranked Flex,Michael,901,Bronze I (26 LP),959,Bronze I (84 LP)
2026-06-12T18:57:24,펑키왈숙,6117,KR,Ranked Flex,Motaju,825,Bronze II (75 LP),1047,Silver IV (47 LP)
2026-06-12T18:57:34,떼그라쥬,RTG,KR,Ranked Flex,Motaju,2113,Platinum IV (100 LP),1347,Silver II (97 LP)
2026-06-12T18:57:44,떼그라떼그라떼그라떼그라떼그라떼,kr12,KR,Ranked Flex,Motaju,1376,Silver I (1 LP),802,Bronze II (52 LP)
2026-07-01T20:28:30,SasimySean,4174,KR,Ranked Flex,Sean,1159,Silver III (34 LP),938,Bronze I (63 LP)
2026-07-01T20:28:49,일회용라이타,KR1,KR,Ranked Flex,Sean,1124,Silver IV (100 LP),958,Bronze I (83 LP)
2026-07-01T20:28:59,떼그라션2,4174,KR,Ranked Flex,Sean,753,Bronze II (3 LP),912,Bronze I (37 LP)
2026-07-01T20:29:19,떼그라션,4174,KR,Ranked Flex,Sean,753,Bronze II (3 LP),1003,Silver IV (3 LP)
2026-07-01T20:29:25,떼그라숀,4174,KR,Ranked Flex,Sean,773,Bronze II (23 LP),1015,Silver IV (15 LP)
2026-07-01T20:29:35,떼그라대,dani,KR,Ranked Flex,Dani,770,Bronze II (20 LP),516,Bronze IV (16 LP)
2026-07-01T20:29:42,떼그라월,1234,KR,Ranked Flex,Wallace,770,Bronze II (20 LP),804,Bronze II (54 LP)
2026-07-01T20:29:49,떼그라호,0627,KR,Ranked Flex,함팀장님,710,Bronze III (85 LP),1069,Silver IV (69 LP)
2026-07-01T20:29:56,qwer,a000,KR,Ranked Flex,함팀장님,1638,Gold III (13 LP),1678,Gold III (53 LP)
2026-07-01T20:30:39,떼그라클,k91,KR,Ranked Flex,Michael,858,Bronze II (100 LP),961,Bronze I (86 LP)
2026-07-01T20:30:59,펑키왈숙,6117,KR,Ranked Flex,Motaju,865,Bronze II (100 LP),1047,Silver IV (47 LP)
2026-07-01T20:31:06,떼그라쥬,RTG,KR,Ranked Flex,Motaju,2018,Platinum IV (18 LP),1337,Silver II (87 LP)
2026-07-01T20:31:15,떼그라떼그라떼그라떼그라떼그라떼,kr12,KR,Ranked Flex,Motaju,1365,Silver II (100 LP),802,Bronze II (52 LP)
2026-07-01T22:44:00,SasimySean,4174,KR,Ranked Flex,Sean,1159,Silver III (34 LP),938,Bronze I (63 LP)
2026-07-01T22:44:10,일회용라이타,KR1,KR,Ranked Flex,Sean,1124,Silver IV (100 LP),958,Bronze I (83 LP)
2026-07-01T22:44:17,떼그라션2,4174,KR,Ranked Flex,Sean,748,Bronze III (100 LP),912,Bronze I (37 LP)
2026-07-01T22:44:30,떼그라션,4174,KR,Ranked Flex,Sean,753,Bronze II (3 LP),1003,Silver IV (3 LP)
2026-07-01T22:44:40,떼그라숀,4174,KR,Ranked Flex,Sean,773,Bronze II (23 LP),1015,Silver IV (15 LP)
2026-07-01T22:44:47,떼그라대,dani,KR,Ranked Flex,Dani,770,Bronze II (20 LP),516,Bronze IV (16 LP)
2026-07-01T22:45:00,떼그라월,1234,KR,Ranked Flex,Wallace,770,Bronze II (20 LP),804,Bronze II (54 LP)
2026-07-01T22:45:17,떼그라호,0627,KR,Ranked Flex,함팀장님,710,Bronze III (85 LP),1069,Silver IV (69 LP)
2026-07-01T22:45:27,qwer,a000,KR,Ranked Flex,함팀장님,1631,Gold III (6 LP),1678,Gold III (53 LP)
2026-07-01T22:45:37,거북이,0627,KR,Ranked Flex,함팀장님,1642,Gold III (17 LP),1514,Gold IV (14 LP)
2026-07-01T22:46:03,떼그라클,k91,KR,Ranked Flex,Michael,858,Bronze II (100 LP),961,Bronze I (86 LP)
2026-07-01T22:46:13,펑키왈숙,6117,KR,Ranked Flex,Motaju,865,Bronze II (100 LP),1047,Silver IV (47 LP)
2026-07-01T22:46:23,떼그라쥬,RTG,KR,Ranked Flex,Motaju,2018,Platinum IV (18 LP),1337,Silver II (87 LP)
2026-07-01T22:46:34,떼그라떼그라떼그라떼그라떼그라떼,kr12,KR,Ranked Flex,Motaju,1365,Silver II (100 LP),802,Bronze II (52 LP)
2026-07-03T13:02:01,SasimySean,4174,KR,Ranked Flex,Sean,1144,Silver III (19 LP),938,Bronze I (63 LP)
2026-07-03T13:02:14,일회용라이타,KR1,KR,Ranked Flex,Sean,1106,Silver IV (100 LP),958,Bronze I (83 LP)
2026-07-03T13:02:24,떼그라션2,4174,KR,Ranked Flex,Sean,743,Bronze III (100 LP),912,Bronze I (37 LP)
2026-07-03T13:02:44,떼그라션,4174,KR,Ranked Flex,Sean,738,Bronze III (100 LP),1003,Silver IV (3 LP)
2026-07-03T13:02:53,떼그라숀,4174,KR,Ranked Flex,Sean,773,Bronze II (23 LP),1015,Silver IV (15 LP)
2026-07-03T13:03:07,떼그라대,dani,KR,Ranked Flex,Dani,697,Bronze III (72 LP),500,Bronze IV (0 LP)
2026-07-03T13:03:20,떼그라월,1234,KR,Ranked Flex,Wallace,697,Bronze III (72 LP),804,Bronze II (54 LP)
2026-07-03T13:03:33,떼그라호,0627,KR,Ranked Flex,함팀장님,1100,Silver IV (100 LP),1088,Silver IV (88 LP)
2026-07-03T13:03:46,qwer,a000,KR,Ranked Flex,함팀장님,1698,Gold III (73 LP),1656,Gold III (31 LP)
2026-07-03T13:04:02,거북이,0627,KR,Ranked Flex,함팀장님,1642,Gold III (17 LP),1514,Gold IV (14 LP)
2026-07-03T13:04:22,떼그라클,k91,KR,Ranked Flex,Michael,680,Bronze III (55 LP),1000,Silver IV (0 LP)
2026-07-03T13:04:32,펑키왈숙,6117,KR,Ranked Flex,Motaju,875,Bronze I (0 LP),1047,Silver IV (47 LP)
2026-07-03T13:04:39,떼그라쥬,RTG,KR,Ranked Flex,Motaju,2018,Platinum IV (18 LP),1337,Silver II (87 LP)
2026-07-03T13:04:46,떼그라떼그라떼그라떼그라떼그라떼,kr12,KR,Ranked Flex,Motaju,1360,Silver II (100 LP),802,Bronze II (52 LP)
2026-07-03T16:26:14,떼그라대,dani,KR,Ranked Flex,Dani,680,Bronze III (55 LP),501,Bronze IV (1 LP)
2026-07-03T17:00:23,SasimySean,4174,KR,Ranked Flex,Sean,1144,Silver III (19 LP),938,Bronze I (63 LP)
2026-07-03T17:00:33,일회용라이타,KR1,KR,Ranked Flex,Sean,1110,Silver IV (100 LP),958,Bronze I (83 LP)
2026-07-03T17:00:43,떼그라션2,4174,KR,Ranked Flex,Sean,743,Bronze III (100 LP),912,Bronze I (37 LP)
2026-07-03T17:00:50,떼그라션,4174,KR,Ranked Flex,Sean,738,Bronze III (100 LP),1003,Silver IV (3 LP)
2026-07-03T17:01:00,떼그라숀,4174,KR,Ranked Flex,Sean,762,Bronze II (12 LP),1015,Silver IV (15 LP)
2026-07-03T17:01:07,떼그라대,dani,KR,Ranked Flex,Dani,680,Bronze III (55 LP),501,Bronze IV (1 LP)
2026-07-03T17:01:16,떼그라월,1234,KR,Ranked Flex,Wallace,680,Bronze III (55 LP),783,Bronze II (33 LP)
2026-07-03T17:01:33,떼그라호,0627,KR,Ranked Flex,함팀장님,1100,Silver IV (100 LP),1088,Silver IV (88 LP)
2026-07-03T17:01:40,qwer,a000,KR,Ranked Flex,함팀장님,1698,Gold III (73 LP),1656,Gold III (31 LP)
2026-07-03T17:01:47,거북이,0627,KR,Ranked Flex,함팀장님,1642,Gold III (17 LP),1514,Gold IV (14 LP)
2026-07-03T17:02:00,떼그라클,k91,KR,Ranked Flex,Michael,748,Bronze III (100 LP),944,Bronze I (69 LP)
2026-07-03T17:02:10,펑키왈숙,6117,KR,Ranked Flex,Motaju,875,Bronze I (0 LP),1047,Silver IV (47 LP)
2026-07-03T17:02:17,떼그라쥬,RTG,KR,Ranked Flex,Motaju,2018,Platinum IV (18 LP),1337,Silver II (87 LP)
2026-07-03T17:02:27,떼그라떼그라떼그라떼그라떼그라떼,kr12,KR,Ranked Flex,Motaju,1360,Silver II (100 LP),802,Bronze II (52 LP)
2026-07-03T18:20:39,qwer,a000,KR,Ranked Flex,함팀장님,1698,Gold III (73 LP),1656,Gold III (31 LP)
2026-07-03T18:21:02,떼그라호,0627,KR,Ranked Flex,함팀장님,1055,Silver IV (55 LP),1088,Silver IV (88 LP)
2026-07-05T11:34:28,SasimySean,4174,KR,Ranked Flex,Sean,1144,Silver III (19 LP),938,Bronze I (63 LP)
2026-07-05T11:34:41,일회용라이타,KR1,KR,Ranked Flex,Sean,1101,Silver IV (100 LP),958,Bronze I (83 LP)
2026-07-05T11:34:48,떼그라션2,4174,KR,Ranked Flex,Sean,748,Bronze III (100 LP),912,Bronze I (37 LP)
2026-07-05T11:34:58,떼그라션,4174,KR,Ranked Flex,Sean,738,Bronze III (100 LP),1003,Silver IV (3 LP)
2026-07-05T11:35:08,떼그라숀,4174,KR,Ranked Flex,Sean,762,Bronze II (12 LP),1015,Silver IV (15 LP)
2026-07-05T11:35:18,떼그라대,dani,KR,Ranked Flex,Dani,776,Bronze II (26 LP),500,Bronze IV (0 LP)
2026-07-05T11:35:27,떼그라월,1234,KR,Ranked Flex,Wallace,891,Bronze I (16 LP),716,Bronze III (91 LP)
2026-07-05T11:35:41,떼그라호,0627,KR,Ranked Flex,함팀장님,1186,Silver III (61 LP),1086,Silver IV (86 LP)
2026-07-05T11:35:48,qwer,a000,KR,Ranked Flex,함팀장님,1703,Gold III (78 LP),1656,Gold III (31 LP)
2026-07-05T11:36:04,거북이,0627,KR,Ranked Flex,함팀장님,1642,Gold III (17 LP),1514,Gold IV (14 LP)
2026-07-05T11:36:21,떼그라클,k91,KR,Ranked Flex,Michael,894,Bronze I (19 LP),828,Bronze II (78 LP)
2026-07-05T11:36:27,펑키왈숙,6117,KR,Ranked Flex,Motaju,858,Bronze II (100 LP),1047,Silver IV (47 LP)
2026-07-05T11:36:37,떼그라쥬,RTG,KR,Ranked Flex,Motaju,2022,Platinum IV (22 LP),1337,Silver II (87 LP)
2026-07-05T11:36:47,떼그라떼그라떼그라떼그라떼그라떼,kr12,KR,Ranked Flex,Motaju,1349,Silver II (99 LP),802,Bronze II (52 LP)
2026-07-06T17:16:59,SasimySean,4174,KR,Ranked Flex,Sean,1144,Silver III (19 LP),938,Bronze I (63 LP)
2026-07-06T17:17:06,일회용라이타,KR1,KR,Ranked Flex,Sean,1110,Silver IV (100 LP),958,Bronze I (83 LP)
2026-07-06T17:17:16,떼그라션2,4174,KR,Ranked Flex,Sean,743,Bronze III (100 LP),912,Bronze I (37 LP)
2026-07-06T17:17:23,떼그라션,4174,KR,Ranked Flex,Sean,748,Bronze III (100 LP),1003,Silver IV (3 LP)
2026-07-06T17:17:30,떼그라숀,4174,KR,Ranked Flex,Sean,762,Bronze II (12 LP),1015,Silver IV (15 LP)
2026-07-06T17:17:39,떼그라대,dani,KR,Ranked Flex,Dani,880,Bronze I (5 LP),500,Bronze IV (0 LP)
2026-07-06T17:17:46,떼그라월,1234,KR,Ranked Flex,Wallace,873,Bronze II (100 LP),714,Bronze III (89 LP)
2026-07-06T17:18:00,떼그라호,0627,KR,Ranked Flex,함팀장님,1310,Silver II (60 LP),1169,Silver III (44 LP)
2026-07-06T17:18:07,qwer,a000,KR,Ranked Flex,함팀장님,1703,Gold III (78 LP),1656,Gold III (31 LP)
2026-07-06T17:18:17,거북이,0627,KR,Ranked Flex,함팀장님,1642,Gold III (17 LP),1514,Gold IV (14 LP)
2026-07-06T17:18:30,떼그라클,k91,KR,Ranked Flex,Michael,740,Bronze III (100 LP),889,Bronze I (14 LP)
2026-07-06T17:18:49,펑키왈숙,6117,KR,Ranked Flex,Motaju,867,Bronze II (100 LP),1047,Silver IV (47 LP)
2026-07-06T17:18:56,떼그라쥬,RTG,KR,Ranked Flex,Motaju,2022,Platinum IV (22 LP),1337,Silver II (87 LP)
2026-07-06T17:19:06,떼그라떼그라떼그라떼그라떼그라떼,kr12,KR,Ranked Flex,Motaju,1349,Silver II (99 LP),802,Bronze II (52 LP)
2026-07-06T19:54:16,SasimySean,4174,KR,Ranked Flex,Sean,1144,Silver III (19 LP),938,Bronze I (63 LP)
2026-07-06T19:54:26,일회용라이타,KR1,KR,Ranked Flex,Sean,1106,Silver IV (100 LP),958,Bronze I (83 LP)
2026-07-06T19:54:39,떼그라션2,4174,KR,Ranked Flex,Sean,836,Bronze II (86 LP),920,Bronze I (45 LP)
2026-07-06T19:54:49,떼그라션,4174,KR,Ranked Flex,Sean,748,Bronze III (100 LP),1003,Silver IV (3 LP)
2026-07-06T19:54:59,떼그라숀,4174,KR,Ranked Flex,Sean,767,Bronze II (17 LP),1015,Silver IV (15 LP)
2026-07-06T19:55:12,떼그라대,dani,KR,Ranked Flex,Dani,965,Bronze I (90 LP),500,Bronze IV (0 LP)
2026-07-06T19:55:22,떼그라월,1234,KR,Ranked Flex,Wallace,965,Bronze I (90 LP),712,Bronze III (87 LP)
2026-07-06T19:55:42,떼그라호,0627,KR,Ranked Flex,함팀장님,1022,Silver IV (22 LP),1169,Silver III (44 LP)
2026-07-06T19:55:58,qwer,a000,KR,Ranked Flex,함팀장님,1698,Gold III (73 LP),1656,Gold III (31 LP)
2026-07-06T19:56:05,거북이,0627,KR,Ranked Flex,함팀장님,1642,Gold III (17 LP),1514,Gold IV (14 LP)
2026-07-06T19:56:15,떼그라클,k91,KR,Ranked Flex,Michael,922,Bronze I (47 LP),887,Bronze I (12 LP)
2026-07-06T19:56:18,펑키왈숙,6117,KR,Ranked Flex,Motaju,867,Bronze II (100 LP),1047,Silver IV (47 LP)
2026-07-06T19:56:28,떼그라쥬,RTG,KR,Ranked Flex,Motaju,2022,Platinum IV (22 LP),1337,Silver II (87 LP)
2026-07-06T19:56:38,떼그라떼그라떼그라떼그라떼그라떼,kr12,KR,Ranked Flex,Motaju,1349,Silver II (99 LP),802,Bronze II (52 LP)
2026-07-08T00:02:43,qwer,a000,KR,Ranked Flex,함팀장님,1686,Gold III (61 LP),1652,Gold III (27 LP)
2026-07-08T00:44:39,떼그라호,0627,KR,Ranked Flex,함팀장님,940,Bronze I (65 LP),1209,Silver III (84 LP)
2026-07-09T16:39:03,SasimySean,4174,KR,Ranked Flex,Sean,1149,Silver III (24 LP),938,Bronze I (63 LP)
2026-07-09T16:39:10,일회용라이타,KR1,KR,Ranked Flex,Sean,1106,Silver IV (100 LP),958,Bronze I (83 LP)
2026-07-09T16:39:20,떼그라션2,4174,KR,Ranked Flex,Sean,850,Bronze II (100 LP),920,Bronze I (45 LP)
2026-07-09T16:39:27,떼그라션,4174,KR,Ranked Flex,Sean,743,Bronze III (100 LP),1003,Silver IV (3 LP)
2026-07-09T16:39:36,떼그라숀,4174,KR,Ranked Flex,Sean,767,Bronze II (17 LP),1015,Silver IV (15 LP)
2026-07-09T16:39:46,떼그라대,dani,KR,Ranked Flex,Dani,935,Bronze I (60 LP),517,Bronze IV (17 LP)
2026-07-09T16:40:29,떼그라호,0627,KR,Ranked Flex,함팀장님,1088,Silver IV (88 LP),1169,Silver III (44 LP)
2026-07-09T16:40:35,qwer,a000,KR,Ranked Flex,함팀장님,1567,Gold IV (67 LP),1630,Gold III (5 LP)
2026-07-09T16:40:42,거북이,0627,KR,Ranked Flex,함팀장님,1659,Gold III (34 LP),1514,Gold IV (14 LP)
2026-07-09T16:41:05,떼그라클,k91,KR,Ranked Flex,Michael,831,Bronze II (81 LP),883,Bronze I (8 LP)
2026-07-09T16:41:12,펑키왈숙,6117,KR,Ranked Flex,Motaju,872,Bronze II (100 LP),1047,Silver IV (47 LP)
2026-07-09T16:41:25,떼그라쥬,RTG,KR,Ranked Flex,Motaju,2008,Platinum IV (8 LP),1337,Silver II (87 LP)
2026-07-09T16:41:41,떼그라떼그라떼그라떼그라떼그라떼,kr12,KR,Ranked Flex,Motaju,1349,Silver II (99 LP),802,Bronze II (52 LP)
2026-07-09T17:58:33,SasimySean,4174,KR,Ranked Flex,Sean,1149,Silver III (24 LP),938,Bronze I (63 LP)
2026-07-09T17:58:43,일회용라이타,KR1,KR,Ranked Flex,Sean,1106,Silver IV (100 LP),958,Bronze I (83 LP)
2026-07-09T17:58:56,떼그라션2,4174,KR,Ranked Flex,Sean,911,Bronze I (36 LP),920,Bronze I (45 LP)
2026-07-09T17:59:06,떼그라션,4174,KR,Ranked Flex,Sean,743,Bronze III (100 LP),1003,Silver IV (3 LP)
2026-07-09T17:59:16,떼그라숀,4174,KR,Ranked Flex,Sean,767,Bronze II (17 LP),1015,Silver IV (15 LP)
2026-07-09T17:59:26,떼그라대,dani,KR,Ranked Flex,Dani,894,Bronze I (19 LP),536,Bronze IV (36 LP)
2026-07-09T17:59:36,떼그라월,1234,KR,Ranked Flex,Wallace,894,Bronze I (19 LP),722,Bronze III (97 LP)
2026-07-09T17:59:52,떼그라호,0627,KR,Ranked Flex,함팀장님,957,Bronze I (82 LP),1189,Silver III (64 LP)
2026-07-09T18:00:05,qwer,a000,KR,Ranked Flex,함팀장님,1567,Gold IV (67 LP),1630,Gold III (5 LP)
2026-07-09T18:00:18,거북이,0627,KR,Ranked Flex,함팀장님,1659,Gold III (34 LP),1514,Gold IV (14 LP)
2026-07-09T18:00:35,떼그라클,k91,KR,Ranked Flex,Michael,856,Bronze II (100 LP),902,Bronze I (27 LP)
2026-07-09T18:00:48,펑키왈숙,6117,KR,Ranked Flex,Motaju,872,Bronze II (100 LP),1047,Silver IV (47 LP)
2026-07-09T18:00:58,떼그라쥬,RTG,KR,Ranked Flex,Motaju,2008,Platinum IV (8 LP),1337,Silver II (87 LP)
2026-07-09T18:01:11,떼그라떼그라떼그라떼그라떼그라떼,kr12,KR,Ranked Flex,Motaju,1349,Silver II (99 LP),802,Bronze II (52 LP)
2026-07-09T19:24:10,SasimySean,4174,KR,Ranked Flex,Sean,1149,Silver III (24 LP),938,Bronze I (63 LP)
2026-07-09T19:24:16,일회용라이타,KR1,KR,Ranked Flex,Sean,1101,Silver IV (100 LP),958,Bronze I (83 LP)
2026-07-09T19:24:29,떼그라션2,4174,KR,Ranked Flex,Sean,940,Bronze I (65 LP),928,Bronze I (53 LP)
2026-07-09T19:24:43,떼그라션,4174,KR,Ranked Flex,Sean,743,Bronze III (100 LP),1003,Silver IV (3 LP)
2026-07-09T19:24:53,떼그라숀,4174,KR,Ranked Flex,Sean,767,Bronze II (17 LP),1015,Silver IV (15 LP)
2026-07-09T19:24:56,떼그라대,dani,KR,Ranked Flex,Dani,915,Bronze I (40 LP),515,Bronze IV (15 LP)
2026-07-09T19:25:03,떼그라월,1234,KR,Ranked Flex,Wallace,915,Bronze I (40 LP),701,Bronze III (76 LP)
2026-07-09T19:25:16,떼그라호,0627,KR,Ranked Flex,함팀장님,872,Bronze II (100 LP),1169,Silver III (44 LP)
2026-07-09T19:25:26,qwer,a000,KR,Ranked Flex,함팀장님,1573,Gold IV (73 LP),1630,Gold III (5 LP)
2026-07-09T19:25:36,거북이,0627,KR,Ranked Flex,함팀장님,1659,Gold III (34 LP),1514,Gold IV (14 LP)
2026-07-09T19:25:49,떼그라클,k91,KR,Ranked Flex,Michael,878,Bronze I (3 LP),881,Bronze I (6 LP)
2026-07-09T19:25:56,펑키왈숙,6117,KR,Ranked Flex,Motaju,872,Bronze II (100 LP),1047,Silver IV (47 LP)
2026-07-09T19:26:03,떼그라쥬,RTG,KR,Ranked Flex,Motaju,2008,Platinum IV (8 LP),1337,Silver II (87 LP)
2026-07-09T19:26:10,떼그라떼그라떼그라떼그라떼그라떼,kr12,KR,Ranked Flex,Motaju,1349,Silver II (99 LP),802,Bronze II (52 LP)
2026-07-10T19:10:38,SasimySean,4174,KR,Ranked Flex,Sean,1149,Silver III (24 LP),938,Bronze I (63 LP)
2026-07-10T19:10:45,일회용라이타,KR1,KR,Ranked Flex,Sean,1101,Silver IV (100 LP),958,Bronze I (83 LP)
2026-07-10T19:10:58,떼그라션2,4174,KR,Ranked Flex,Sean,945,Bronze I (70 LP),928,Bronze I (53 LP)
2026-07-10T19:11:11,떼그라션,4174,KR,Ranked Flex,Sean,743,Bronze III (100 LP),1003,Silver IV (3 LP)
2026-07-10T19:11:21,떼그라숀,4174,KR,Ranked Flex,Sean,762,Bronze II (12 LP),1015,Silver IV (15 LP)
2026-07-10T19:11:28,떼그라대,dani,KR,Ranked Flex,Dani,935,Bronze I (60 LP),513,Bronze IV (13 LP)
2026-07-10T19:11:38,떼그라월,1234,KR,Ranked Flex,Wallace,915,Bronze I (40 LP),701,Bronze III (76 LP)
2026-07-10T19:11:55,떼그라호,0627,KR,Ranked Flex,함팀장님,872,Bronze II (100 LP),1169,Silver III (44 LP)
2026-07-10T19:12:04,qwer,a000,KR,Ranked Flex,함팀장님,1584,Gold IV (84 LP),1630,Gold III (5 LP)
2026-07-10T19:12:14,거북이,0627,KR,Ranked Flex,함팀장님,1659,Gold III (34 LP),1514,Gold IV (14 LP)
2026-07-10T19:12:31,떼그라클,k91,KR,Ranked Flex,Michael,1027,Silver IV (27 LP),917,Bronze I (42 LP)
2026-07-10T19:12:41,펑키왈숙,6117,KR,Ranked Flex,Motaju,877,Bronze I (2 LP),1047,Silver IV (47 LP)
2026-07-10T19:12:51,떼그라쥬,RTG,KR,Ranked Flex,Motaju,2008,Platinum IV (8 LP),1337,Silver II (87 LP)
2026-07-10T19:12:54,떼그라떼그라떼그라떼그라떼그라떼,kr12,KR,Ranked Flex,Motaju,1349,Silver II (99 LP),802,Bronze II (52 LP)
2026-07-14T07:08:41,SasimySean,4174,KR,Ranked Flex,Sean,1144,Silver III (19 LP),938,Bronze I (63 LP)
2026-07-14T07:08:54,일회용라이타,KR1,KR,Ranked Flex,Sean,1101,Silver IV (100 LP),958,Bronze I (83 LP)
2026-07-14T07:09:11,떼그라션2,4174,KR,Ranked Flex,Sean,940,Bronze I (65 LP),928,Bronze I (53 LP)
2026-07-14T07:09:21,떼그라션,4174,KR,Ranked Flex,Sean,743,Bronze III (100 LP),1003,Silver IV (3 LP)
2026-07-14T07:09:30,떼그라숀,4174,KR,Ranked Flex,Sean,751,Bronze II (1 LP),1015,Silver IV (15 LP)
2026-07-14T07:09:43,떼그라대,dani,KR,Ranked Flex,Dani,979,Bronze I (100 LP),576,Bronze IV (76 LP)
2026-07-14T07:09:50,떼그라월,1234,KR,Ranked Flex,Wallace,937,Bronze I (62 LP),785,Bronze II (35 LP)
2026-07-14T07:10:00,떼그라호,0627,KR,Ranked Flex,함팀장님,1258,Silver II (8 LP),1174,Silver III (49 LP)
2026-07-14T07:10:13,qwer,a000,KR,Ranked Flex,함팀장님,1590,Gold IV (90 LP),1630,Gold III (5 LP)
2026-07-14T07:10:20,거북이,0627,KR,Ranked Flex,함팀장님,1648,Gold III (23 LP),1514,Gold IV (14 LP)
2026-07-14T07:10:37,떼그라클,k91,KR,Ranked Flex,Michael,925,Bronze I (50 LP),954,Bronze I (79 LP)
2026-07-14T07:10:43,펑키왈숙,6117,KR,Ranked Flex,Motaju,867,Bronze II (100 LP),1047,Silver IV (47 LP)
2026-07-14T07:10:53,떼그라쥬,RTG,KR,Ranked Flex,Motaju,2022,Platinum IV (22 LP),1337,Silver II (87 LP)
2026-07-14T07:11:03,떼그라떼그라떼그라떼그라떼그라떼,kr12,KR,Ranked Flex,Motaju,1365,Silver II (100 LP),802,Bronze II (52 LP)
2026-07-14T14:47:18,SasimySean,4174,KR,Ranked Flex,Sean,1144,Silver III (19 LP),938,Bronze I (63 LP)
2026-07-14T14:47:25,일회용라이타,KR1,KR,Ranked Flex,Sean,1101,Silver IV (100 LP),958,Bronze I (83 LP)
2026-07-14T14:47:38,떼그라션2,4174,KR,Ranked Flex,Sean,940,Bronze I (65 LP),928,Bronze I (53 LP)
2026-07-14T14:47:45,떼그라션,4174,KR,Ranked Flex,Sean,743,Bronze III (100 LP),1003,Silver IV (3 LP)
2026-07-14T14:47:51,떼그라숀,4174,KR,Ranked Flex,Sean,751,Bronze II (1 LP),1015,Silver IV (15 LP)
2026-07-14T14:48:08,떼그라대,dani,KR,Ranked Flex,Dani,979,Bronze I (100 LP),576,Bronze IV (76 LP)
2026-07-14T14:48:17,떼그라월,1234,KR,Ranked Flex,Wallace,937,Bronze I (62 LP),785,Bronze II (35 LP)
2026-07-14T14:48:25,떼그라호,0627,KR,Ranked Flex,함팀장님,1258,Silver II (8 LP),1174,Silver III (49 LP)
2026-07-14T14:48:38,qwer,a000,KR,Ranked Flex,함팀장님,1590,Gold IV (90 LP),1630,Gold III (5 LP)
2026-07-14T14:48:45,거북이,0627,KR,Ranked Flex,함팀장님,1648,Gold III (23 LP),1514,Gold IV (14 LP)
2026-07-14T14:48:58,떼그라클,k91,KR,Ranked Flex,Michael,925,Bronze I (50 LP),954,Bronze I (79 LP)
2026-07-14T14:49:34,떼그라쥬,RTG,KR,Ranked Flex,Motaju,2022,Platinum IV (22 LP),1337,Silver II (87 LP)
2026-07-14T14:49:44,떼그라떼그라떼그라떼그라떼그라떼,kr12,KR,Ranked Flex,Motaju,1365,Silver II (100 LP),802,Bronze II (52 LP)
2026-07-14T18:17:37,SasimySean,4174,KR,Ranked Flex,Sean,1144,Silver III (19 LP),938,Bronze I (63 LP)
2026-07-14T18:17:44,일회용라이타,KR1,KR,Ranked Flex,Sean,1106,Silver IV (100 LP),958,Bronze I (83 LP)
2026-07-14T18:17:54,떼그라션2,4174,KR,Ranked Flex,Sean,775,Bronze II (25 LP),1001,Silver IV (1 LP)
2026-07-14T18:18:00,떼그라션,4174,KR,Ranked Flex,Sean,743,Bronze III (100 LP),1003,Silver IV (3 LP)
2026-07-14T18:18:10,떼그라숀,4174,KR,Ranked Flex,Sean,748,Bronze III (100 LP),1015,Silver IV (15 LP)
2026-07-14T18:18:20,떼그라대,dani,KR,Ranked Flex,Dani,764,Bronze II (14 LP),639,Bronze III (14 LP)
2026-07-14T18:18:30,떼그라월,1234,KR,Ranked Flex,Wallace,764,Bronze II (14 LP),823,Bronze II (73 LP)
2026-07-14T18:18:46,떼그라호,0627,KR,Ranked Flex,함팀장님,845,Bronze II (95 LP),1193,Silver III (68 LP)
2026-07-14T18:18:56,qwer,a000,KR,Ranked Flex,함팀장님,1590,Gold IV (90 LP),1630,Gold III (5 LP)
2026-07-14T18:19:03,거북이,0627,KR,Ranked Flex,함팀장님,1648,Gold III (23 LP),1514,Gold IV (14 LP)
2026-07-14T18:19:17,떼그라클,k91,KR,Ranked Flex,Michael,740,Bronze III (100 LP),1019,Silver IV (19 LP)
2026-07-14T18:19:26,펑키왈숙,6117,KR,Ranked Flex,Motaju,867,Bronze II (100 LP),1047,Silver IV (47 LP)
2026-07-14T18:19:36,떼그라쥬,RTG,KR,Ranked Flex,Motaju,2022,Platinum IV (22 LP),1337,Silver II (87 LP)
2026-07-14T18:19:46,떼그라떼그라떼그라떼그라떼그라떼,kr12,KR,Ranked Flex,Motaju,1365,Silver II (100 LP),802,Bronze II (52 LP)
2026-07-15T11:16:13,SasimySean,4174,KR,Ranked Flex,Sean,1144,Silver III (19 LP),938,Bronze I (63 LP)
2026-07-15T11:16:23,일회용라이타,KR1,KR,Ranked Flex,Sean,1106,Silver IV (100 LP),958,Bronze I (83 LP)
2026-07-15T11:16:36,떼그라션2,4174,KR,Ranked Flex,Sean,775,Bronze II (25 LP),1001,Silver IV (1 LP)
2026-07-15T11:16:46,떼그라션,4174,KR,Ranked Flex,Sean,743,Bronze III (100 LP),1003,Silver IV (3 LP)
2026-07-15T11:16:56,떼그라숀,4174,KR,Ranked Flex,Sean,758,Bronze II (8 LP),1015,Silver IV (15 LP)
2026-07-15T11:17:06,떼그라대,dani,KR,Ranked Flex,Dani,764,Bronze II (14 LP),639,Bronze III (14 LP)
2026-07-15T11:17:12,떼그라월,1234,KR,Ranked Flex,Wallace,764,Bronze II (14 LP),823,Bronze II (73 LP)
2026-07-15T11:17:26,떼그라호,0627,KR,Ranked Flex,함팀장님,845,Bronze II (95 LP),1213,Silver III (88 LP)
2026-07-15T11:17:36,qwer,a000,KR,Ranked Flex,함팀장님,1590,Gold IV (90 LP),1630,Gold III (5 LP)
2026-07-15T11:17:46,거북이,0627,KR,Ranked Flex,함팀장님,1648,Gold III (23 LP),1514,Gold IV (14 LP)
2026-07-15T11:17:59,떼그라클,k91,KR,Ranked Flex,Michael,740,Bronze III (100 LP),1019,Silver IV (19 LP)
2026-07-15T11:18:06,펑키왈숙,6117,KR,Ranked Flex,Motaju,867,Bronze II (100 LP),1047,Silver IV (47 LP)
2026-07-15T11:18:13,떼그라쥬,RTG,KR,Ranked Flex,Motaju,2018,Platinum IV (18 LP),1337,Silver II (87 LP)
2026-07-15T11:18:19,떼그라떼그라떼그라떼그라떼그라떼,kr12,KR,Ranked Flex,Motaju,1365,Silver II (100 LP),802,Bronze II (52 LP)
2026-07-15T17:37:53,SasimySean,4174,KR,Ranked Flex,Sean,1144,Silver III (19 LP),938,Bronze I (63 LP)
2026-07-15T17:38:06,일회용라이타,KR1,KR,Ranked Flex,Sean,1110,Silver IV (100 LP),958,Bronze I (83 LP)
2026-07-15T17:38:16,떼그라션2,4174,KR,Ranked Flex,Sean,775,Bronze II (25 LP),1001,Silver IV (1 LP)
2026-07-15T17:38:26,떼그라션,4174,KR,Ranked Flex,Sean,743,Bronze III (100 LP),1003,Silver IV (3 LP)
2026-07-15T17:38:32,떼그라숀,4174,KR,Ranked Flex,Sean,758,Bronze II (8 LP),1015,Silver IV (15 LP)
2026-07-15T17:38:42,떼그라대,dani,KR,Ranked Flex,Dani,795,Bronze II (45 LP),591,Bronze IV (91 LP)
2026-07-15T17:38:52,떼그라월,1234,KR,Ranked Flex,Wallace,795,Bronze II (45 LP),802,Bronze II (52 LP)
2026-07-15T17:39:05,떼그라호,0627,KR,Ranked Flex,함팀장님,1213,Silver III (88 LP),1213,Silver III (88 LP)
2026-07-15T17:39:12,qwer,a000,KR,Ranked Flex,함팀장님,1590,Gold IV (90 LP),1630,Gold III (5 LP)
2026-07-15T17:39:25,거북이,0627,KR,Ranked Flex,함팀장님,1648,Gold III (23 LP),1514,Gold IV (14 LP)
2026-07-15T17:39:36,떼그라클,k91,KR,Ranked Flex,Michael,768,Bronze II (18 LP),1000,Silver IV (0 LP)
2026-07-15T17:39:45,펑키왈숙,6117,KR,Ranked Flex,Motaju,867,Bronze II (100 LP),1047,Silver IV (47 LP)
2026-07-15T17:39:59,떼그라쥬,RTG,KR,Ranked Flex,Motaju,2018,Platinum IV (18 LP),1337,Silver II (87 LP)
2026-07-15T17:40:08,떼그라떼그라떼그라떼그라떼그라떼,kr12,KR,Ranked Flex,Motaju,1365,Silver II (100 LP),802,Bronze II (52 LP)
2026-07-16T08:56:16,SasimySean,4174,KR,Ranked Flex,Sean,945,Bronze I (70 LP),952,Bronze I (77 LP)
2026-07-16T08:56:26,일회용라이타,KR1,KR,Ranked Flex,Sean,1110,Silver IV (100 LP),958,Bronze I (83 LP)
2026-07-16T08:56:36,떼그라션2,4174,KR,Ranked Flex,Sean,770,Bronze II (20 LP),1001,Silver IV (1 LP)
2026-07-16T08:56:43,떼그라션,4174,KR,Ranked Flex,Sean,738,Bronze III (100 LP),1003,Silver IV (3 LP)
2026-07-16T08:56:53,떼그라숀,4174,KR,Ranked Flex,Sean,758,Bronze II (8 LP),1015,Silver IV (15 LP)
2026-07-16T08:57:03,떼그라대,dani,KR,Ranked Flex,Dani,835,Bronze II (85 LP),589,Bronze IV (89 LP)
2026-07-16T08:57:19,떼그라월,1234,KR,Ranked Flex,Wallace,835,Bronze II (85 LP),800,Bronze II (50 LP)
2026-07-16T08:57:35,떼그라호,0627,KR,Ranked Flex,함팀장님,993,Bronze I (100 LP),1258,Silver II (8 LP)
2026-07-16T08:57:42,qwer,a000,KR,Ranked Flex,함팀장님,1584,Gold IV (84 LP),1630,Gold III (5 LP)
2026-07-16T08:57:52,거북이,0627,KR,Ranked Flex,함팀장님,1648,Gold III (23 LP),1514,Gold IV (14 LP)
2026-07-16T08:58:21,떼그라클,k91,KR,Ranked Flex,Michael,804,Bronze II (54 LP),1019,Silver IV (19 LP)
2026-07-16T08:58:28,펑키왈숙,6117,KR,Ranked Flex,Motaju,867,Bronze II (100 LP),1047,Silver IV (47 LP)
2026-07-16T08:58:38,떼그라쥬,RTG,KR,Ranked Flex,Motaju,2022,Platinum IV (22 LP),1337,Silver II (87 LP)
2026-07-16T08:58:48,떼그라떼그라떼그라떼그라떼그라떼,kr12,KR,Ranked Flex,Motaju,1365,Silver II (100 LP),802,Bronze II (52 LP)
2026-07-16T09:15:16,SasimySean,4174,KR,Ranked Flex,Sean,945,Bronze I (70 LP),952,Bronze I (77 LP)
2026-07-16T17:27:06,SasimySean,4174,KR,Ranked Flex,Sean,940,Bronze I (65 LP),952,Bronze I (77 LP)
2026-07-16T17:27:08,일회용라이타,KR1,KR,Ranked Flex,Sean,1110,Silver IV (100 LP),958,Bronze I (83 LP)
2026-07-16T17:27:11,떼그라션2,4174,KR,Ranked Flex,Sean,770,Bronze II (20 LP),1001,Silver IV (1 LP)
2026-07-16T17:27:12,떼그라션,4174,KR,Ranked Flex,Sean,738,Bronze III (100 LP),1003,Silver IV (3 LP)
2026-07-16T17:27:19,떼그라숀,4174,KR,Ranked Flex,Sean,758,Bronze II (8 LP),1015,Silver IV (15 LP)
2026-07-16T17:27:26,떼그라대,dani,KR,Ranked Flex,Dani,1055,Silver IV (55 LP),589,Bronze IV (89 LP)
2026-07-16T17:27:36,떼그라월,1234,KR,Ranked Flex,Wallace,1055,Silver IV (55 LP),800,Bronze II (50 LP)
2026-07-16T17:27:52,떼그라호,0627,KR,Ranked Flex,함팀장님,1118,Silver IV (100 LP),1258,Silver II (8 LP)
2026-07-16T17:28:02,qwer,a000,KR,Ranked Flex,함팀장님,1584,Gold IV (84 LP),1630,Gold III (5 LP)
2026-07-16T17:28:12,거북이,0627,KR,Ranked Flex,함팀장님,1648,Gold III (23 LP),1514,Gold IV (14 LP)
2026-07-16T17:28:25,떼그라클,k91,KR,Ranked Flex,Michael,1001,Silver IV (1 LP),1019,Silver IV (19 LP)
2026-07-16T17:28:29,펑키왈숙,6117,KR,Ranked Flex,Motaju,872,Bronze II (100 LP),1047,Silver IV (47 LP)
2026-07-16T17:28:39,떼그라쥬,RTG,KR,Ranked Flex,Motaju,2022,Platinum IV (22 LP),1337,Silver II (87 LP)
2026-07-16T17:28:46,떼그라떼그라떼그라떼그라떼그라떼,kr12,KR,Ranked Flex,Motaju,1365,Silver II (100 LP),802,Bronze II (52 LP)
2026-07-16T18:17:56,SasimySean,4174,KR,Ranked Flex,Sean,1001,Silver IV (1 LP),938,Bronze I (63 LP)
2026-07-16T18:18:02,일회용라이타,KR1,KR,Ranked Flex,Sean,1110,Silver IV (100 LP),958,Bronze I (83 LP)
2026-07-16T18:18:09,떼그라션2,4174,KR,Ranked Flex,Sean,770,Bronze II (20 LP),1001,Silver IV (1 LP)
2026-07-16T18:18:32,떼그라션,4174,KR,Ranked Flex,Sean,738,Bronze III (100 LP),1003,Silver IV (3 LP)
2026-07-16T18:18:38,떼그라숀,4174,KR,Ranked Flex,Sean,758,Bronze II (8 LP),1015,Silver IV (15 LP)
2026-07-16T18:18:48,떼그라대,dani,KR,Ranked Flex,Dani,1055,Silver IV (55 LP),568,Bronze IV (68 LP)
2026-07-16T18:18:52,떼그라월,1234,KR,Ranked Flex,Wallace,1055,Silver IV (55 LP),779,Bronze II (29 LP)
2026-07-16T18:19:02,떼그라호,0627,KR,Ranked Flex,함팀장님,1118,Silver IV (100 LP),1213,Silver III (88 LP)
2026-07-16T18:19:09,qwer,a000,KR,Ranked Flex,함팀장님,1584,Gold IV (84 LP),1630,Gold III (5 LP)
2026-07-16T18:19:19,거북이,0627,KR,Ranked Flex,함팀장님,1648,Gold III (23 LP),1514,Gold IV (14 LP)
2026-07-16T18:20:04,펑키왈숙,6117,KR,Ranked Flex,Motaju,872,Bronze II (100 LP),1047,Silver IV (47 LP)
2026-07-16T18:20:11,떼그라쥬,RTG,KR,Ranked Flex,Motaju,2022,Platinum IV (22 LP),1337,Silver II (87 LP)
2026-07-16T18:20:14,떼그라떼그라떼그라떼그라떼그라떼,kr12,KR,Ranked Flex,Motaju,1365,Silver II (100 LP),802,Bronze II (52 LP)
2026-07-21T17:09:54,SasimySean,4174,KR,Ranked Flex,Sean,994,Bronze I (100 LP),964,Bronze I (89 LP)
2026-07-21T17:10:04,일회용라이타,KR1,KR,Ranked Flex,Sean,1117,Silver IV (100 LP),958,Bronze I (83 LP)
2026-07-21T17:10:10,떼그라션2,4174,KR,Ranked Flex,Sean,790,Bronze II (40 LP),1001,Silver IV (1 LP)
2026-07-21T17:10:14,떼그라션,4174,KR,Ranked Flex,Sean,743,Bronze III (100 LP),1003,Silver IV (3 LP)
2026-07-21T17:10:24,떼그라숀,4174,KR,Ranked Flex,Sean,779,Bronze II (29 LP),1015,Silver IV (15 LP)
2026-07-21T17:10:30,떼그라대,dani,KR,Ranked Flex,Dani,1027,Silver IV (27 LP),627,Bronze III (2 LP)
2026-07-21T17:10:41,떼그라월,1234,KR,Ranked Flex,Wallace,729,Bronze III (100 LP),881,Bronze I (6 LP)
2026-07-21T17:10:57,떼그라호,0627,KR,Ranked Flex,함팀장님,1014,Silver IV (14 LP),1015,Silver IV (15 LP)
2026-07-21T17:11:07,qwer,a000,KR,Ranked Flex,함팀장님,1590,Gold IV (90 LP),1630,Gold III (5 LP)
2026-07-21T17:11:14,거북이,0627,KR,Ranked Flex,함팀장님,1653,Gold III (28 LP),1514,Gold IV (14 LP)
2026-07-21T17:11:28,떼그라클,k91,KR,Ranked Flex,Michael,970,Bronze I (95 LP),1019,Silver IV (19 LP)
2026-07-21T17:11:41,펑키왈숙,6117,KR,Ranked Flex,Motaju,867,Bronze II (100 LP),1047,Silver IV (47 LP)
2026-07-21T17:12:00,떼그라쥬,RTG,KR,Ranked Flex,Motaju,2248,Platinum III (100 LP),1414,Silver I (39 LP)
2026-07-21T17:12:10,떼그라떼그라떼그라떼그라떼그라떼,kr12,KR,Ranked Flex,Motaju,1376,Silver I (1 LP),802,Bronze II (52 LP)
2026-07-21T17:47:54,SasimySean,4174,KR,Ranked Flex,Sean,947,Bronze I (72 LP),964,Bronze I (89 LP)
2026-07-21T17:48:00,일회용라이타,KR1,KR,Ranked Flex,Sean,1117,Silver IV (100 LP),958,Bronze I (83 LP)
2026-07-21T17:48:07,떼그라션2,4174,KR,Ranked Flex,Sean,790,Bronze II (40 LP),1001,Silver IV (1 LP)
2026-07-21T17:48:17,떼그라션,4174,KR,Ranked Flex,Sean,743,Bronze III (100 LP),1003,Silver IV (3 LP)
2026-07-21T17:48:27,떼그라숀,4174,KR,Ranked Flex,Sean,779,Bronze II (29 LP),1015,Silver IV (15 LP)
2026-07-21T17:48:34,떼그라대,dani,KR,Ranked Flex,Dani,863,Bronze II (100 LP),627,Bronze III (2 LP)
2026-07-21T17:48:50,떼그라월,1234,KR,Ranked Flex,Wallace,724,Bronze III (99 LP),881,Bronze I (6 LP)
2026-07-21T17:49:06,떼그라호,0627,KR,Ranked Flex,함팀장님,988,Bronze I (100 LP),1015,Silver IV (15 LP)
2026-07-21T17:49:19,qwer,a000,KR,Ranked Flex,함팀장님,1590,Gold IV (90 LP),1630,Gold III (5 LP)
2026-07-21T17:49:26,거북이,0627,KR,Ranked Flex,함팀장님,1653,Gold III (28 LP),1514,Gold IV (14 LP)
2026-07-21T17:49:40,떼그라클,k91,KR,Ranked Flex,Michael,825,Bronze II (75 LP),1019,Silver IV (19 LP)
2026-07-21T17:49:50,펑키왈숙,6117,KR,Ranked Flex,Motaju,867,Bronze II (100 LP),1047,Silver IV (47 LP)
2026-07-21T17:50:00,떼그라쥬,RTG,KR,Ranked Flex,Motaju,2248,Platinum III (100 LP),1414,Silver I (39 LP)
2026-07-21T17:50:06,떼그라떼그라떼그라떼그라떼그라떼,kr12,KR,Ranked Flex,Motaju,1376,Silver I (1 LP),802,Bronze II (52 LP)
2026-07-21T18:28:18,SasimySean,4174,KR,Ranked Flex,Sean,947,Bronze I (72 LP),1015,Silver IV (15 LP)
2026-07-21T18:28:28,일회용라이타,KR1,KR,Ranked Flex,Sean,1117,Silver IV (100 LP),958,Bronze I (83 LP)
2026-07-21T18:28:38,떼그라션2,4174,KR,Ranked Flex,Sean,790,Bronze II (40 LP),1001,Silver IV (1 LP)
2026-07-21T18:28:48,떼그라션,4174,KR,Ranked Flex,Sean,743,Bronze III (100 LP),1003,Silver IV (3 LP)
2026-07-21T18:28:55,떼그라숀,4174,KR,Ranked Flex,Sean,779,Bronze II (29 LP),1015,Silver IV (15 LP)
2026-07-21T18:29:01,떼그라대,dani,KR,Ranked Flex,Dani,863,Bronze II (100 LP),646,Bronze III (21 LP)
2026-07-21T18:29:11,떼그라월,1234,KR,Ranked Flex,Wallace,724,Bronze III (99 LP),901,Bronze I (26 LP)
2026-07-21T18:29:21,떼그라호,0627,KR,Ranked Flex,함팀장님,988,Bronze I (100 LP),1033,Silver IV (33 LP)
2026-07-21T18:29:34,qwer,a000,KR,Ranked Flex,함팀장님,1590,Gold IV (90 LP),1630,Gold III (5 LP)
2026-07-21T18:29:41,거북이,0627,KR,Ranked Flex,함팀장님,1653,Gold III (28 LP),1514,Gold IV (14 LP)
2026-07-21T18:29:55,떼그라클,k91,KR,Ranked Flex,Michael,825,Bronze II (75 LP),1038,Silver IV (38 LP)
2026-07-21T18:30:05,펑키왈숙,6117,KR,Ranked Flex,Motaju,867,Bronze II (100 LP),1047,Silver IV (47 LP)
2026-07-21T18:30:18,떼그라쥬,RTG,KR,Ranked Flex,Motaju,2248,Platinum III (100 LP),1414,Silver I (39 LP)
2026-07-21T18:30:24,떼그라떼그라떼그라떼그라떼그라떼,kr12,KR,Ranked Flex,Motaju,1376,Silver I (1 LP),802,Bronze II (52 LP)
2026-07-21T19:04:26,SasimySean,4174,KR,Ranked Flex,Sean,947,Bronze I (72 LP),1015,Silver IV (15 LP)
2026-07-21T19:04:36,일회용라이타,KR1,KR,Ranked Flex,Sean,1099,Silver IV (99 LP),948,Bronze I (73 LP)
2026-07-21T19:04:49,떼그라션2,4174,KR,Ranked Flex,Sean,795,Bronze II (45 LP),1001,Silver IV (1 LP)
2026-07-21T19:05:02,떼그라션,4174,KR,Ranked Flex,Sean,743,Bronze III (100 LP),1003,Silver IV (3 LP)
2026-07-21T19:05:12,떼그라숀,4174,KR,Ranked Flex,Sean,779,Bronze II (29 LP),1015,Silver IV (15 LP)
2026-07-21T19:05:17,떼그라대,dani,KR,Ranked Flex,Dani,882,Bronze I (7 LP),625,Bronze III (0 LP)
2026-07-21T19:05:26,떼그라월,1234,KR,Ranked Flex,Wallace,882,Bronze I (7 LP),881,Bronze I (6 LP)
2026-07-21T19:05:40,떼그라호,0627,KR,Ranked Flex,함팀장님,955,Bronze I (80 LP),1011,Silver IV (11 LP)
2026-07-21T19:05:47,qwer,a000,KR,Ranked Flex,함팀장님,1590,Gold IV (90 LP),1630,Gold III (5 LP)
2026-07-21T19:05:53,거북이,0627,KR,Ranked Flex,함팀장님,1653,Gold III (28 LP),1514,Gold IV (14 LP)
2026-07-21T19:06:03,떼그라클,k91,KR,Ranked Flex,Michael,843,Bronze II (93 LP),1017,Silver IV (17 LP)
2026-07-21T19:06:16,펑키왈숙,6117,KR,Ranked Flex,Motaju,867,Bronze II (100 LP),1047,Silver IV (47 LP)
2026-07-21T19:06:30,떼그라쥬,RTG,KR,Ranked Flex,Motaju,2248,Platinum III (100 LP),1414,Silver I (39 LP)
2026-07-21T19:06:39,떼그라떼그라떼그라떼그라떼그라떼,kr12,KR,Ranked Flex,Motaju,1376,Silver I (1 LP),802,Bronze II (52 LP)
2026-07-21T19:53:13,SasimySean,4174,KR,Ranked Flex,Sean,947,Bronze I (72 LP),1015,Silver IV (15 LP)
2026-07-21T19:53:19,일회용라이타,KR1,KR,Ranked Flex,Sean,1099,Silver IV (99 LP),948,Bronze I (73 LP)
2026-07-21T19:53:26,떼그라션2,4174,KR,Ranked Flex,Sean,795,Bronze II (45 LP),1001,Silver IV (1 LP)
2026-07-21T19:53:36,떼그라션,4174,KR,Ranked Flex,Sean,743,Bronze III (100 LP),1003,Silver IV (3 LP)
2026-07-21T19:53:46,떼그라숀,4174,KR,Ranked Flex,Sean,779,Bronze II (29 LP),1015,Silver IV (15 LP)
2026-07-21T19:53:56,떼그라대,dani,KR,Ranked Flex,Dani,882,Bronze I (7 LP),625,Bronze III (0 LP)
2026-07-21T19:54:02,떼그라월,1234,KR,Ranked Flex,Wallace,882,Bronze I (7 LP),881,Bronze I (6 LP)
2026-07-21T19:54:13,떼그라호,0627,KR,Ranked Flex,함팀장님,955,Bronze I (80 LP),1011,Silver IV (11 LP)
2026-07-21T19:54:20,qwer,a000,KR,Ranked Flex,함팀장님,1590,Gold IV (90 LP),1630,Gold III (5 LP)
2026-07-21T19:54:29,거북이,0627,KR,Ranked Flex,함팀장님,1659,Gold III (34 LP),1514,Gold IV (14 LP)
2026-07-21T19:54:40,떼그라클,k91,KR,Ranked Flex,Michael,843,Bronze II (93 LP),1017,Silver IV (17 LP)
2026-07-21T19:54:50,펑키왈숙,6117,KR,Ranked Flex,Motaju,867,Bronze II (100 LP),1047,Silver IV (47 LP)
2026-07-21T19:55:00,떼그라쥬,RTG,KR,Ranked Flex,Motaju,2248,Platinum III (100 LP),1414,Silver I (39 LP)
2026-07-21T19:55:07,떼그라떼그라떼그라떼그라떼그라떼,kr12,KR,Ranked Flex,Motaju,1376,Silver I (1 LP),802,Bronze II (52 LP)
2026-07-22T16:16:24,SasimySean,4174,KR,Ranked Flex,Sean,943,Bronze I (68 LP),1015,Silver IV (15 LP)
2026-07-22T16:16:31,일회용라이타,KR1,KR,Ranked Flex,Sean,1099,Silver IV (99 LP),948,Bronze I (73 LP)
2026-07-22T16:16:40,떼그라션2,4174,KR,Ranked Flex,Sean,785,Bronze II (35 LP),1001,Silver IV (1 LP)
2026-07-22T16:16:47,떼그라션,4174,KR,Ranked Flex,Sean,748,Bronze III (100 LP),1003,Silver IV (3 LP)
2026-07-22T16:16:54,떼그라숀,4174,KR,Ranked Flex,Sean,784,Bronze II (34 LP),1015,Silver IV (15 LP)
2026-07-22T16:17:01,떼그라대,dani,KR,Ranked Flex,Dani,882,Bronze I (7 LP),625,Bronze III (0 LP)
2026-07-22T16:17:14,떼그라월,1234,KR,Ranked Flex,Wallace,882,Bronze I (7 LP),881,Bronze I (6 LP)
2026-07-22T16:17:27,떼그라호,0627,KR,Ranked Flex,함팀장님,965,Bronze I (90 LP),1011,Silver IV (11 LP)
2026-07-22T16:17:37,qwer,a000,KR,Ranked Flex,함팀장님,1595,Gold IV (95 LP),1630,Gold III (5 LP)
2026-07-22T16:17:44,거북이,0627,KR,Ranked Flex,함팀장님,1659,Gold III (34 LP),1514,Gold IV (14 LP)
2026-07-22T16:17:57,떼그라클,k91,KR,Ranked Flex,Michael,843,Bronze II (93 LP),1017,Silver IV (17 LP)
2026-07-22T16:18:04,펑키왈숙,6117,KR,Ranked Flex,Motaju,863,Bronze II (100 LP),1047,Silver IV (47 LP)
2026-07-22T16:18:17,떼그라쥬,RTG,KR,Ranked Flex,Motaju,2248,Platinum III (100 LP),1414,Silver I (39 LP)
2026-07-22T16:18:27,떼그라떼그라떼그라떼그라떼그라떼,kr12,KR,Ranked Flex,Motaju,1387,Silver I (12 LP),802,Bronze II (52 LP)
2026-07-22T18:00:55,SasimySean,4174,KR,Ranked Flex,Sean,947,Bronze I (72 LP),1015,Silver IV (15 LP)
2026-07-22T18:01:08,일회용라이타,KR1,KR,Ranked Flex,Sean,1099,Silver IV (99 LP),948,Bronze I (73 LP)
2026-07-22T18:01:21,떼그라션2,4174,KR,Ranked Flex,Sean,785,Bronze II (35 LP),1001,Silver IV (1 LP)
2026-07-22T18:01:31,떼그라션,4174,KR,Ranked Flex,Sean,748,Bronze III (100 LP),1003,Silver IV (3 LP)
2026-07-22T18:01:41,떼그라숀,4174,KR,Ranked Flex,Sean,784,Bronze II (34 LP),1015,Silver IV (15 LP)
2026-07-22T18:01:48,떼그라대,dani,KR,Ranked Flex,Dani,887,Bronze I (12 LP),625,Bronze III (0 LP)
2026-07-22T18:01:54,떼그라월,1234,KR,Ranked Flex,Wallace,887,Bronze I (12 LP),881,Bronze I (6 LP)
2026-07-22T18:02:08,떼그라호,0627,KR,Ranked Flex,함팀장님,965,Bronze I (90 LP),1011,Silver IV (11 LP)
2026-07-22T18:02:15,qwer,a000,KR,Ranked Flex,함팀장님,1595,Gold IV (95 LP),1630,Gold III (5 LP)
2026-07-22T18:02:21,거북이,0627,KR,Ranked Flex,함팀장님,1659,Gold III (34 LP),1514,Gold IV (14 LP)
2026-07-22T18:02:35,떼그라클,k91,KR,Ranked Flex,Michael,848,Bronze II (98 LP),1017,Silver IV (17 LP)
2026-07-22T18:02:42,펑키왈숙,6117,KR,Ranked Flex,Motaju,863,Bronze II (100 LP),1047,Silver IV (47 LP)
2026-07-22T18:02:52,떼그라쥬,RTG,KR,Ranked Flex,Motaju,2248,Platinum III (100 LP),1414,Silver I (39 LP)
2026-07-22T18:03:02,떼그라떼그라떼그라떼그라떼그라떼,kr12,KR,Ranked Flex,Motaju,1387,Silver I (12 LP),802,Bronze II (52 LP)
2026-07-26T11:48:25,SasimySean,4174,KR,Ranked Flex,Sean,947,Bronze I (72 LP),1015,Silver IV (15 LP)
2026-07-26T11:48:35,일회용라이타,KR1,KR,Ranked Flex,Sean,1108,Silver IV (100 LP),948,Bronze I (73 LP)
2026-07-26T11:48:45,떼그라션2,4174,KR,Ranked Flex,Sean,780,Bronze II (30 LP),1001,Silver IV (1 LP)
2026-07-26T11:48:52,떼그라션,4174,KR,Ranked Flex,Sean,758,Bronze II (8 LP),1003,Silver IV (3 LP)
2026-07-26T11:49:02,떼그라숀,4174,KR,Ranked Flex,Sean,780,Bronze II (30 LP),1015,Silver IV (15 LP)
2026-07-26T11:49:11,떼그라대,dani,KR,Ranked Flex,Dani,856,Bronze II (100 LP),554,Bronze IV (54 LP)
2026-07-26T11:49:21,떼그라월,1234,KR,Ranked Flex,Wallace,1008,Silver IV (8 LP),941,Bronze I (66 LP)
2026-07-26T11:49:35,떼그라호,0627,KR,Ranked Flex,함팀장님,946,Bronze I (71 LP),1075,Silver IV (75 LP)
2026-07-26T11:49:45,qwer,a000,KR,Ranked Flex,함팀장님,1630,Gold III (5 LP),1630,Gold III (5 LP)
2026-07-26T11:49:54,거북이,0627,KR,Ranked Flex,함팀장님,1664,Gold III (39 LP),1514,Gold IV (14 LP)
2026-07-26T11:50:11,떼그라클,k91,KR,Ranked Flex,Michael,957,Bronze I (82 LP),1001,Silver IV (1 LP)
2026-07-26T11:50:18,펑키왈숙,6117,KR,Ranked Flex,Motaju,863,Bronze II (100 LP),1047,Silver IV (47 LP)
2026-07-26T11:50:28,떼그라쥬,RTG,KR,Ranked Flex,Motaju,2255,Platinum II (5 LP),1414,Silver I (39 LP)
2026-07-26T11:50:35,떼그라떼그라떼그라떼그라떼그라떼,kr12,KR,Ranked Flex,Motaju,1387,Silver I (12 LP),802,Bronze II (52 LP)
2026-07-26T15:33:35,SasimySean,4174,KR,Ranked Flex,Sean,943,Bronze I (68 LP),1015,Silver IV (15 LP)
2026-07-26T15:33:41,일회용라이타,KR1,KR,Ranked Flex,Sean,1108,Silver IV (100 LP),948,Bronze I (73 LP)
2026-07-26T15:33:48,떼그라션2,4174,KR,Ranked Flex,Sean,780,Bronze II (30 LP),1001,Silver IV (1 LP)
2026-07-26T15:33:55,떼그라션,4174,KR,Ranked Flex,Sean,764,Bronze II (14 LP),1003,Silver IV (3 LP)
2026-07-26T15:34:02,떼그라숀,4174,KR,Ranked Flex,Sean,780,Bronze II (30 LP),1015,Silver IV (15 LP)
2026-07-26T15:34:11,떼그라대,dani,KR,Ranked Flex,Dani,856,Bronze II (100 LP),554,Bronze IV (54 LP)
2026-07-26T15:34:18,떼그라월,1234,KR,Ranked Flex,Wallace,1008,Silver IV (8 LP),941,Bronze I (66 LP)
2026-07-26T15:34:35,떼그라호,0627,KR,Ranked Flex,함팀장님,946,Bronze I (71 LP),1075,Silver IV (75 LP)
2026-07-26T15:34:45,qwer,a000,KR,Ranked Flex,함팀장님,1624,Gold IV (100 LP),1630,Gold III (5 LP)
2026-07-26T15:34:54,거북이,0627,KR,Ranked Flex,함팀장님,1664,Gold III (39 LP),1514,Gold IV (14 LP)
2026-07-26T15:35:05,떼그라클,k91,KR,Ranked Flex,Michael,957,Bronze I (82 LP),1001,Silver IV (1 LP)
2026-07-26T15:35:21,펑키왈숙,6117,KR,Ranked Flex,Motaju,858,Bronze II (100 LP),1047,Silver IV (47 LP)
2026-07-26T15:35:31,떼그라쥬,RTG,KR,Ranked Flex,Motaju,2255,Platinum II (5 LP),1414,Silver I (39 LP)
2026-07-26T15:35:38,떼그라떼그라떼그라떼그라떼그라떼,kr12,KR,Ranked Flex,Motaju,1387,Silver I (12 LP),802,Bronze II (52 LP)
2026-07-26T16:37:15,SasimySean,4174,KR,Ranked Flex,Sean,943,Bronze I (68 LP),1015,Silver IV (15 LP)
2026-07-26T16:37:22,일회용라이타,KR1,KR,Ranked Flex,Sean,1108,Silver IV (100 LP),948,Bronze I (73 LP)
2026-07-26T16:37:32,떼그라션2,4174,KR,Ranked Flex,Sean,780,Bronze II (30 LP),1001,Silver IV (1 LP)
2026-07-26T16:37:39,떼그라션,4174,KR,Ranked Flex,Sean,769,Bronze II (19 LP),1003,Silver IV (3 LP)
2026-07-26T16:37:49,떼그라숀,4174,KR,Ranked Flex,Sean,780,Bronze II (30 LP),1015,Silver IV (15 LP)
2026-07-26T16:37:53,떼그라대,dani,KR,Ranked Flex,Dani,856,Bronze II (100 LP),554,Bronze IV (54 LP)
2026-07-26T16:38:02,떼그라월,1234,KR,Ranked Flex,Wallace,998,Bronze I (100 LP),941,Bronze I (66 LP)
2026-07-26T16:38:16,떼그라호,0627,KR,Ranked Flex,함팀장님,935,Bronze I (60 LP),1075,Silver IV (75 LP)
2026-07-26T16:38:23,qwer,a000,KR,Ranked Flex,함팀장님,1630,Gold III (5 LP),1630,Gold III (5 LP)
2026-07-26T16:38:29,거북이,0627,KR,Ranked Flex,함팀장님,1659,Gold III (34 LP),1514,Gold IV (14 LP)
2026-07-26T16:38:44,떼그라클,k91,KR,Ranked Flex,Michael,948,Bronze I (73 LP),1001,Silver IV (1 LP)
2026-07-26T16:38:53,펑키왈숙,6117,KR,Ranked Flex,Motaju,858,Bronze II (100 LP),1047,Silver IV (47 LP)
2026-07-26T16:39:00,떼그라쥬,RTG,KR,Ranked Flex,Motaju,2255,Platinum II (5 LP),1414,Silver I (39 LP)
2026-07-26T16:39:07,떼그라떼그라떼그라떼그라떼그라떼,kr12,KR,Ranked Flex,Motaju,1387,Silver I (12 LP),802,Bronze II (52 LP)
2026-07-26T17:34:15,SasimySean,4174,KR,Ranked Flex,Sean,943,Bronze I (68 LP),1015,Silver IV (15 LP)
2026-07-26T17:34:25,일회용라이타,KR1,KR,Ranked Flex,Sean,1108,Silver IV (100 LP),948,Bronze I (73 LP)
2026-07-26T17:34:31,떼그라션2,4174,KR,Ranked Flex,Sean,780,Bronze II (30 LP),1001,Silver IV (1 LP)
2026-07-26T17:34:38,떼그라션,4174,KR,Ranked Flex,Sean,774,Bronze II (24 LP),1003,Silver IV (3 LP)
2026-07-26T17:34:48,떼그라숀,4174,KR,Ranked Flex,Sean,770,Bronze II (20 LP),1015,Silver IV (15 LP)
2026-07-26T17:34:58,떼그라대,dani,KR,Ranked Flex,Dani,856,Bronze II (100 LP),554,Bronze IV (54 LP)
2026-07-26T17:35:04,떼그라월,1234,KR,Ranked Flex,Wallace,998,Bronze I (100 LP),941,Bronze I (66 LP)
2026-07-26T17:35:18,떼그라호,0627,KR,Ranked Flex,함팀장님,935,Bronze I (60 LP),1075,Silver IV (75 LP)
2026-07-26T17:35:21,qwer,a000,KR,Ranked Flex,함팀장님,1630,Gold III (5 LP),1630,Gold III (5 LP)
2026-07-26T17:35:31,거북이,0627,KR,Ranked Flex,함팀장님,1659,Gold III (34 LP),1514,Gold IV (14 LP)
2026-07-26T17:35:46,떼그라클,k91,KR,Ranked Flex,Michael,948,Bronze I (73 LP),1001,Silver IV (1 LP)
2026-07-26T17:35:53,펑키왈숙,6117,KR,Ranked Flex,Motaju,858,Bronze II (100 LP),1047,Silver IV (47 LP)
2026-07-26T17:36:00,떼그라쥬,RTG,KR,Ranked Flex,Motaju,2255,Platinum II (5 LP),1414,Silver I (39 LP)
2026-07-26T17:36:06,떼그라떼그라떼그라떼그라떼그라떼,kr12,KR,Ranked Flex,Motaju,1387,Silver I (12 LP),802,Bronze II (52 LP)
2026-07-27T09:08:32,SasimySean,4174,KR,Ranked Flex,Sean,943,Bronze I (68 LP),1015,Silver IV (15 LP)
2026-07-27T09:08:42,일회용라이타,KR1,KR,Ranked Flex,Sean,1113,Silver IV (100 LP),948,Bronze I (73 LP)
2026-07-27T09:08:45,떼그라션2,4174,KR,Ranked Flex,Sean,785,Bronze II (35 LP),1001,Silver IV (1 LP)
2026-07-27T09:08:55,떼그라션,4174,KR,Ranked Flex,Sean,764,Bronze II (14 LP),1003,Silver IV (3 LP)
2026-07-27T09:09:02,떼그라숀,4174,KR,Ranked Flex,Sean,770,Bronze II (20 LP),1015,Silver IV (15 LP)
2026-07-27T09:09:09,떼그라대,dani,KR,Ranked Flex,Dani,856,Bronze II (100 LP),554,Bronze IV (54 LP)
2026-07-27T09:09:18,떼그라월,1234,KR,Ranked Flex,Wallace,998,Bronze I (100 LP),941,Bronze I (66 LP)
2026-07-27T09:09:32,떼그라호,0627,KR,Ranked Flex,함팀장님,935,Bronze I (60 LP),1075,Silver IV (75 LP)
2026-07-27T09:09:39,qwer,a000,KR,Ranked Flex,함팀장님,1635,Gold III (10 LP),1630,Gold III (5 LP)
2026-07-27T09:09:45,거북이,0627,KR,Ranked Flex,함팀장님,1659,Gold III (34 LP),1514,Gold IV (14 LP)
2026-07-27T09:09:59,떼그라클,k91,KR,Ranked Flex,Michael,948,Bronze I (73 LP),1001,Silver IV (1 LP)
2026-07-27T09:10:06,펑키왈숙,6117,KR,Ranked Flex,Motaju,853,Bronze II (100 LP),1047,Silver IV (47 LP)
2026-07-27T09:10:13,떼그라쥬,RTG,KR,Ranked Flex,Motaju,2255,Platinum II (5 LP),1414,Silver I (39 LP)
2026-07-27T09:10:19,떼그라떼그라떼그라떼그라떼그라떼,kr12,KR,Ranked Flex,Motaju,1382,Silver I (7 LP),802,Bronze II (52 LP)
2026-07-27T14:28:29,SasimySean,4174,KR,Ranked Flex,Sean,947,Bronze I (72 LP),1015,Silver IV (15 LP)
2026-07-27T14:28:36,일회용라이타,KR1,KR,Ranked Flex,Sean,1113,Silver IV (100 LP),948,Bronze I (73 LP)
2026-07-27T14:28:49,떼그라션2,4174,KR,Ranked Flex,Sean,780,Bronze II (30 LP),1001,Silver IV (1 LP)
2026-07-27T14:28:59,떼그라션,4174,KR,Ranked Flex,Sean,764,Bronze II (14 LP),1003,Silver IV (3 LP)
2026-07-27T14:29:09,떼그라숀,4174,KR,Ranked Flex,Sean,770,Bronze II (20 LP),1015,Silver IV (15 LP)
2026-07-27T14:29:16,떼그라대,dani,KR,Ranked Flex,Dani,909,Bronze I (34 LP),552,Bronze IV (52 LP)
2026-07-27T14:29:25,떼그라월,1234,KR,Ranked Flex,Wallace,909,Bronze I (34 LP),920,Bronze I (45 LP)
2026-07-27T14:29:36,떼그라호,0627,KR,Ranked Flex,함팀장님,996,Bronze I (100 LP),1075,Silver IV (75 LP)
2026-07-27T14:30:08,거북이,0627,KR,Ranked Flex,함팀장님,1659,Gold III (34 LP),1514,Gold IV (14 LP)
2026-07-27T14:30:16,떼그라클,k91,KR,Ranked Flex,Michael,867,Bronze II (100 LP),1017,Silver IV (17 LP)
2026-07-27T14:30:32,펑키왈숙,6117,KR,Ranked Flex,Motaju,858,Bronze II (100 LP),1047,Silver IV (47 LP)
2026-07-27T14:30:42,떼그라쥬,RTG,KR,Ranked Flex,Motaju,2255,Platinum II (5 LP),1414,Silver I (39 LP)
2026-07-27T14:30:52,떼그라떼그라떼그라떼그라떼그라떼,kr12,KR,Ranked Flex,Motaju,1382,Silver I (7 LP),802,Bronze II (52 LP)
2026-07-27T16:01:01,SasimySean,4174,KR,Ranked Flex,Sean,947,Bronze I (72 LP),1015,Silver IV (15 LP)
2026-07-27T16:01:11,일회용라이타,KR1,KR,Ranked Flex,Sean,1108,Silver IV (100 LP),948,Bronze I (73 LP)
2026-07-27T16:01:18,떼그라션2,4174,KR,Ranked Flex,Sean,780,Bronze II (30 LP),1001,Silver IV (1 LP)
2026-07-27T16:01:25,떼그라션,4174,KR,Ranked Flex,Sean,764,Bronze II (14 LP),1003,Silver IV (3 LP)
2026-07-27T16:01:34,떼그라숀,4174,KR,Ranked Flex,Sean,770,Bronze II (20 LP),1015,Silver IV (15 LP)
2026-07-27T16:01:41,떼그라대,dani,KR,Ranked Flex,Dani,909,Bronze I (34 LP),552,Bronze IV (52 LP)
2026-07-27T16:01:48,떼그라월,1234,KR,Ranked Flex,Wallace,909,Bronze I (34 LP),920,Bronze I (45 LP)
2026-07-27T16:01:58,떼그라호,0627,KR,Ranked Flex,함팀장님,996,Bronze I (100 LP),1075,Silver IV (75 LP)
2026-07-27T16:02:08,qwer,a000,KR,Ranked Flex,함팀장님,1635,Gold III (10 LP),1630,Gold III (5 LP)
2026-07-27T16:02:15,거북이,0627,KR,Ranked Flex,함팀장님,1659,Gold III (34 LP),1514,Gold IV (14 LP)
2026-07-27T16:02:28,떼그라클,k91,KR,Ranked Flex,Michael,867,Bronze II (100 LP),1017,Silver IV (17 LP)
2026-07-27T16:02:38,펑키왈숙,6117,KR,Ranked Flex,Motaju,858,Bronze II (100 LP),1047,Silver IV (47 LP)
2026-07-27T16:02:48,떼그라쥬,RTG,KR,Ranked Flex,Motaju,2255,Platinum II (5 LP),1414,Silver I (39 LP)
2026-07-27T16:02:58,떼그라떼그라떼그라떼그라떼그라떼,kr12,KR,Ranked Flex,Motaju,1382,Silver I (7 LP),802,Bronze II (52 LP)
2026-07-27T18:07:15,SasimySean,4174,KR,Ranked Flex,Sean,952,Bronze I (77 LP),1015,Silver IV (15 LP)
2026-07-27T18:07:22,일회용라이타,KR1,KR,Ranked Flex,Sean,1046,Silver IV (46 LP),948,Bronze I (73 LP)
2026-07-27T18:07:28,떼그라션2,4174,KR,Ranked Flex,Sean,775,Bronze II (25 LP),1001,Silver IV (1 LP)
2026-07-27T18:07:38,떼그라션,4174,KR,Ranked Flex,Sean,769,Bronze II (19 LP),1003,Silver IV (3 LP)
2026-07-27T18:07:45,떼그라숀,4174,KR,Ranked Flex,Sean,770,Bronze II (20 LP),1015,Silver IV (15 LP)
2026-07-27T18:07:52,떼그라대,dani,KR,Ranked Flex,Dani,870,Bronze II (100 LP),552,Bronze IV (52 LP)
2026-07-27T18:07:58,떼그라월,1234,KR,Ranked Flex,Wallace,870,Bronze II (100 LP),920,Bronze I (45 LP)
2026-07-27T18:08:15,떼그라호,0627,KR,Ranked Flex,함팀장님,955,Bronze I (80 LP),1075,Silver IV (75 LP)
2026-07-27T18:08:22,qwer,a000,KR,Ranked Flex,함팀장님,1635,Gold III (10 LP),1630,Gold III (5 LP)
2026-07-27T18:08:31,거북이,0627,KR,Ranked Flex,함팀장님,1659,Gold III (34 LP),1514,Gold IV (14 LP)
2026-07-27T18:08:46,떼그라클,k91,KR,Ranked Flex,Michael,836,Bronze II (86 LP),1017,Silver IV (17 LP)
2026-07-27T18:08:56,펑키왈숙,6117,KR,Ranked Flex,Motaju,858,Bronze II (100 LP),1047,Silver IV (47 LP)
2026-07-27T18:09:06,떼그라쥬,RTG,KR,Ranked Flex,Motaju,2255,Platinum II (5 LP),1414,Silver I (39 LP)
2026-07-27T18:09:13,떼그라떼그라떼그라떼그라떼그라떼,kr12,KR,Ranked Flex,Motaju,1382,Silver I (7 LP),802,Bronze II (52 LP)
2026-07-27T18:34:57,SasimySean,4174,KR,Ranked Flex,Sean,952,Bronze I (77 LP),1015,Silver IV (15 LP)
2026-07-27T18:35:07,일회용라이타,KR1,KR,Ranked Flex,Sean,903,Bronze I (28 LP),966,Bronze I (91 LP)
2026-07-27T18:35:14,떼그라션2,4174,KR,Ranked Flex,Sean,770,Bronze II (20 LP),1001,Silver IV (1 LP)
2026-07-27T18:35:20,떼그라션,4174,KR,Ranked Flex,Sean,769,Bronze II (19 LP),1003,Silver IV (3 LP)
2026-07-27T18:35:27,떼그라숀,4174,KR,Ranked Flex,Sean,770,Bronze II (20 LP),1015,Silver IV (15 LP)
2026-07-27T18:35:37,떼그라대,dani,KR,Ranked Flex,Dani,843,Bronze II (93 LP),550,Bronze IV (50 LP)
2026-07-27T18:35:42,떼그라월,1234,KR,Ranked Flex,Wallace,843,Bronze II (93 LP),919,Bronze I (44 LP)
2026-07-27T18:35:55,떼그라호,0627,KR,Ranked Flex,함팀장님,955,Bronze I (80 LP),1069,Silver IV (69 LP)
2026-07-27T18:36:02,qwer,a000,KR,Ranked Flex,함팀장님,1635,Gold III (10 LP),1630,Gold III (5 LP)
2026-07-27T18:36:12,거북이,0627,KR,Ranked Flex,함팀장님,1659,Gold III (34 LP),1514,Gold IV (14 LP)
2026-07-27T18:36:25,떼그라클,k91,KR,Ranked Flex,Michael,813,Bronze II (63 LP),1017,Silver IV (17 LP)
2026-07-27T18:36:32,펑키왈숙,6117,KR,Ranked Flex,Motaju,858,Bronze II (100 LP),1047,Silver IV (47 LP)
2026-07-27T18:36:42,떼그라쥬,RTG,KR,Ranked Flex,Motaju,2255,Platinum II (5 LP),1414,Silver I (39 LP)
2026-07-27T18:36:48,떼그라떼그라떼그라떼그라떼그라떼,kr12,KR,Ranked Flex,Motaju,1382,Silver I (7 LP),802,Bronze II (52 LP)
2026-07-27T20:08:57,일회용라이타,KR1,KR,Ranked Flex,Sean,744,Bronze III (100 LP),1051,Silver IV (51 LP)
2026-07-27T20:48:50,SasimySean,4174,KR,Ranked Flex,Sean,952,Bronze I (77 LP),1015,Silver IV (15 LP)
2026-07-27T20:48:59,일회용라이타,KR1,KR,Ranked Flex,Sean,744,Bronze III (100 LP),1051,Silver IV (51 LP)
2026-07-27T20:49:06,떼그라션2,4174,KR,Ranked Flex,Sean,770,Bronze II (20 LP),1001,Silver IV (1 LP)
2026-07-27T20:49:10,떼그라션,4174,KR,Ranked Flex,Sean,769,Bronze II (19 LP),1003,Silver IV (3 LP)
2026-07-27T20:49:17,떼그라숀,4174,KR,Ranked Flex,Sean,770,Bronze II (20 LP),1015,Silver IV (15 LP)
2026-07-27T20:49:23,떼그라대,dani,KR,Ranked Flex,Dani,769,Bronze II (19 LP),588,Bronze IV (88 LP)
2026-07-27T20:49:33,떼그라월,1234,KR,Ranked Flex,Wallace,769,Bronze II (19 LP),959,Bronze I (84 LP)
2026-07-27T20:49:43,떼그라호,0627,KR,Ranked Flex,함팀장님,706,Bronze III (81 LP),1128,Silver III (3 LP)
2026-07-27T20:49:50,qwer,a000,KR,Ranked Flex,함팀장님,1635,Gold III (10 LP),1630,Gold III (5 LP)
2026-07-27T20:49:57,거북이,0627,KR,Ranked Flex,함팀장님,1659,Gold III (34 LP),1514,Gold IV (14 LP)
2026-07-27T20:50:10,떼그라클,k91,KR,Ranked Flex,Michael,800,Bronze II (50 LP),1034,Silver IV (34 LP)
2026-07-27T20:50:20,펑키왈숙,6117,KR,Ranked Flex,Motaju,858,Bronze II (100 LP),1047,Silver IV (47 LP)
2026-07-27T20:50:33,떼그라쥬,RTG,KR,Ranked Flex,Motaju,2255,Platinum II (5 LP),1414,Silver I (39 LP)
2026-07-27T20:50:43,떼그라떼그라떼그라떼그라떼그라떼,kr12,KR,Ranked Flex,Motaju,1382,Silver I (7 LP),802,Bronze II (52 LP)
2026-07-27T21:03:11,SasimySean,4174,KR,Ranked Flex,Sean,952,Bronze I (77 LP),1015,Silver IV (15 LP)
2026-07-27T21:03:12,일회용라이타,KR1,KR,Ranked Flex,Sean,744,Bronze III (100 LP),1051,Silver IV (51 LP)
2026-07-27T21:03:16,떼그라션2,4174,KR,Ranked Flex,Sean,770,Bronze II (20 LP),1001,Silver IV (1 LP)
2026-07-27T21:03:16,떼그라션,4174,KR,Ranked Flex,Sean,769,Bronze II (19 LP),1003,Silver IV (3 LP)
2026-07-27T21:03:17,떼그라숀,4174,KR,Ranked Flex,Sean,770,Bronze II (20 LP),1015,Silver IV (15 LP)
2026-07-27T21:03:21,떼그라대,dani,KR,Ranked Flex,Dani,769,Bronze II (19 LP),588,Bronze IV (88 LP)
2026-07-27T21:03:25,떼그라월,1234,KR,Ranked Flex,Wallace,769,Bronze II (19 LP),959,Bronze I (84 LP)
2026-07-27T21:03:29,떼그라호,0627,KR,Ranked Flex,함팀장님,706,Bronze III (81 LP),1128,Silver III (3 LP)
2026-07-27T21:03:30,qwer,a000,KR,Ranked Flex,함팀장님,1635,Gold III (10 LP),1630,Gold III (5 LP)
2026-07-27T21:03:30,거북이,0627,KR,Ranked Flex,함팀장님,1659,Gold III (34 LP),1514,Gold IV (14 LP)
2026-07-27T21:03:38,떼그라클,k91,KR,Ranked Flex,Michael,800,Bronze II (50 LP),1034,Silver IV (34 LP)
2026-07-27T21:03:39,펑키왈숙,6117,KR,Ranked Flex,Motaju,858,Bronze II (100 LP),1047,Silver IV (47 LP)
2026-07-27T21:03:41,떼그라쥬,RTG,KR,Ranked Flex,Motaju,2255,Platinum II (5 LP),1414,Silver I (39 LP)
2026-07-27T21:03:41,떼그라떼그라떼그라떼그라떼그라떼,kr12,KR,Ranked Flex,Motaju,1382,Silver I (7 LP),802,Bronze II (52 LP)
2026-07-28T13:09:07,SasimySean,4174,KR,Ranked Flex,Sean,952,Bronze I (77 LP),1015,Silver IV (15 LP)
2026-07-28T13:09:14,일회용라이타,KR1,KR,Ranked Flex,Sean,744,Bronze III (100 LP),1051,Silver IV (51 LP)
2026-07-28T13:09:20,떼그라션2,4174,KR,Ranked Flex,Sean,765,Bronze II (15 LP),1001,Silver IV (1 LP)
2026-07-28T13:09:33,떼그라션,4174,KR,Ranked Flex,Sean,779,Bronze II (29 LP),1003,Silver IV (3 LP)
2026-07-28T13:09:43,떼그라숀,4174,KR,Ranked Flex,Sean,770,Bronze II (20 LP),1015,Silver IV (15 LP)
2026-07-28T13:09:53,떼그라대,dani,KR,Ranked Flex,Dani,717,Bronze III (92 LP),567,Bronze IV (67 LP)
2026-07-28T13:10:00,떼그라월,1234,KR,Ranked Flex,Wallace,772,Bronze II (22 LP),939,Bronze I (64 LP)
2026-07-28T13:10:11,떼그라호,0627,KR,Ranked Flex,함팀장님,703,Bronze III (78 LP),1080,Silver IV (80 LP)
2026-07-28T13:10:18,qwer,a000,KR,Ranked Flex,함팀장님,1635,Gold III (10 LP),1630,Gold III (5 LP)
2026-07-28T13:10:25,거북이,0627,KR,Ranked Flex,함팀장님,1659,Gold III (34 LP),1514,Gold IV (14 LP)
2026-07-28T13:10:41,떼그라클,k91,KR,Ranked Flex,Michael,729,Bronze III (100 LP),1011,Silver IV (11 LP)
2026-07-28T13:10:48,펑키왈숙,6117,KR,Ranked Flex,Motaju,858,Bronze II (100 LP),1047,Silver IV (47 LP)
2026-07-28T13:10:58,떼그라쥬,RTG,KR,Ranked Flex,Motaju,2054,Platinum IV (54 LP),1470,Silver I (95 LP)
2026-07-28T13:11:05,떼그라떼그라떼그라떼그라떼그라떼,kr12,KR,Ranked Flex,Motaju,1382,Silver I (7 LP),802,Bronze II (52 LP)
2026-07-28T14:14:01,SasimySean,4174,KR,Ranked Flex,Sean,952,Bronze I (77 LP),1015,Silver IV (15 LP)
2026-07-28T14:14:08,일회용라이타,KR1,KR,Ranked Flex,Sean,744,Bronze III (100 LP),1051,Silver IV (51 LP)
2026-07-28T14:14:14,떼그라션2,4174,KR,Ranked Flex,Sean,765,Bronze II (15 LP),1001,Silver IV (1 LP)
2026-07-28T14:14:24,떼그라션,4174,KR,Ranked Flex,Sean,779,Bronze II (29 LP),1003,Silver IV (3 LP)
2026-07-28T14:14:34,떼그라숀,4174,KR,Ranked Flex,Sean,770,Bronze II (20 LP),1015,Silver IV (15 LP)
2026-07-28T14:14:47,떼그라대,dani,KR,Ranked Flex,Dani,708,Bronze III (83 LP),567,Bronze IV (67 LP)
2026-07-28T14:14:54,떼그라월,1234,KR,Ranked Flex,Wallace,770,Bronze II (20 LP),939,Bronze I (64 LP)
2026-07-28T14:15:08,떼그라호,0627,KR,Ranked Flex,함팀장님,703,Bronze III (78 LP),1080,Silver IV (80 LP)
2026-07-28T14:15:18,qwer,a000,KR,Ranked Flex,함팀장님,1635,Gold III (10 LP),1630,Gold III (5 LP)
2026-07-28T14:15:28,거북이,0627,KR,Ranked Flex,함팀장님,1659,Gold III (34 LP),1514,Gold IV (14 LP)
2026-07-28T14:15:42,떼그라클,k91,KR,Ranked Flex,Michael,724,Bronze III (99 LP),1011,Silver IV (11 LP)
2026-07-28T14:15:55,펑키왈숙,6117,KR,Ranked Flex,Motaju,858,Bronze II (100 LP),1047,Silver IV (47 LP)
2026-07-28T14:16:05,떼그라쥬,RTG,KR,Ranked Flex,Motaju,2054,Platinum IV (54 LP),1470,Silver I (95 LP)
2026-07-28T14:16:12,떼그라떼그라떼그라떼그라떼그라떼,kr12,KR,Ranked Flex,Motaju,1382,Silver I (7 LP),802,Bronze II (52 LP)
2026-07-28T22:17:09,SasimySean,4174,KR,Ranked Flex,Sean,961,Bronze I (86 LP),1015,Silver IV (15 LP)
2026-07-28T22:17:19,일회용라이타,KR1,KR,Ranked Flex,Sean,749,Bronze III (100 LP),1051,Silver IV (51 LP)
2026-07-28T22:17:29,떼그라션2,4174,KR,Ranked Flex,Sean,765,Bronze II (15 LP),1001,Silver IV (1 LP)
2026-07-28T22:18:05,떼그라숀,4174,KR,Ranked Flex,Sean,770,Bronze II (20 LP),1015,Silver IV (15 LP)
2026-07-28T22:18:24,떼그라대,dani,KR,Ranked Flex,Dani,708,Bronze III (83 LP),546,Bronze IV (46 LP)
2026-07-28T22:18:31,떼그라월,1234,KR,Ranked Flex,Wallace,770,Bronze II (20 LP),918,Bronze I (43 LP)
2026-07-28T22:18:44,떼그라호,0627,KR,Ranked Flex,함팀장님,883,Bronze I (8 LP),1075,Silver IV (75 LP)
2026-07-28T22:18:54,qwer,a000,KR,Ranked Flex,함팀장님,1635,Gold III (10 LP),1630,Gold III (5 LP)
2026-07-28T22:19:04,거북이,0627,KR,Ranked Flex,함팀장님,1659,Gold III (34 LP),1514,Gold IV (14 LP)
2026-07-28T22:19:19,떼그라클,k91,KR,Ranked Flex,Michael,729,Bronze III (100 LP),1000,Silver IV (0 LP)
2026-07-28T22:19:25,펑키왈숙,6117,KR,Ranked Flex,Motaju,858,Bronze II (100 LP),1047,Silver IV (47 LP)
2026-07-28T22:19:36,떼그라쥬,RTG,KR,Ranked Flex,Motaju,2054,Platinum IV (54 LP),1470,Silver I (95 LP)
2026-07-28T22:19:42,떼그라떼그라떼그라떼그라떼그라떼,kr12,KR,Ranked Flex,Motaju,1382,Silver I (7 LP),802,Bronze II (52 LP)
2026-07-28T23:57:39,SasimySean,4174,KR,Ranked Flex,Sean,961,Bronze I (86 LP),1015,Silver IV (15 LP)
2026-07-28T23:57:49,일회용라이타,KR1,KR,Ranked Flex,Sean,749,Bronze III (100 LP),1051,Silver IV (51 LP)
2026-07-28T23:57:55,떼그라션2,4174,KR,Ranked Flex,Sean,765,Bronze II (15 LP),1001,Silver IV (1 LP)
2026-07-28T23:58:05,떼그라션,4174,KR,Ranked Flex,Sean,774,Bronze II (24 LP),1003,Silver IV (3 LP)
2026-07-28T23:58:12,떼그라숀,4174,KR,Ranked Flex,Sean,770,Bronze II (20 LP),1015,Silver IV (15 LP)
2026-07-28T23:58:19,떼그라대,dani,KR,Ranked Flex,Dani,708,Bronze III (83 LP),546,Bronze IV (46 LP)
2026-07-28T23:58:25,떼그라월,1234,KR,Ranked Flex,Wallace,770,Bronze II (20 LP),918,Bronze I (43 LP)
2026-07-28T23:58:39,떼그라호,0627,KR,Ranked Flex,함팀장님,889,Bronze I (14 LP),1075,Silver IV (75 LP)
2026-07-28T23:58:49,qwer,a000,KR,Ranked Flex,함팀장님,1624,Gold IV (100 LP),1630,Gold III (5 LP)
2026-07-28T23:58:56,거북이,0627,KR,Ranked Flex,함팀장님,1659,Gold III (34 LP),1514,Gold IV (14 LP)
2026-07-28T23:59:09,떼그라클,k91,KR,Ranked Flex,Michael,729,Bronze III (100 LP),1000,Silver IV (0 LP)
2026-07-28T23:59:22,펑키왈숙,6117,KR,Ranked Flex,Motaju,853,Bronze II (100 LP),1047,Silver IV (47 LP)
2026-07-28T23:59:32,떼그라쥬,RTG,KR,Ranked Flex,Motaju,2054,Platinum IV (54 LP),1470,Silver I (95 LP)
2026-07-28T23:59:35,떼그라떼그라떼그라떼그라떼그라떼,kr12,KR,Ranked Flex,Motaju,1382,Silver I (7 LP),802,Bronze II (52 LP)
2026-07-29T16:25:02,SasimySean,4174,KR,Ranked Flex,Sean,956,Bronze I (81 LP),1015,Silver IV (15 LP)
2026-07-29T16:25:08,일회용라이타,KR1,KR,Ranked Flex,Sean,749,Bronze III (100 LP),1051,Silver IV (51 LP)
2026-07-29T16:25:15,떼그라션2,4174,KR,Ranked Flex,Sean,765,Bronze II (15 LP),1001,Silver IV (1 LP)
2026-07-29T16:25:25,떼그라션,4174,KR,Ranked Flex,Sean,774,Bronze II (24 LP),1003,Silver IV (3 LP)
2026-07-29T16:25:35,떼그라숀,4174,KR,Ranked Flex,Sean,770,Bronze II (20 LP),1015,Silver IV (15 LP)
2026-07-29T16:25:45,떼그라대,dani,KR,Ranked Flex,Dani,708,Bronze III (83 LP),546,Bronze IV (46 LP)
2026-07-29T16:25:55,떼그라월,1234,KR,Ranked Flex,Wallace,770,Bronze II (20 LP),918,Bronze I (43 LP)
2026-07-29T16:26:27,떼그라호,0627,KR,Ranked Flex,함팀장님,889,Bronze I (14 LP),1075,Silver IV (75 LP)
2026-07-29T16:26:34,qwer,a000,KR,Ranked Flex,함팀장님,1624,Gold IV (100 LP),1630,Gold III (5 LP)
2026-07-29T16:26:44,거북이,0627,KR,Ranked Flex,함팀장님,1659,Gold III (34 LP),1514,Gold IV (14 LP)
2026-07-29T16:26:54,떼그라클,k91,KR,Ranked Flex,Michael,729,Bronze III (100 LP),1000,Silver IV (0 LP)
2026-07-29T16:27:04,펑키왈숙,6117,KR,Ranked Flex,Motaju,853,Bronze II (100 LP),1047,Silver IV (47 LP)
2026-07-29T16:27:14,떼그라쥬,RTG,KR,Ranked Flex,Motaju,2081,Platinum IV (81 LP),1470,Silver I (95 LP)
2026-07-29T16:27:24,떼그라떼그라떼그라떼그라떼그라떼,kr12,KR,Ranked Flex,Motaju,1382,Silver I (7 LP),802,Bronze II (52 LP)
2026-07-29T17:45:14,SasimySean,4174,KR,Ranked Flex,Sean,956,Bronze I (81 LP),1015,Silver IV (15 LP)
2026-07-29T17:45:24,일회용라이타,KR1,KR,Ranked Flex,Sean,749,Bronze III (100 LP),1051,Silver IV (51 LP)
2026-07-29T17:45:34,떼그라션2,4174,KR,Ranked Flex,Sean,967,Bronze I (92 LP),1025,Silver IV (25 LP)
2026-07-29T17:45:44,떼그라션,4174,KR,Ranked Flex,Sean,774,Bronze II (24 LP),1003,Silver IV (3 LP)
2026-07-29T17:45:54,떼그라숀,4174,KR,Ranked Flex,Sean,770,Bronze II (20 LP),1015,Silver IV (15 LP)
2026-07-29T17:46:01,떼그라대,dani,KR,Ranked Flex,Dani,977,Bronze I (100 LP),565,Bronze IV (65 LP)
2026-07-29T17:46:11,떼그라월,1234,KR,Ranked Flex,Wallace,977,Bronze I (100 LP),938,Bronze I (63 LP)
2026-07-29T17:46:24,떼그라호,0627,KR,Ranked Flex,함팀장님,895,Bronze I (20 LP),1093,Silver IV (93 LP)
2026-07-29T17:47:00,거북이,0627,KR,Ranked Flex,함팀장님,1659,Gold III (34 LP),1514,Gold IV (14 LP)
2026-07-29T17:47:11,떼그라클,k91,KR,Ranked Flex,Michael,930,Bronze I (55 LP),1017,Silver IV (17 LP)
2026-07-29T17:47:21,펑키왈숙,6117,KR,Ranked Flex,Motaju,848,Bronze II (98 LP),1047,Silver IV (47 LP)
2026-07-29T17:47:28,떼그라쥬,RTG,KR,Ranked Flex,Motaju,2081,Platinum IV (81 LP),1470,Silver I (95 LP)
2026-07-29T17:47:38,떼그라떼그라떼그라떼그라떼그라떼,kr12,KR,Ranked Flex,Motaju,1382,Silver I (7 LP),802,Bronze II (52 LP)
2026-07-29T19:09:42,SasimySean,4174,KR,Ranked Flex,Sean,956,Bronze I (81 LP),1015,Silver IV (15 LP)
2026-07-29T19:09:55,일회용라이타,KR1,KR,Ranked Flex,Sean,749,Bronze III (100 LP),1051,Silver IV (51 LP)
2026-07-29T19:09:58,떼그라션2,4174,KR,Ranked Flex,Sean,1213,Silver III (88 LP),1000,Silver IV (0 LP)
2026-07-29T19:10:05,떼그라션,4174,KR,Ranked Flex,Sean,774,Bronze II (24 LP),1003,Silver IV (3 LP)
2026-07-29T19:10:15,떼그라숀,4174,KR,Ranked Flex,Sean,770,Bronze II (20 LP),1015,Silver IV (15 LP)
2026-07-29T19:10:28,떼그라대,dani,KR,Ranked Flex,Dani,982,Bronze I (100 LP),544,Bronze IV (44 LP)
2026-07-29T19:10:35,떼그라월,1234,KR,Ranked Flex,Wallace,982,Bronze I (100 LP),917,Bronze I (42 LP)
2026-07-29T19:10:48,떼그라호,0627,KR,Ranked Flex,함팀장님,1170,Silver III (45 LP),1049,Silver IV (49 LP)
2026-07-29T19:10:52,qwer,a000,KR,Ranked Flex,함팀장님,1624,Gold IV (100 LP),1630,Gold III (5 LP)
2026-07-29T19:11:25,떼그라클,k91,KR,Ranked Flex,Michael,1108,Silver IV (100 LP),900,Bronze I (25 LP)
2026-07-29T19:11:32,펑키왈숙,6117,KR,Ranked Flex,Motaju,848,Bronze II (98 LP),1047,Silver IV (47 LP)
2026-07-29T19:11:51,떼그라쥬,RTG,KR,Ranked Flex,Motaju,2081,Platinum IV (81 LP),1470,Silver I (95 LP)
2026-07-29T19:12:04,떼그라떼그라떼그라떼그라떼그라떼,kr12,KR,Ranked Flex,Motaju,1382,Silver I (7 LP),802,Bronze II (52 LP)
2026-07-29T19:31:49,SasimySean,4174,KR,Ranked Flex,Sean,956,Bronze I (81 LP),1015,Silver IV (15 LP)
2026-07-29T19:31:53,일회용라이타,KR1,KR,Ranked Flex,Sean,749,Bronze III (100 LP),1051,Silver IV (51 LP)
2026-07-29T19:32:03,떼그라션2,4174,KR,Ranked Flex,Sean,1213,Silver III (88 LP),1000,Silver IV (0 LP)
2026-07-29T19:32:10,떼그라션,4174,KR,Ranked Flex,Sean,774,Bronze II (24 LP),1003,Silver IV (3 LP)
2026-07-29T19:32:19,떼그라숀,4174,KR,Ranked Flex,Sean,770,Bronze II (20 LP),1015,Silver IV (15 LP)
2026-07-29T19:32:39,떼그라대,dani,KR,Ranked Flex,Dani,982,Bronze I (100 LP),544,Bronze IV (44 LP)
2026-07-29T19:33:40,떼그라호,0627,KR,Ranked Flex,함팀장님,1170,Silver III (45 LP),1026,Silver IV (26 LP)
2026-07-29T19:33:47,qwer,a000,KR,Ranked Flex,함팀장님,1624,Gold IV (100 LP),1630,Gold III (5 LP)
2026-07-29T19:33:54,거북이,0627,KR,Ranked Flex,함팀장님,1659,Gold III (34 LP),1514,Gold IV (14 LP)
2026-07-29T19:34:30,펑키왈숙,6117,KR,Ranked Flex,Motaju,848,Bronze II (98 LP),1047,Silver IV (47 LP)
2026-07-29T19:34:52,떼그라쥬,RTG,KR,Ranked Flex,Motaju,2081,Platinum IV (81 LP),1470,Silver I (95 LP)
2026-07-29T19:35:06,떼그라떼그라떼그라떼그라떼그라떼,kr12,KR,Ranked Flex,Motaju,1382,Silver I (7 LP),802,Bronze II (52 LP)
2026-07-29T20:43:08,SasimySean,4174,KR,Ranked Flex,Sean,956,Bronze I (81 LP),1015,Silver IV (15 LP)
2026-07-29T20:43:14,일회용라이타,KR1,KR,Ranked Flex,Sean,749,Bronze III (100 LP),1051,Silver IV (51 LP)
2026-07-29T20:43:24,떼그라션2,4174,KR,Ranked Flex,Sean,1291,Silver II (41 LP),1021,Silver IV (21 LP)
2026-07-29T20:43:31,떼그라션,4174,KR,Ranked Flex,Sean,774,Bronze II (24 LP),1003,Silver IV (3 LP)
2026-07-29T20:43:38,떼그라숀,4174,KR,Ranked Flex,Sean,765,Bronze II (15 LP),1015,Silver IV (15 LP)
2026-07-29T20:43:47,떼그라대,dani,KR,Ranked Flex,Dani,988,Bronze I (100 LP),544,Bronze IV (44 LP)
2026-07-29T20:44:04,떼그라월,1234,KR,Ranked Flex,Wallace,988,Bronze I (100 LP),917,Bronze I (42 LP)
2026-07-29T20:44:27,떼그라호,0627,KR,Ranked Flex,함팀장님,1249,Silver III (100 LP),1043,Silver IV (43 LP)
2026-07-29T20:44:37,qwer,a000,KR,Ranked Flex,함팀장님,1624,Gold IV (100 LP),1630,Gold III (5 LP)
2026-07-29T20:44:43,거북이,0627,KR,Ranked Flex,함팀장님,1659,Gold III (34 LP),1514,Gold IV (14 LP)
2026-07-29T20:45:00,떼그라클,k91,KR,Ranked Flex,Michael,1113,Silver IV (100 LP),900,Bronze I (25 LP)
2026-07-29T20:45:23,펑키왈숙,6117,KR,Ranked Flex,Motaju,848,Bronze II (98 LP),1047,Silver IV (47 LP)
2026-07-29T20:45:32,떼그라쥬,RTG,KR,Ranked Flex,Motaju,2081,Platinum IV (81 LP),1470,Silver I (95 LP)
2026-07-29T20:45:52,떼그라떼그라떼그라떼그라떼그라떼,kr12,KR,Ranked Flex,Motaju,1382,Silver I (7 LP),802,Bronze II (52 LP)
